"Fact_ID","Taxon_Fk","AreaLabel","StatusLabel"
"3abe7393-66a0-4034-9d99-be318ddb9a0b","c849a63b-e2be-473c-9a81-ec1e21da89d0","Sumatera","present"
"3d89b56a-0391-4199-917a-8254eb39441c","5c6f0c1a-4a36-4573-89d4-fbdb9f89e0fa","Malaka","present"
"1bc4f9e2-1542-4c99-8013-4c0c6c3f4cb6","8dc0d471-d997-4cc5-8800-5985caeb0320","Nassau Mts","present"
"6d74c7f0-d241-4129-8a40-be104193bc73","b63072d4-bb86-4255-b64e-2d4c8165f88d","Sorong","present"
"33349082-b58f-452d-bb21-b3009a395978","c849a63b-e2be-473c-9a81-ec1e21da89d0","Thailand","present"
"842c7254-e892-42ea-b781-d3189c626bb4","655a645e-71a3-41f6-9188-0b31629cb185","Agusan","present"
"bf1c2332-1564-4e43-bb1b-e950bd9680c6","61dd747f-2409-4a09-850d-28770acc280d","Kalimantan","present"
"5c0be45e-9ea6-45a7-b661-f3536f777171","8e4fee6a-edb8-4034-845b-896dd28d9048","Mt Kinabalu","present"
"d0f72159-cf8d-49a6-8909-fe5edb627060","7cf2b0dc-641f-4a59-9548-1148f3a2830e","N Sumatra","present"
"b48dfa06-015d-4092-bd27-766d1327bfb0","be51d6ac-481b-4326-b6cf-f9c659e8626b","Sumatera","present"
"bd0eb773-1429-43b7-a8a8-9a1d426af6ad","5868cc94-4ac3-4a1b-8daf-ceae91ead415","Jambi","present"
"fef54726-0c57-47d7-ae9e-7367a478f467","2d816925-bff9-4293-b4ac-a591e3f24d60","Sabah","present"
"a0b79055-cb52-4f4f-bf25-29cd28cda698","a0f4770e-5076-43e4-950f-01166e65669d","Borneo","present"
"b603a851-8273-42dc-b52a-b7407b200b2e","a0f6cd60-dc52-40da-b122-8c7b2b538bdb","Sabah","present"
"84583a55-f413-4faa-a9f0-82c48c21602b","966896bd-2913-4936-ba80-1ad2f8fc0bc8","Borneo","present"
"29ecfd94-5cea-4ff4-bb0d-3d229f85008b","9cff31a0-d096-4edc-b363-19a0eed67c69","Mulu National Park","present"
"d0de4734-0e7d-49fa-a9d3-91d0d6284ac8","8746d8c3-fa0a-4d6f-9fdb-11b77fb0a8fd","Peninsular Malaysia","present"
"472b3705-8380-4b12-87b1-dbe5c3f44d81","2cf267ed-66d4-43a8-a98b-826a30872f21","Borneo","present"
"9cabaaa1-0dca-4a79-bfcb-6049741c98ab","cc72c096-3a56-4b47-ad97-68cb82300e21","Mt Kinabalu","present"
"ea570a18-4e77-4c67-b47d-e679dc9a4106","ef5d1e47-1740-451a-9406-da7c8ff560a2","Mt Tambuyukon","present"
"772d344a-8dd9-4709-8d91-688f0ee6840e","c29e1d83-b2b2-46fb-ac8c-ce48cc3d6d86","Sabah","present"
"dea3b9d0-8ad5-4a80-a494-e8b09b6ba7f4","8e4fee6a-edb8-4034-845b-896dd28d9048","Sabah","present"
"d3883761-8184-4388-a61a-a0febf28d4b4","26155c63-e1ae-4181-8879-067e2a177891","Kalimantan","present"
"df03d23c-3592-4ab3-9904-c9b6b307f7d5","671f2545-b389-4cd7-a519-b0a0d9fb9036","Peninsular Malaysia","present"
"bb2cbab7-3515-47ac-ab83-415727613b85","bcd0ec1f-3d36-4f6f-9736-49ed8b5d9137","Tama Abu range","present"
"5c174f84-5ff8-480f-afe6-cfcc43aa8797","43ad795e-847b-41e0-ac37-9cdd1e4bb3d0","Borneo","present"
"d1070275-1b00-4fb8-b183-6f3fa20f8473","82631b1e-bcde-4194-969c-51240e8f7a02","Borneo","present"
"d32d9434-6fc0-4375-b41b-a8be4397bde5","afd23672-12b2-403b-9171-8adedee32bfd","G. Kemal","present"
"38e17cc1-eb1b-4851-90ae-07445e3754a3","afd23672-12b2-403b-9171-8adedee32bfd","Borneo","present"
"91933346-7942-4582-a820-8d7959283332","63a62be1-aaa7-4e54-ba9c-22791eb46a5a","Philippines","present"
"d476f611-4bc7-49f1-b445-30c58cf5719c","842409ec-cc1f-4525-9c2f-e9d7425cdd6f","New Guinea","present"
"d3ee7154-730f-4ab4-b592-945edc499e73","671f2545-b389-4cd7-a519-b0a0d9fb9036","Sumatera","present"
"a4972a9d-176c-4bc3-8d14-af03541a4256","7e1deccf-4de2-4fed-b5c5-418ea8c20704","Bukit Lesong","present"
"a6d3742a-24a5-48ad-b034-5dcf36a12817","9ddace6f-0c48-47da-84c4-52407842dcb9","New Guinea","present"
"1c31c999-8ccb-4a01-b699-45472c0fb6c7","4430f7cc-14a7-4079-88ba-fb5586746c28","Panay Islands","present"
"4173d519-dc26-47fe-9033-282303a266d7","1872ebab-129c-4fc0-8d3c-26a6cc77a19c","NE Sarawak","present"
"53628db8-1b13-43db-85eb-775a57bd1bac","cc72c096-3a56-4b47-ad97-68cb82300e21","Sabah","present"
"a8239eba-4a99-42b0-abae-b298cba2a23e","63a62be1-aaa7-4e54-ba9c-22791eb46a5a","Surigao Province","present"
"4370f16c-75e8-4920-9e8a-cecd1187e08d","7c6b1596-3c35-4b7c-ad91-fed63b8fc274","C Sumatra","present"
"857bb8bc-f868-4bf7-99f1-237da5d93a4f","34178b84-84ef-48b8-b420-a0665402d8d4","Palawan","present"
"2cf7de3a-f9c8-4534-9011-88b2860f5d7d","cee85996-0d41-4834-8c71-c00ec2818b8b","N Sumatra","present"
"cd2a9f66-5aa3-4b36-a7f4-6beb40476029","ee9194a6-53a1-4048-aeba-86fd99b6b62d","Thailand","present"
"8dbc64d6-5b3e-4163-b41c-e2b1fbe56a95","7e1deccf-4de2-4fed-b5c5-418ea8c20704","C Kalimantan","present"
"8e560a3c-725c-4e48-9dde-6e153b721146","bcd0ec1f-3d36-4f6f-9736-49ed8b5d9137","Batu Lawi","present"
"03752dd1-87b1-42b4-a61e-463f0a0c6a36","ef5d1e47-1740-451a-9406-da7c8ff560a2","Borneo","present"
"2846ca2c-5d3c-4f67-8f03-28a7ed36952b","5c6f0c1a-4a36-4573-89d4-fbdb9f89e0fa","Terengganu","present"
"4a8c4edd-aa59-47d6-b08f-05f085cc0604","f6962536-ed51-44c9-bb5c-104b576d5b79","C Sumatra","present"
"0933f7ba-54bd-409f-97fd-0241f72a19a7","ee9194a6-53a1-4048-aeba-86fd99b6b62d","Peninsular Malaysia","present"
"e256e05d-be61-40c9-a081-dbc0c2a40c0c","c849a63b-e2be-473c-9a81-ec1e21da89d0","Singapore","present"
"25104197-95c1-4adf-92bf-f0c41f2d3a2b","a924e211-5a50-45e8-a249-33a638798eea","Singapore","present"
"bdbf5228-ae80-47c8-889c-fcb10b55a074","63a62be1-aaa7-4e54-ba9c-22791eb46a5a","Mindanao","present"
"c44a3d5b-80eb-431c-bfdc-1a6c1374bcbf","8e38447d-3278-4ce0-b5c7-92dac7711bc1","SW Sabah","present"
"af125326-6a69-4bea-947b-15e384cc2b5f","8e38447d-3278-4ce0-b5c7-92dac7711bc1","Sarawak","present"
"f3298070-4449-4980-b82c-64333572c956","f1e7d2a9-1f4b-4893-9d69-f224914a73df","Sulawesi","present"
"190aba96-73c3-4b13-b269-2ea2d35eda6d","be51d6ac-481b-4326-b6cf-f9c659e8626b","Aceh province","present"
"5d4a607f-729f-4c24-8c9d-6a6cdf39c072","4886eea1-0fc5-48ab-91eb-848b0bca45fe","Waigeo Island","present"
"2ed4c9f0-171b-44ea-93e7-a02c10dec6d8","3f390054-da91-4f76-85d4-085e127be957","Philippines","present"
"12ce813f-812b-421c-bd1e-3f46cb38c65b","791ab48d-bdeb-45a6-85b0-d618586038e2","C Sulawesi","present"
"ac880185-0d19-475a-a3c3-0e405a8b06a2","671f2545-b389-4cd7-a519-b0a0d9fb9036","Singapore","present"
"c0bafc27-a85e-4c38-8141-a539d75a9a6e","a924e211-5a50-45e8-a249-33a638798eea","Peninsular Malaysia","present"
"c4670251-e4c9-4a63-8ae4-84b41d3d29d8","4430f7cc-14a7-4079-88ba-fb5586746c28","Mindoro","present"
"fd477e8e-257d-4f0e-b9a4-d12c242df781","3f390054-da91-4f76-85d4-085e127be957","Romblon Province","present"
"0a7ee537-4855-442b-980d-68d7e6afb009","966896bd-2913-4936-ba80-1ad2f8fc0bc8","Sumatera","present"
"edf36235-0280-4d7d-a271-5f663b034f47","25c13624-3eaa-4625-b1c3-0bfe6fb33ec7","Borneo","present"
"5054d6b5-cbef-441a-a9a0-ff18c747db35","42513eef-9429-434a-afba-acdc6b7bdc0c","G. Lumut","present"
"a1bff9b3-f9a3-4438-a4eb-2a0f2beafc58","d778ee69-3708-446b-984c-3e616fefec88","Borneo","present"
"fdfa3797-e26d-4b52-a93c-3b3b25ffc064","2cf267ed-66d4-43a8-a98b-826a30872f21","New Guinea","present"
"b28cb0d5-81ea-448a-99b4-0bd2835be3e9","2b18f131-e023-4948-b0f0-6a80a13adf8f","Mts Kinabalu","present"
"e4d9e89a-1d03-4606-b13c-f84d37ca2089","2fd58529-59da-4ea6-927d-5a51a6204dc7","Borneo","present"
"9dcad2f3-6c10-47fa-a2b7-2c20b6eadf5e","8dc0d471-d997-4cc5-8800-5985caeb0320","Irian Jaya","present"
"7e0ffadb-55bd-4440-95de-b5596e081f34","b90ee945-f7c9-43fa-88a4-f23aa18bbd12","Sarawak","present"
"e2069083-742d-4c57-a8c7-34e73e3d5d4c","825aea69-5847-483a-b176-07d2e56a1e81","S Sumatra","present"
"b7477c32-58b2-4541-bd9c-d861673825dd","8e38447d-3278-4ce0-b5c7-92dac7711bc1","Brunei","present"
"11d5a8b2-72e5-415f-a2d3-e26b2b970c65","b0b48d86-349b-48f2-af44-a52b469a5142","Mt Pangulubao","present"
"1a8c737a-6f7d-4413-943f-ef8f7c8b890f","9ad65c6d-441b-4083-8955-75ff07f05d3f","New Guinea","present"
"4c56d087-9299-4b75-9b29-326f4d289486","34178b84-84ef-48b8-b420-a0665402d8d4","Philippines","present"
"2697fd96-69c6-4440-bb5a-be9777e27864","5868cc94-4ac3-4a1b-8daf-ceae91ead415","Mt Kerinci","present"
"81b1b005-c73b-4758-afb5-5cd9d883d4d5","8dc0d471-d997-4cc5-8800-5985caeb0320","Wissel Lakes","present"
"6b420ece-63dd-4c38-a0b9-bf4808e97e10","2b18f131-e023-4948-b0f0-6a80a13adf8f","G. Buli","present"
"3eafabb1-97ed-4808-a720-93870baf116c","43ad795e-847b-41e0-ac37-9cdd1e4bb3d0","E Kalimantan","present"
"697b816a-aa2a-429c-a31d-bb153c06bba2","cc72c096-3a56-4b47-ad97-68cb82300e21","Borneo","present"
"a8bbe0b6-c7a5-46d8-accd-907e5f5dad9f","4886eea1-0fc5-48ab-91eb-848b0bca45fe","Halmahera","present"
"f43bfb5c-cbf6-4379-84bb-95b14769b5f1","61dd747f-2409-4a09-850d-28770acc280d","Borneo","present"
"7cb4cca4-ef9a-4736-afde-d6ba7a849569","a0f6cd60-dc52-40da-b122-8c7b2b538bdb","Brunei","present"
"3245a39a-b4d2-45c1-abee-5f390a84979e","8fe61a1e-3d4d-44f5-8044-f99d33aae03b","Sumatera Utara","present"
"97d596f3-88c6-4f81-94a0-2403ee380492","a924e211-5a50-45e8-a249-33a638798eea","Borneo","present"
"42852a9c-8747-40c4-96c4-5002875e36cb","a0f6cd60-dc52-40da-b122-8c7b2b538bdb","Kalimantan","present"
"0f404b5f-2cf3-4d46-9564-7de4b6645f87","655a645e-71a3-41f6-9188-0b31629cb185","Philippines","present"
"a3fe0edb-1d2d-4981-b1ba-025e3649991f","8fe61a1e-3d4d-44f5-8044-f99d33aae03b","Aceh","present"
"abf31353-658d-4683-a04f-dd975e91167f","42513eef-9429-434a-afba-acdc6b7bdc0c","G. Poka Pindjang","present"
"46f82033-81e4-4bcd-ace9-dafee3321e1f","8e38447d-3278-4ce0-b5c7-92dac7711bc1","NW Kalimantan","present"
"d8b1d68d-9347-40bc-8c06-fe7ae3d8b744","4430f7cc-14a7-4079-88ba-fb5586746c28","Philippines","present"
"489c4e1c-b245-454c-a0dd-48bc275c4294","2b18f131-e023-4948-b0f0-6a80a13adf8f","Trus Madi","present"
"721c2bd2-5425-4213-8cef-5acc7e8a0681","5c6f0c1a-4a36-4573-89d4-fbdb9f89e0fa","Selangor","present"
"02003d16-463c-4d16-a988-a105e42e0c20","2cf267ed-66d4-43a8-a98b-826a30872f21","Peninsular Malaysia","present"
"5bfdaf7f-328f-4df4-bb1c-7c58d9103516","500ddb98-728b-4929-9836-c53ea6b3df70","Thailand","present"
"26d7cd89-71e9-4e75-a3c5-658ccd46dcd2","53d8bdee-f688-4c98-a90a-ef794bc23845","Peninsular Malaysia","present"
"fd34cf3a-7a0c-4b46-8762-a3540cc0ccae","c29e1d83-b2b2-46fb-ac8c-ce48cc3d6d86","Kalimantan","present"
"c56e6933-2e62-4c68-838b-b6176203d241","2d816925-bff9-4293-b4ac-a591e3f24d60","Borneo","present"
"d60cfb15-dca4-40cd-93d9-5df31901ebb3","c849a63b-e2be-473c-9a81-ec1e21da89d0","Sulawesi","present"
"7e4e69d0-3e6d-4c22-9667-d68d985ed3ce","d459406c-2d57-4108-967a-dc7f16557b0e","C Sulawesi","present"
"0839c1a9-a3b3-4135-8f97-627ff521114e","9ddace6f-0c48-47da-84c4-52407842dcb9","Irian Jaya","present"
"819cfbb0-c9bc-48c7-b91d-79f95d85a8e9","2365f166-3943-400f-a157-10d113df55f1","Mt Ophir (S. Barat) to G. Dempo (S. Selatan)","present"
"13ab3d2d-79c2-42f5-b549-67fe10873f35","8fe61a1e-3d4d-44f5-8044-f99d33aae03b","Angasan to Lake Toba","present"
"151ce932-aa9f-4a28-91dc-a851b686c2dd","9cff31a0-d096-4edc-b363-19a0eed67c69","Borneo","present"
"7a5f1e2c-8db1-47e2-ac58-b76cc4b92d86","8746d8c3-fa0a-4d6f-9fdb-11b77fb0a8fd","western mountain ranges","present"
"01822ae1-62ba-424f-91a2-0665848f0049","7e1deccf-4de2-4fed-b5c5-418ea8c20704","Borneo","present"
"141da4d3-6cde-4456-87ed-0f15f7cbf4be","5d37e489-a7d8-4a6e-9f93-1df704a88b01","Philippines","present"
"b549095c-cb44-4bf8-addc-bd0bb50a6675","26155c63-e1ae-4181-8879-067e2a177891","Sabah","present"
"ee3dc82c-7d0e-4ba3-87c2-688f2d7e6ce9","24394a13-b20b-4f53-bcb2-90a9fdd17253","Sumatera","present"
"a9696e16-6a3a-4b60-b392-14b0362140a7","3531ac7c-5d81-4c1f-b559-ade08d8a40cf","Bau","present"
"d318bbae-5103-49bd-a6ab-46a5f378cfd9","82631b1e-bcde-4194-969c-51240e8f7a02","Mt Kinabalu","present"
"68647799-3111-4f5f-b1f9-27f2cbbc8301","1872ebab-129c-4fc0-8d3c-26a6cc77a19c","Borneo","present"
"f1fbfe98-e14f-4423-a489-9fbc7cd81a3f","53d8bdee-f688-4c98-a90a-ef794bc23845","Banjaran Timur","present"
"57ecb356-4bc6-4ac4-8c3d-831d626e8e08","dcf4f8ee-afaa-41bf-8a07-422aba5ea7b0","Sabah","present"
"06714563-76f1-4eec-8c22-a419d441ebbf","2b18f131-e023-4948-b0f0-6a80a13adf8f","Mt Mulu","present"
"56b01938-1095-47fb-9813-b705e38da42f","5c6f0c1a-4a36-4573-89d4-fbdb9f89e0fa","Peninsular Malaysia","present"
"d9d4ed09-ab68-4e28-85c0-ea2382f4beff","b80dc892-5ef7-4b3f-9ce1-7a340d7c1ca7","d’Entrecasteaux archipelago","present"
"d90db09d-6f61-4d32-8593-c0d959ca80d1","2b18f131-e023-4948-b0f0-6a80a13adf8f","Tama Abu range","present"
"0f8c5a7a-51a1-42c6-adf9-f8f61eb9493e","008ec10c-3008-441e-a91d-7d44aae292c9","Palawan","present"
"c8da995b-c45b-4df0-b136-407117db1071","43ad795e-847b-41e0-ac37-9cdd1e4bb3d0","Malaysian Borneo","present"
"c7069119-dced-4f2c-9e76-ff8981f14c30","75846ccc-c721-4381-ac18-1d01d2b62131","Sabah","present"
"8c4a2d1d-8e40-41d1-9fbb-c46df1841895","b80dc892-5ef7-4b3f-9ce1-7a340d7c1ca7","New Guinea mainland","present"
"0328aca3-a202-4355-b648-b52f155c29fc","7cf2b0dc-641f-4a59-9548-1148f3a2830e","Aceh to Lake Toba","present"
"7de6e506-5823-4443-af57-aa5ad7d658ec","2b18f131-e023-4948-b0f0-6a80a13adf8f","Kalimantan","present"
"67b7c6c7-0432-4b3f-b17c-8ceee7969178","3531ac7c-5d81-4c1f-b559-ade08d8a40cf","Borneo","present"
"0720e76e-98da-4009-9914-718b1c6a2818","a0f4770e-5076-43e4-950f-01166e65669d","G. Sakoembang","present"
"b1d7cdda-1c06-402f-9e97-e2ac45e7dd40","c29e1d83-b2b2-46fb-ac8c-ce48cc3d6d86","Brunei","present"
"1c13a904-6103-4496-a514-fe4a36c8d7ed","61dd747f-2409-4a09-850d-28770acc280d","Brunei","present"
"f24c1065-6ff2-4625-9d14-37abea2b2501","cc72c096-3a56-4b47-ad97-68cb82300e21","Mt Tambuyukon","present"
"f373d694-52a5-4cb1-94b8-7b2b5e61d9e5","a2636838-9fec-4ce9-bb13-0e067554190f","Lake Toba to G. Leuser","present"
"2d63f24d-fc91-4d3b-a631-e88c07f9a959","afd23672-12b2-403b-9171-8adedee32bfd","W Kalimantan","present"
"71688c9a-af8c-4d98-bbc1-a0b5b340990c","b63072d4-bb86-4255-b64e-2d4c8165f88d","Misool Islands","present"
"0ad9b216-ba65-4e57-8423-1d41c33a040d","17e37aa2-2801-4d4b-88c9-e1723b0364c0","G. Pangulubao","present"
"91f0b1e8-1613-486f-ad40-333a0336696e","5c6f0c1a-4a36-4573-89d4-fbdb9f89e0fa","Kelantan","present"
"ff7068df-0efa-4d75-9938-671426a8bc42","26155c63-e1ae-4181-8879-067e2a177891","Borneo","present"
"f4540080-17fc-4785-b592-77fe6567af19","9f0d039c-5061-45c5-a0af-b96342a256b8","Philippines","present"
"442617f3-7606-4a95-b221-9cde90b0eee4","30800db7-0923-4332-a700-323f8a6d8dd9","from Lake Toba in the north to the Padang region in the south","present"
"db41c227-9890-4b7a-a98b-5708b91a35e5","5d37e489-a7d8-4a6e-9f93-1df704a88b01","Surigao","present"
"dfc71ac1-1a99-4d62-b4d7-7ac5d7a11cb8","2b18f131-e023-4948-b0f0-6a80a13adf8f","Sarawak","present"
"2230ba53-c64c-4773-84c8-5e288710a1c8","3531ac7c-5d81-4c1f-b559-ade08d8a40cf","Sarawak","present"
"68e01073-366c-4671-b5d8-75a866c3a518","b0b48d86-349b-48f2-af44-a52b469a5142","Sumatra (N)","present"
"bf16e6b0-f736-4bd1-b091-2c186f4fdc66","2b18f131-e023-4948-b0f0-6a80a13adf8f","Bario","present"
"e20d8560-5812-40ad-8e2b-5d3c7d8d510c","c849a63b-e2be-473c-9a81-ec1e21da89d0","Peninsular Malaysia","present"
"6413779b-c678-4e04-8f8e-1480c883e502","842409ec-cc1f-4525-9c2f-e9d7425cdd6f","Sulawesi","present"
"c4352ed7-1acc-4cf2-a94e-2cbb5ab5f5ab","42513eef-9429-434a-afba-acdc6b7bdc0c","Mt Tambusisi","present"
"5e1b2fc3-de4b-4869-98ba-51f310e45c3a","2cf267ed-66d4-43a8-a98b-826a30872f21","Sumatera","present"
"4a35409c-c977-4b0c-94e5-746caf293f7b","a0f4770e-5076-43e4-950f-01166e65669d","Meratus Mt Range","present"
"c80cd183-a3ea-4fe9-a0d5-b29b37364340","b63072d4-bb86-4255-b64e-2d4c8165f88d","W New Guinea","present"
"f14ba567-0db1-44a9-8314-d7dd84f20d1f","5af0f5cf-14bc-485c-ac63-0689ee18f328","Sumatera","present"
"572fb75a-e9f7-4884-89cd-0dce78f5ab57","4e90c47a-83c0-442f-a926-c2af91bfa942","Doorman","present"
"36e31b10-9491-46b1-a796-8ef85a73c5af","9ad65c6d-441b-4083-8955-75ff07f05d3f","southern Irian Jaya","present"
"2ac3e481-eb9a-46d5-9c40-26b226af5180","a0f4770e-5076-43e4-950f-01166e65669d","G. Besar","present"
"199e7b6c-3377-4b64-8759-915ed92f0044","8e4fee6a-edb8-4034-845b-896dd28d9048","Borneo","present"
"bd33bd9a-905a-42bc-808b-f696070245c6","f8ae43e4-a639-4441-a525-58ea0ab36476","Sulawesi","present"
"faf51815-2b2e-4672-96ec-a5ae3f6ffbdd","966896bd-2913-4936-ba80-1ad2f8fc0bc8","Peninsular Malaysia","present"
"13c27433-1951-4a6b-b7cf-2045f2604f44","5af0f5cf-14bc-485c-ac63-0689ee18f328","C Aceh","present"
"43e26e66-e202-4f2c-bdc8-9b41b575aca1","8dc0d471-d997-4cc5-8800-5985caeb0320","New Guinea","present"
"9c84bf52-815b-4390-aa7c-352e5ce83004","42513eef-9429-434a-afba-acdc6b7bdc0c","Sulawesi: C Province","present"
"0e990621-315e-4daf-a531-9afffb9113e5","ef5d1e47-1740-451a-9406-da7c8ff560a2","Mt Kinabalu","present"
"35f787e9-9660-4aa7-a405-f511b3737367","2d816925-bff9-4293-b4ac-a591e3f24d60","Mt Trus Madi","present"
"9d9900c1-400a-45c6-8869-bc76a5b22b57","b90ee945-f7c9-43fa-88a4-f23aa18bbd12","Mt Murut","present"
"75598cc2-33d6-4b44-a2ef-1d759bc75e15","42513eef-9429-434a-afba-acdc6b7bdc0c","G. Sojol","present"
"abba2a69-089a-4003-80f5-a37292dc7e18","a924e211-5a50-45e8-a249-33a638798eea","Sumatera","present"
"99f73f0b-b6fa-4042-b5ea-7b8bb144556c","a2636838-9fec-4ce9-bb13-0e067554190f","Sumatera","present"
"38def785-a51c-499c-a7d1-cdb43abf8484","7fd7a845-a58f-442b-b307-bb9026be3efa","Philippines","present"
"9437b05b-70ca-43cf-b974-8f27a8416f7b","c849a63b-e2be-473c-9a81-ec1e21da89d0","Borneo","present"
"3e8db3f6-40c2-4e32-a664-80e649083225","75846ccc-c721-4381-ac18-1d01d2b62131","Sarawak","present"
"78fdf7ae-120e-4d5f-8df2-26ffa0a5562c","9cff31a0-d096-4edc-b363-19a0eed67c69","Sarawak","present"
"420d7feb-2490-4573-babe-e14a8ba57cf1","82631b1e-bcde-4194-969c-51240e8f7a02","Mt Tambuyukon","present"
"93f2b9b6-6f0e-4cd7-b52e-3c87ca457fca","b5b233a0-2718-4ee0-9896-bc0d01a136e0","Telupid, Borneo","present"
"e682676a-57c5-42d0-9e60-2d5fb9f7a81c","a0f4770e-5076-43e4-950f-01166e65669d","G. Sarempaka","present"
"afee301e-74c4-41d1-a156-b5515bea457f","82631b1e-bcde-4194-969c-51240e8f7a02","Sabah","present"
"551718ae-823b-4d3d-b2b5-16e8d522521c","5d37e489-a7d8-4a6e-9f93-1df704a88b01","Agusan","present"
"cebccc98-5561-48b2-8896-a98b78c6a57f","5c6f0c1a-4a36-4573-89d4-fbdb9f89e0fa","Pahang","present"
"aa4288c6-0009-45fc-9d8a-d4af0dd4494f","2b18f131-e023-4948-b0f0-6a80a13adf8f","Mt Murud","present"
"b016ee77-71ef-4969-92c8-dc8587218771","5c6f0c1a-4a36-4573-89d4-fbdb9f89e0fa","Perak","present"
"6946ef30-6689-452b-8c84-36b9615f6129","fb5db665-a1a6-41eb-b2ce-5c472e978d3d","W Kalimantan","present"
"e5878e6b-d4b9-4dc0-b502-da4df03861d5","2b18f131-e023-4948-b0f0-6a80a13adf8f","Brunei","present"
"dc690d46-dc42-4a9e-b9eb-01a4e6e120f1","842409ec-cc1f-4525-9c2f-e9d7425cdd6f","Maluku","present"
"b408139a-c4e5-4f72-91ee-b80ba2771fd6","8746d8c3-fa0a-4d6f-9fdb-11b77fb0a8fd","Banjaran Titiwangsa","present"
"19509950-066a-4d31-8b78-24c37b73f620","9ad65c6d-441b-4083-8955-75ff07f05d3f","Fakfak to Balim Valley","present"
"6587088d-bfdd-413b-9891-a1677d7f311e","d778ee69-3708-446b-984c-3e616fefec88","Sumatera","present"
"769dcd2b-a0e0-431b-95ba-bfd89c72731b","c29e1d83-b2b2-46fb-ac8c-ce48cc3d6d86","C Sarawak","present"
"29281d44-245b-4c61-8555-3fe26cc68086","f8ae43e4-a639-4441-a525-58ea0ab36476","Borneo","present"
"136a577f-81ca-491b-ae40-2512a2cfbfc7","4e90c47a-83c0-442f-a926-c2af91bfa942","New Guinea","present"
"6e763076-e391-433b-97a8-0514f01e44d9","7e1deccf-4de2-4fed-b5c5-418ea8c20704","Bukit Raya","present"
"833bea46-4b21-4dc6-8267-9d1cf320f998","9f0d039c-5061-45c5-a0af-b96342a256b8","Luzon","present"
"fbdf403c-39f9-4319-b585-537f3fe40b7b","25c13624-3eaa-4625-b1c3-0bfe6fb33ec7","Sabah","present"
"5fb7fd07-fda7-4815-b28d-35938a417c5b","500ddb98-728b-4929-9836-c53ea6b3df70","Peninsular Malaysia","present"
"816749e8-0ff8-42c9-b12a-039fe59c2d3c","8e38447d-3278-4ce0-b5c7-92dac7711bc1","Borneo","present"
"a6b6dce8-10cd-4a4a-bbdc-b0f8019135f6","fb5db665-a1a6-41eb-b2ce-5c472e978d3d","Mt Kelam","present"
"a4813e41-aa39-4580-b037-b248291843fd","655a645e-71a3-41f6-9188-0b31629cb185","Surigao","present"
"45e31ecc-3e59-492a-a802-1470d27fac95","4e90c47a-83c0-442f-a926-c2af91bfa942","Irian Jaya","present"
"87946f0d-6969-424c-979c-067039eb95a1","b90ee945-f7c9-43fa-88a4-f23aa18bbd12","Borneo","present"
"d7bb8674-346d-41f4-8553-b0c55b8561c6","b0b48d86-349b-48f2-af44-a52b469a5142","Mt Sipualai","present"
"df25d526-0e5a-48e9-8027-1a876835f8c5","42513eef-9429-434a-afba-acdc6b7bdc0c","Tomongkobae Mts","present"
"b946e534-e509-4d18-b82c-1914f8d5f76f","ef5d1e47-1740-451a-9406-da7c8ff560a2","Sabah","present"
"752e6b7a-bb13-4ac7-a5fc-a117d277ef6d","43ad795e-847b-41e0-ac37-9cdd1e4bb3d0","Ilas Bungaan","present"
"a41b5428-8615-46fb-afd8-aa9df077c6fc","30800db7-0923-4332-a700-323f8a6d8dd9","Sumatera","present"
"793eefce-a248-453b-a745-d79f67f9ad90","9ddace6f-0c48-47da-84c4-52407842dcb9","Biak Island","present"
"0f135128-6899-49e6-b48a-8b701185183c","2b18f131-e023-4948-b0f0-6a80a13adf8f","Hose Mts","present"
"2b9f4ec9-f629-4bbb-849a-bb9165bfe83a","53d8bdee-f688-4c98-a90a-ef794bc23845","G. Tahan","present"
"01705031-74f5-4037-b9d3-a9ef84298c12","4886eea1-0fc5-48ab-91eb-848b0bca45fe","New Guinea","present"
"6fc5da15-bca3-46d4-a86c-42c738dda474","8ebe9c48-7139-4b3e-8e46-8837cda360ba","Sambaliung Range","present"
"87422e50-091b-43d4-9c09-2dcc8f0543e6","c30f4ed6-c9e5-4f10-a958-84cb47451d44","Borneo","present"
"e31e2644-2c76-4a81-8a7f-18467e5e7d84","bcd0ec1f-3d36-4f6f-9736-49ed8b5d9137","Borneo","present"
"1d1217e3-ad3f-4afb-8e9b-bc079a1c5e30","a0f6cd60-dc52-40da-b122-8c7b2b538bdb","Sarawak","present"
"d4d702ef-9825-4399-84dd-9360db18c41c","671f2545-b389-4cd7-a519-b0a0d9fb9036","Borneo","present"
"eea4ee8f-d80e-4701-90f3-7c73aa8e93aa","008ec10c-3008-441e-a91d-7d44aae292c9","Philippines","present"
"087dc940-069b-4b15-82d1-3d1d46139a67","5d37e489-a7d8-4a6e-9f93-1df704a88b01","Mindanao","present"
"9ebfc198-663c-4080-9935-7bffbe4d6f5d","2b18f131-e023-4948-b0f0-6a80a13adf8f","Borneo","present"
"4c5502e4-e7bb-444a-9acf-fbc71aecf58a","25c13624-3eaa-4625-b1c3-0bfe6fb33ec7","western slopes of Mt Kinabalu","present"
"cb8d150f-43a9-433c-a4ce-8cf12f99e533","bcd0ec1f-3d36-4f6f-9736-49ed8b5d9137","Mt Mulu","present"
"506d7bfc-fc78-4efc-b7bb-39183239259c","2cf267ed-66d4-43a8-a98b-826a30872f21","Thailand","present"
"750bc339-1f92-45a4-8959-7526cc29045f","c29e1d83-b2b2-46fb-ac8c-ce48cc3d6d86","Borneo","present"
"c8befdef-6550-477e-be5c-fa5073930390","61dd747f-2409-4a09-850d-28770acc280d","Sarawak","present"
"b8ebd45b-29df-4a79-9a43-fa97295a317b","61dd747f-2409-4a09-850d-28770acc280d","Sabah","present"
"a76846f7-f529-4577-a39d-814f6d5ca605","655a645e-71a3-41f6-9188-0b31629cb185","Mindanao","present"
"2e9c0a5b-581a-4a3e-854d-11a6c48047fc","17e37aa2-2801-4d4b-88c9-e1723b0364c0","N Sumatra","present"
"e6ce6411-7bfb-4ddf-8686-0cbfa58b5871","a0f6cd60-dc52-40da-b122-8c7b2b538bdb","Borneo","present"
"421927c2-a45d-4797-a5be-067494dc2918","8fe61a1e-3d4d-44f5-8044-f99d33aae03b","Sumatera","present"
"21e331e8-72ff-4035-b252-373de961851b","8ebe9c48-7139-4b3e-8e46-8837cda360ba","E Kalimantan","present"
"dec08b19-6f39-4387-b474-38fcc5effb7d","bcd0ec1f-3d36-4f6f-9736-49ed8b5d9137","Sarawak","present"
"fd3d75cb-6275-4fdf-85ec-ce5e18ac0e8c","966896bd-2913-4936-ba80-1ad2f8fc0bc8","Singapore","absent"
"e03c1f49-4f71-4dfd-b7fb-bf9b86855019","be51d6ac-481b-4326-b6cf-f9c659e8626b","G. Leuser National Park","present"
"71472de3-e2a4-4737-a611-6c4062351d75","2fd58529-59da-4ea6-927d-5a51a6204dc7","Sabah","present"
"ca12f8d0-dc0f-491e-a1d5-6e43c7a50468","8ebe9c48-7139-4b3e-8e46-8837cda360ba","Borneo","present"
"5d2ea2af-29f7-4230-ba06-0c0eb4e597f0","2b18f131-e023-4948-b0f0-6a80a13adf8f","Sabah","present"
"8b8ef34a-76f1-4455-b5f7-b1d3d9c03b20","b90ee945-f7c9-43fa-88a4-f23aa18bbd12","Gunung Murud","present"
"6f0a73f4-2b8f-4420-bd27-46d60eb24e0f","2365f166-3943-400f-a157-10d113df55f1","Sumatera","present"
"fbf94d50-58c2-47de-8f6c-566192d93349","26155c63-e1ae-4181-8879-067e2a177891","Brunei","present"
"253e7a41-a3a1-4bcd-8e75-ba2f89b9a3d3","c30f4ed6-c9e5-4f10-a958-84cb47451d44","W and C Java","present"
"f83443b3-5dce-4c21-86df-aab049953c6e","75846ccc-c721-4381-ac18-1d01d2b62131","Borneo","present"
"afa15294-351a-4c91-9025-be77cc23e69c","8e4fee6a-edb8-4034-845b-896dd28d9048","Mt Tambuyukon","present"
"654057a8-1cc0-4dc6-9b8f-782652e131cf","53d8bdee-f688-4c98-a90a-ef794bc23845","G. Tapis","present"
"5dbd2f71-29b6-4930-a416-fde95d081179","26155c63-e1ae-4181-8879-067e2a177891","Sarawak","present"
"39554144-8280-4974-8a8d-ff14d084d49a","1872ebab-129c-4fc0-8d3c-26a6cc77a19c","Brunei","present"
"6efd656a-86a5-49d7-a5f9-83b6c91f9c1e","dcf4f8ee-afaa-41bf-8a07-422aba5ea7b0","Mt Trus Madi","present"
"9e85113e-5e3c-4b97-a775-4c64e2b9dfdd","75846ccc-c721-4381-ac18-1d01d2b62131","Kalimantan","present"
"ddf06e5b-4b59-4aa3-bd05-87b8fcbedc3b","4886eea1-0fc5-48ab-91eb-848b0bca45fe","Maluku","present"
"f8c5a7e1-32bb-426f-8932-a678827c2d21","42513eef-9429-434a-afba-acdc6b7bdc0c","Mt Roroda Timbu","present"
"5f779a5d-4507-4c80-9773-ee0acb492cb4","bcd0ec1f-3d36-4f6f-9736-49ed8b5d9137","Mt Murud","present"
"a2c77039-a87a-42a6-83b0-2c4ff7b5db42","7fd7a845-a58f-442b-b307-bb9026be3efa","Sibuyan","present"
"edb8eeb1-1d5c-4195-b453-ade31ba34cea","5868cc94-4ac3-4a1b-8daf-ceae91ead415","Sumatera","present"
"46ef34b4-2f3b-4d95-b0a1-a97b08469f29","dcf4f8ee-afaa-41bf-8a07-422aba5ea7b0","Borneo","present"
"3ffd9fab-3b3a-4212-b7c6-02f04e781592","3f390054-da91-4f76-85d4-085e127be957","Sibuyan","present"
"1a9a234f-d100-4bf6-9a0f-e4b6a604201f","a0f4770e-5076-43e4-950f-01166e65669d","Kalimantan","present"
"df0fb2c4-2fdb-49cd-bfb7-6e3287700d50","fb5db665-a1a6-41eb-b2ce-5c472e978d3d","Borneo","present"
