"HomotypicGroup_ID","HomotypicGroupString","TypeSpecimenString","TypeStatementsString"
"4af8b19b-61a8-40c6-a738-efd0bd4f584e","Nepenthes villosa Hook.","",""
"db65c83c-6600-4e23-9cd5-157a2fbec58d","Nepenthes ×hybrida Hort.Veitch ex Mast.","",""
"fab4f77a-9636-4bd1-9747-f95417717666","Nepenthes ×sedeni Hort.Veitch ex Mast.","",""
"17edd515-1133-4153-a17e-f039577c8f56","Nepenthes adrianii J.Bartoro & A.Wartono","Indonesian, Central Java, Purwokerto, Baturaden, Slamet Mountain, Adrian 1 & 2 Holotype H. Bio Unibraw, Isotype BO.",""
"8809c143-eb26-4855-81a5-09017334f51b","Nepenthes ×dominyana Hort.Veitch ex T.Moore & Mast.nom. subnud.","",""
"3b52f443-3ca0-408a-a63b-2910b412ef0b","Nepenthes ×dormanniana Hort.Williams ex Mast.nom. inval.","",""
"e105639f-5eb0-4008-8dcb-a227b6d56f12","Nepenthes ×edinensis W.E.Dixonnom. subnud.","",""
"d2a26108-6791-4c13-b45b-06c78e059a89","Nepenthes ×ferrugineomarginata Sh.Kuratanom. inval.","",""
"1416fee9-94b3-4313-b893-8149d04ebcb2","Nepenthes ×kuchingensis Sh.Kuratanom. inval.","",""
"c2962483-ffbd-4e4d-9a88-7b3a6b534817","Nepenthes ×lecouflei Kusak.nom. inval.","",""
"65c71865-9e62-4623-a929-80a769767da5","Nepenthes ×superba Hort. ex Dean","",""
"70fc2581-9427-4b78-9d48-a877530684c9","Nepenthes ×tiveyi Hort. ex Anon.nom. illeg.","",""
"e314eb4e-a42f-4d23-acf1-f542b4ca127f","Nepenthes ×hibberdii Williams","",""
"10635dde-1629-4729-86bf-15a20722213e","Nepenthes ×findlayana Hort.Williams","",""
"1895d323-6ec4-41f6-832e-cc5d5edb820d","Nepenthes ×hookerae Hort. ex Becknom. inval.","",""
"1ae0fabe-7da5-47ff-8586-2fbc5d1ec4d9","Nepenthes ×paradisae Hort. ex Beck","",""
"71eedd24-2d46-449c-b2da-ce3e3c69b124","Nepenthes ampullaria f. vittata Hort. ex Beck","",""
"5a7df1e8-0371-4e09-a918-fcb5ff986c12","Nepenthes ×formosa Hort.Veitch ex Anon.","",""
"8e455c04-d41e-427d-99fe-e725870b647f","Nepenthes rubra G.Nicholson; Nepenthes zeylanica var. rubra Hort. ex Beck; Nepenthes zeylanica var. rubra (G.Nicholson) Macfarl.","",""
"31216807-b169-48ce-83e1-90c45b75893a","Nepenthes ×henryana G.Nicholson","",""
"44d60883-5bf4-4723-903b-226e11f92463","Nepenthes excluded original spellings","",""
"44ce79d1-79f3-449f-95c8-bd1a9e3f8018","Nepenthes ×sharifah-hapsahii J.H.Adam & Hafiza","Jumaat H. Adam, JHA 8000, Malaysia, Selangor, Campus Universiti Kebangsaan Malaysia. 2nd August 2001. Holotype UKMB, Isotype UKMB.",""
"0329b3c4-2bfc-4791-93a9-1df14ff14336","Nepenthes speciosa Hort. ex Beck","",""
"4e79740f-1633-4d32-80c2-cca45a9a1459","Nepenthes epiphytica A.S.Rob., Nerz & Wistuba","Indonesia.Indonesia, Borneo, East Kalimantan, Berau Regency, Mount Nyapa formaerly Njapa, along the Kelai River, 1000 m altitude, 25. 10. 1963, Kostermans 21495 holotype, L & Kostermans 21495 Sheets I & II isotypes; K [fide Robinson, Nerz & al. (2011)].",""
"377888f2-6fdb-4f4f-9861-cc74f39c6440","Nepenthes ×pyriformis Sh.Kurata","",""
"bf490ca2-efec-4dc2-aee3-e84558316507","Nepenthes vittata Hort. ex Beck","",""
"afce25d6-12ef-4797-b26a-f3e7e4759164","Nepenthes flava Wistuba, Nerz & A.Fleischm.","Wistuba cult. Wistuba 100201 holo L; iso L, northern Sumatra, 1800 m, material from a specimen in cultivation.",""
"9c3880ee-0ff4-4681-9b4c-cbc341f74167","Nepenthes samar Jebb & Cheek","Gaerlan & Chavez in PPI 26416 holo BRIT; iso PNH n.v., Philippines, Visayas, Luzon, Samar exact locality withheld for conservation reasons, infructescence 21 Aug. 1996. [fide Cheek & Jebb (2013)].",""
"f3edc4c4-7d15-4e67-b49d-f77b1a79133b","Nepenthes gantungensis S.McPherson, Cervancia, Chi.C.Lee, Jaunzems, Mey & A.S.Rob.","Philippines. (Holotype: Philippines, Palawan Island, Municipality of Brooke's Point, summit of Mount Gantung, 1754 m, January 25, 2010. S. McPherson SRM 4 Palawan State University Herbarium PCC, Puerto Princesa, Philippines. [fide McPherson, Cervancia & al. (2010)] ).",""
"fd46f5af-f642-4681-973c-c31d4a6f21c9","Nepenthes ×maculata H.J.Veitch","",""
"09ee0e85-97bd-43fd-a25f-49e823aecef4","Nepenthes ×intermedia H.J.Veitch","",""
"2e77df1b-351a-4d5e-bb2b-1f71eb313720","Nepenthes ×outramiana B.S.Williams ex Anon.","",""
"294d9bd0-9fe5-4aba-bf16-407412a0850e","Nepenthes ×williamsii Hort.Williams ex Mast.","",""
"a91f30d6-58c3-4733-9af6-cbb1d58551fa","Nepenthes ×lawrenciana Hort.Williams ex Mast.","",""
"b5b601df-957f-47db-bb63-1a181cab03d7","Nepenthes ×robusta Hort.Williams ex Mast.","",""
"1f0570c7-76b3-4fb6-96cc-7657da6bb7a9","Nepenthes biak Jebb & Cheek","Cheek 18785 holotype MAN; isotypes BO, K, L, 25   Aug. 2017, cultivated at RBG, Kew 2002-896 from plants donated by Robert Cantley, origin Biak Island.",""
"a9788782-701e-40bc-8c58-d0fd83b1da89","Nepenthes ×mastersiana Hort.Veitch ex Mast.","",""
"169946d8-aa67-40a6-9189-856107f9a3e6","Nepenthes glandulifera Chi.C.Lee","",""
"e33b17fe-9db4-4ed6-af33-792776a8c925","Nepenthes tayninhensis M.Catal. & Kruetr.","(Holotype: Luu et al. 578 VNM, Lo Go-Xa Mat National Park, Tay Ninh Province, Vietnam, 2011.).",""
"b90294e7-5502-48eb-b869-a9ad1f47052a","Nepenthes ×ratcliffiana Hort.Veitch ex Mast.","",""
"b613bf31-b68f-43f3-b5d7-8773480be987","Nepenthes lanata Hort. ex Mast.; Nepenthes lanata Hort. ex Lindennom. inval. ; Nepenthes lanata Mast.nom. nud.","",""
"72d87c33-f9d4-4865-b45f-6bea48765d83","Nepenthes hamiguitanensis Gronem., Wistuba, V.B.Heinrich, S.McPherson, Mey & V.B.Amoroso","Philippines.Philippines, Mindanao Island, Davao Oriental Province, Mount Hamiguitan, trail from San Isidro in mountain forest margins on the summit ridge, 1310 m, March 13, 2007. V. Amoroso and R. Aspiras CMUH00006494, Central Mindanao Univierstiy Herbarium, Musuan, Bukidnon, Philippines CMUH  [fide Gronemeyer, Wistuba & al. (2010)].",""
"f279a757-f985-4e89-be06-67f5eae5715f","Nepenthes ×morganiana auct.","",""
"241f0c6f-8d62-4d8a-a620-7c8b8db829ce","Nepenthes hurrelliana Cheek & A.L.Lamb","",""
"fe3ce9ff-7f77-4a20-949f-3250f16a2c77","Nepenthes ×wrigleyana Hort.Veitch ex Mast.","",""
"e1a0e481-70d0-4f85-9e8b-23e0425ce322","Nepenthes izumiae C.Clarke, Troy Davis & Tamin","(Holotype: Clarke, Davis & Tamin 1309 ANDA, Indonesia, Sumatera Barat, Bukit Barisan, north of Bukittinggi, 13 July 2000.).",""
"f15dcc7c-a93e-4d5e-850d-c34252b7c978","Nepenthes ×rufescens Hort.Veitch ex Anon.","",""
"68f10eed-4748-44dc-a129-f0e55c4063fd","Nepenthes jacquelineae C.Clarke, Troy Davis & Tamin","(Holotype: Clarke, Davis & Tamin 1307 holo, ANDA, Sumatra, Sumatra Barat, Bukit Barisan, north of Bukittinggi, 1700 m, 13 July 2000. [fide Clarke (2001)] ).",""
"af92d3e7-58b0-4fa7-a46d-320a764b4c71","Nepenthes ×northisii Hort.Veitch ex Anon.","",""
"c0ef5fac-7e82-4b5d-bf29-c5c0866db4cf","Nepenthes jamban Chi.C.Lee, Hernawati & Akhriadi","Lee, Hernawati, Akhriadi NP 433 ANDA, Indonesia, Sumatera Utara, Bukit Barisan, south of Padang Sidempuan, 22 April 2005.",""
"99193c8a-bc97-46db-a532-d2049f89c054","Nepenthes ×mixta Hort.Veitch ex Anon.nom. superfl.","",""
"7a0b263b-e178-4d1e-a016-2e44b6ad05b2","Nepenthes lingulata Chi.C.Lee, Hernawati & Akhriadi","Lee, Hernawati, Akhriadi NP 432 holo ANDA, Indonesia, Sumatera Utara, Bukit Barisan, south of Padang Sidempuan, 22 April 2005.",""
"cd5079ac-01ba-4fd3-8596-23b9f6e344de","Nepenthes ×tiveyi H.J.Veitch ex Mast.","",""
"b7ecf3b7-7ca0-47eb-bf4d-c231d2dbc3a3","Nepenthes kampotiana Lecomte","Geoffray 89, 90, 191, 362 all P!, Cambodia, Kampot. [fide Mey (2010)].",""
"f6c49c59-ccb9-40b8-a220-ce6c1fdcc11b","Nepenthes zeylanica V.J.Chapman","",""
"60e4d144-884e-4989-8174-7e733ad2f635","Nepenthes geoffrayi Lecomte","",""
"73d72da3-67df-4c35-a748-8b02e3323e62","Nepenthes vallierae Hort. ex Anon.","",""
"a4bb8588-55f9-455e-a765-8b7541cfeabe","Nepenthes monticola A.S.Rob., Wistuba, Nerz, M.Mansur & S.McPherson","van Leeuwen 19834. (Holotype: BO. [fide Robinson, Nerz & al. (2011)] ).",""
"384bc040-ab2b-4078-b550-7bdd710001a1","Nepenthes viridis Micheler, Gronem., Wistuba, Marwinski, W.Suarez & V.B.Amoroso","Philippines, Dinagat Island, M. Micheler & A. Wistuba s.n. (Holotype: CMUH 00008636.).",""
"8915a39c-ebb9-4bd1-a1fc-6719ea349005","Nepenthes orbiculata M.Catal. & Kruetr.","Catalano 3 BCU 015867, Phang Nga Province, Thailand, 2017. [fide Catalano (2018)].",""
"8e68da82-a7f2-4291-aeb4-938543994f1c","Nepenthes veitchii Hook.f.","Borneo, Lobb s.n. (Lectotype: K.).",""
"c0fd8160-6656-4264-922c-3b9c0485b5e2","Nepenthes leonardoi S.McPherson, Bourke, Cervancia, Jaunzems & A.S.Rob.","(Holotype: Philippines, Palawan Island, Municipality of Narra, close to the summit of Schorn-carp Peak, 1490 m, November 20, 2010. S. McPherson SRM 5 PPC [fide McPherson, Bourke & al. (2011)] ).",""
"ff6adaa2-9d0b-4133-a8d9-c01721a28190","Nepenthes parvula Gary W.Wilson & S.Venter","AUSTRALIA. Cape York, ‘Jardine Swamp’, 11° 06′ 17.85″S, 142° 20′ 13.45″E, 20 m, female fl. 27 August 2012, Wilson & Venter 724 holotype CNS, isotype BRI [fide Wilson & Venter (2016)].",""
"a0fc266d-d497-4051-b85b-5af964e35c64","Nepenthes nebularum G.Mansell & W.Suarez","Mindanao, Philippines, sub-adult pitcher and leaf from specimen grown from seed at Exotica Plants. Collected on 1 July 2016. Mansell NEB14, ex cult.  Holotype: BRI AQ522212 [fide Mansell & Suarez (2016)].",""
"7d3c4032-9665-42d2-abc8-9065973c11d3","Nepenthes talangensis Nerz & Wistuba","G. Talang, 2200 m, W-Sumatra, 6.9.1986, J. Nerz 2501. (Holotype: L. [fide Nerz & Wistuba (1995)] ).",""
"773c758b-937d-4253-9215-c892e220eb25","Nepenthes distillatoria Graham","",""
"d7496389-bd36-42b2-8c1a-02c46098055b","Nepenthes mantalingajanensis Nerz & Wistuba","",""
"bdb9c10e-0bc4-4207-884e-c697e8bea929","Nepenthes distillatoria Aucl. ex Steud.","",""
"b16242aa-2d67-4844-b40e-f73283056f57","Nepenthes veitchii var. striata Veitchnom. nud.","",""
"92254a2e-0a5e-447e-aedf-70bf4c04e11a","Nepenthes masoalensis Schmid-Holl.","Madagascar, Antanampanihy prov., Antalaha district, Serv. d'Agric. d'Antalaha, Ambato, 1949, Zakahosy s.n.P. [fide Schmid-Hollinger (1977)].",""
"6dfc150d-ffb6-4c7d-a2e9-1667b2b33bd2","Nepenthes ventricosa Blanco","Philippines, Luzon, Ilocos Prov., Piddig, F. Blanco.PNH†.",""
"ec924f04-0c03-4371-92dd-9cbee28cb579","Nepenthes micramphora V.B.Heinrich, S.McPherson, Gronem. & V.B.Amoroso","Philippines, Mindanao Island, Davao Oriental Province, Mt. Hamiguitan, alt. 1300 – 1600 m, V. Amoroso & R. Aspiras CMUH 00003545. (Holotype: CMUH. [fide Heinrich, McPherson & al. (2009)] ).",""
"6154ede5-5bf5-4d8d-ab64-4995741e153c","Nepenthes phyllamphora Hook.f. & Thomson ex Hook.f.","",""
"a9cd8404-09a1-459a-8f12-1bd3ed7b78d5","Nepenthes villosa Hook.f.","Malaysia, Borneo, Sabah, Mt Kinabalu, alt. 7000-8000 feet, H. Low s.n. (Holotype: K. [fide Hooker (1852)] ).",""
"105fdbef-cb6b-4a23-a1c6-2c85559f3d32","Nepenthes mirabilis (Lour.) Druce var. mirabilis","",""
"8f3a7483-f658-4ab8-be9b-78d1de9bd0f3","Nepenthes phyllamphora Reinw. ex Miq.","",""
"963d708c-ed08-4b89-b955-5907c0dfd649","Nepenthes deaniana Macfarl.","Philippines, Palawan, Mt Pulgar, Curran 3891. (Holotype: PNH†.).",""
"0629b49f-389c-4c80-993e-d04381f57ad6","Nepenthes kookeriana Hort.Low ex Becc.","",""
"645a76ab-e813-4b1e-bef2-c0ae514b8717","Nepenthes ×cincta Mast.","cultivated from material collected by David Burke in Borneo, J. Veitch & Sons s.n. (Unknown type category: K.).",""
"cc829ab8-7477-48ce-916d-5c7029f726a5","Nepenthes cristata Brongn.","Madagascar, Commerson s.n. (Unknown type category: P.) ; Philippines, Mauban, Nöe s.n. (Unknown type category: P.).",""
"cdd5267f-877f-4de1-a6c0-87908c1e64f4","Nepenthes ×hookeriana H.Low ex Mast.; Nepenthes hookeri Alphand ex Hook.f.nom. inval. ; Nepenthes hookeriana H.Low ex Lindl.nom. nud. ; Nepenthes hookeriana H.Low ex W.H.Baxternom. nud. ; Nepenthes loddigesii W.H.Baxternom. nud. ; Nepenthes hookeri Alphandnom. nud.","",""
"765ca1a9-b386-4220-b988-ddbd7fb6bba8","Nepenthes alfredoi V.B.Amoroso & Lagunday","Philippines, Mindanao, Mt. Hamiguitan Range Widlife Sanctuary Expansion Site, Barangay Luzon, Gov. Generoso, Davao Oriental 345 m a.s.l., N 06° 32.420’ E 126° 08.601’, 12.10. 2016, V.B. Amoroso, N.E. Lagunday and F.P. Coritico, holotype CMUH10856, Central Mindanao University Herbarium CMUH, Musuan, Bukidnon, Philippines. [fide Amoroso, Lagunday & al. (2017)].",""
"b50ac43f-1139-481c-a989-48ea99a4fea2","Nepenthes maxima f. undulata Sh.Kurata, Atsumi & Y.Komatsu","",""
"adc7eb5f-68ba-4e9e-9be8-8baf43182021","Nepenthes lindleyana H.Low ex W.H.Baxternom. nud.","",""
"6884a2e4-f516-4fd3-bb4e-5776b97c4ec2","Nepenthes rafflesiana var. subglandulosa J.H.Adam & Hafiza","",""
"0736ddbd-d062-4a22-a63a-f2fd242d4dc0","Nepenthes malimumuensis Lagunday, Acma, Cabana, Sabas & V.B.Amoroso","Philippines.Philippines, Mindanao, Pantaron range, Bukidnon, Municipality of San Fernando, Mt. Malimumu 1,016 m a.s.l., 09.02.2014, N.E Lagunday, M. Acopio, H. C. Armecin, A. Calaguian and N.M. Sabas, holotype 00009841, Central Mindanao University Herbarium CMUH, Musuan, Bukidnon, Philippines [fide Lagunday, Acma & al. (2017)].",""
"4b5adbe8-07e0-4350-9d5b-dd237747be6b","Nepenthes neglecta Macfarl.","ic. Beccari.",""
"f1a3bf82-06e5-4cc2-92b7-77eeb5584e36","Nepenthes naga Akhriadi, Hernawati, Primaldhi & M.Hambali","Indonesia, North Sumatra, the hill around Panyabungan city, alt. 1500 – 2000 m, 27.7.2007, A. Primaldhi & M. Hambali DivNep 052. (Holotype: ANDA. [fide Akhriadi, Hernawati & al. (2009)] ).",""
"abe3aa6d-f680-4a2f-af24-fb53d9e653b6","Nepenthes manobo Lagunday, Acma, Cabana, Sabas & V.B.Amoroso","Philippines.Philippines, Mindanao, Pantaron range, Bukidnon, Municipality of San Fernando, Mt. Malimumu 1,016 m, 09. 02. 2014, N.E. Lagunday, M. Acopio, N.M. Sabas, holotype 00009842, Central Mindanao University Herbarium CMUH, Musuan, Bukidnon, Philippines. [fide Lagunday, Acma & al. (2017)].",""
"73634506-0278-43d9-bef4-31429bba79d8","Nepenthes palawanensis S.McPherson, Cervancia, Chi.C.Lee, Jaunzems, Mey & A.S.Rob.","Philippines, Palawan Island, Municipality of Narra, Sultan Peak, summit ridge SE of the mountaintop, alt. 1230 m, S. McPherson SRM 0003. (Holotype: PPC. [fide McPherson, Cervancia & al. (2010)] ).",""
"3e41e472-e46c-40b1-a2d2-b4c4a4bad6c4","Nepenthes peltata Sh.Kurata","",""
"5577bb57-bd1e-4149-a094-c26ce6d3f955","Nepenthes wardii E.P.Wright","",""
"d5396d47-abd8-4e38-9101-730b9100a8c6","Nepenthes platychila Chi.C.Lee","Gunung Bukit Batu, Hose Mountains, Sarawak, 30 Nov 2001, C. Lee S 87071 SAR [fide Lee (2002)].",""
"30aee63d-5e5f-47a7-9af8-63c0a439eafe","Nepenthes pulchra Gronem., S.McPherson, Coritico, Micheler, Marwinski & V.B.Amoroso","Philippines, Mindanao Island, Bukidnon Province, Mount Kiamo, alt. 1790 m, T. Gronemeyer & F. Coritico CMUH00007379. (Holotype: CMUH.).",""
"1afd69b8-b865-4e9c-8a24-8bc648268053","Nepenthes rigidifolia Akhriadi, Hernawati & Tamin","Sumatra Utara, Kab. Karo, around Sidikalang areas, 1000─1500 m, Dec 11, 2003, Nepenthes Team Hernawati, P. Akhriadi & I. Petra, NP 354 ‘ANDA’–Holo, BO–Iso [fide Akhriadi, Hernawati & al. (2004)].",""
"f311159a-bb8e-4a83-80d8-034f67c50cbd","Nepenthes hookeriana H.Lownom. nud.","",""
"59fc2969-a012-49f6-892f-21da3f4fabb7","Nepenthes smilesii Hemsl.","Smiles F.S. K, northern Siam, Baw Saw, Nam Kawng, 22 V 1893. [fide Mey (2010)].",""
"2727009d-bf7f-4ea4-b69f-bdc8831b028c","Nepenthes anamensis Macfarl.","",""
"3777cac4-3cf0-4c8b-8159-c23eb48da183","Nepenthes vieillardii Hook.f.","",""
"2dd2a5e3-f4a1-4fcc-a8be-c97dea50c9ff","Nepenthes armbrustae F.M.Bailey","Australia, Queensland, Coen, Armbrust s.n.BRI.",""
"c396a675-1ec9-4fca-860d-9ffd4a19bdc2","Nepenthes tenax C.Clarke & R.Kruger","Australia, Queensland. Cook District: Head of Cowal Creek near Cape York, F. W. Whitehouse s.n. holo: BRI [AQ46887] [fide Clarke & Kruger (2006)].",""
"c6796096-1781-483b-9b66-01466c8231fa","Nepenthes neocaledonica F.Muell. ex Heckel","",""
"876cdf8a-3351-44ee-a7b9-7239d653068a","Nepenthes ×rubromaculata Hort.Veitch ex Mast.","",""
"f1a07745-bff4-46f2-aef6-8b5a26b56087","Nepenthes albolineata F.M.Bailey","Australia, Queensland, Somerset, Jardine s.n.BRI.",""
"06a20ac2-3cd8-466a-9dd1-fa4d6915d8ec","Nepenthes excluded names","",""
"74cac40b-695f-4e54-b664-2b9185e649bb","Nepenthes vieillardii var. deplanchei Dubard","",""
"e09d8615-04c0-4b8e-bd76-82c6c6fd11e8","Nepenthes khasiana Hook.f.","Wallich 2244 lecto, K-W; iso K-W x 4, India, Jyntea Mts. [fide Jebb & Cheek (1997)].",""
"50e4d36c-2cde-4225-8983-d1417d235bd9","Nepenthes tubulosa Macfarl.","Moluccas, P. Gebe, 8.1871, Teijsmann 6759. (Unknown type category: BO.).",""
"7ca110bc-2958-46f5-b63d-2bec296931cb","Nepenthes montrouzierii Dubard; Nepenthes vieillardii var. montrouzieri (Dubard) Macfarl.","",""
"fc1d9965-ddd6-4ddb-b62f-be9fd24a1edd","Nepenthes macrostachya Blume","",""
"bc79ca7f-d355-44f8-b9b3-2ea1dedb5876","Nepenthes unresolved IPNI records","",""
"ca83e701-b0ae-4de0-9ab7-454bf9a5c124","Nepenthes fimbriata Blume","Borneo, Pulau Lampei, P. Korthals s.n.L.",""
"2e854c3b-a11c-4c23-add2-4cf937ec5452","Nepenthes humilis S.Moore; Nepenthes vieillardii var. humilis (S.Moore) Guillaumin","",""
"1d1c93d6-b979-4456-b28a-0dce07777aae","Nepenthes obrieniana Linden & Rodigas","",""
"aecf6223-974e-4cbe-8728-6067561e66ec","Nepenthes glabratus","",""
"202d615f-33b7-4c98-9ee9-9bccb147e2f7","Nepenthes vieillardii var. minima Guillaumin","",""
"543e3d6c-db7f-4ed0-a026-e1b42402d3d0","Nepenthes jardinei F.M.Bailey","Australia, Queensland, Somerset, Jardine s.n.BRI.",""
"de8e3967-e253-4162-8ec6-c2893ed3c6f8","Nepenthes published artificial hybrids","",""
"7a9579a8-b237-402a-849b-843c14566440","Nepenthes eymai","",""
"8a06ff25-ff20-4c71-b618-acc8b68e882a","Nepenthes alicae F.M.Bailey","Australia, Queensland, Somerset, Jardine s.n.BRI.",""
"69229e6c-e5f5-4ff7-b6d2-e56fc2be8434","Nepenthes alisaputraiana","",""
"12d7cfd2-dc09-409f-87ac-90a02b5c0976","Nepenthes bernaysii F.M.Bailey","Australia, Queensland, Cape York at Bowden Park, Haskett or Beddome s.n.BRI.",""
"3f350e8c-feef-412c-8bd0-28fb7be2c62b","Nepenthes longinodis","",""
"2e9910ff-9063-4e26-b3ea-ba5ca37b9666","Nepenthes beccariana Macfarl.","Indonesia, Sumatra, Nias Isl, E. Modigliani s.n. (Holotype: FI. [fide Schlauer & Nepi (2000)] ).",""
"3ae63c2d-5fbe-483a-91a6-96b3ed4b07e8","Nepenthes ×bauensis Chi.C.Lee","Gn. Umbut, 26 Mar 02. Limestone, opened area, foothill. Meekiong, K., SBC 2701.",""
"658bc1ca-00d4-45ee-9f33-4f9a820fbfff","Nepenthes vogelii Schuit. & de Vogel","Leiden cult. A. Vogel, A. Schuiteman & T. Roelfsema 981037, Sarawak, Kelabit Highlands, material from a specimen in cultivation at the Hortus Botanicus, Leiden, 2001-2002 holo SAR; iso L, including spirit material.",""
"64a12c14-bfda-4b16-a87e-7311f7907351","Nepenthes ×morganiana Hort.Veitch ex G.F.Wilson","",""
"688b45b9-9ec2-44d9-a8c3-39a5758e9dfc","Nepenthes rubra Hort. ex Rafarin","",""
"1d9de6f3-11ae-48c6-97f1-ccc98b0a991e","Nepenthes ×amabilis B.S.Williams ex G.Nicholson","",""
"878c49e5-747a-430c-bf2e-c9e87e31bd69","Nepenthes hamatus","",""
"7d7a6f48-5cd4-40ea-840a-f54119090959","Nepenthes mollis Danser","Borneo, E Kalimantan, G. Kemoel (= G. Kongkemul or G. Kemal), alt. 1800 m, 17.10.1925, Endert 4282. (Holotype: BO.).",""
"ca51a291-2388-4045-a551-2f08b79f47a5","Nepenthes aenigma Nuytemans, W.Suarez & Calaramo","Philippines, Luzon, Ilocos Norte, 17.06.2009, M. Calaramo, holotype Calaramo 2288 female flower HNUL, isotype HNUL [fide Gronemeyer, Suarez & al. (2016)].",""
"63f9c025-17ef-4d74-b427-47d7c7c2fcfe","Nepenthes nigropurpurea sphalm.nom. nud.","",""
"e35ab491-ac73-465e-8ca7-94d79e9337c4","Nepenthes muluensis M.Hotta","Borneo, Sarawak, Mt Mulu, western ridge, alt. 1900 – 2400 m, 18.3.1964, Hotta 14791a. (Holotype: KYO.) ;  (Isotype: L.).",""
"1dba867e-65f9-4240-81de-3075a7c69bdb","Nepenthes baramensis C.Clarke, J.A.Moran & Chi.C.Lee","",""
"3069f7c5-915e-4dae-a4d5-c8bf3a6aa9b3","Nepenthes justinae Gronem., Wistuba, Mey & V.B.Amoroso","Philippines, Mindanao Island, Mount Hamiguitan, 17.08.2004, V.B. Amoroso, holotype CMUH00003606 CMUH [fide Gronemeyer, Suarez & al. (2016)].",""
"8869e9b5-8ca5-4f6b-ab84-90293a508c51","Nepenthes sarawakiensis J.H.Adam & Wilcock","Borneo, Sarawak, G. Mulu, alt. 2320 m, 8.12.1987, 2403. (Holotype: UKMS.) ;  (Isotype: SAR.).",""
"816450ec-5e83-46fb-aa0e-34d6f0d11680","Nepenthes krabiensis Nuanlaong, Onsanit, Chusangr. & Suran","Thailand, Krabi Province, Khlong Thom District, Mt Nor Ju Jee, 600–700m, 7°54’1.50”N, 99°18’15.90”E, ♂ fl. lower and upper pitchers, 29 July 2015, Nuanlaong 01464 holotype Herbarium of Walailak University; isotype BKF.",""
"9447f187-da4d-4ef3-a87a-645c24bae828","Nepenthes kongkandana M.Catal. & T.Kruetr.","Sirirugsa 1006 PSU, Thailand, province of Songkhla, sea level, March 1985 [fide Catalano (2017)].",""
"2d52631b-2e59-4b14-ba49-84cf958af3c3","Nepenthes murudensis Culham ex Jebb & Cheek","Borneo, Sarawak, Mulu N.P., G. Murud, alt. 2200 m, 13.9.1982, Yii Puan Ching S 44623. (Holotype: K.) ;  (Isotype: SAR.).",""
"3a5359d0-c7a7-4a12-92f8-f00be4d1d044","Nepenthes abalata Jebb & Cheek","Philippines, McGregor 32313.Philippines, Panay, Antique Prov., Mariliso = Malalison Island., male  inﬂ or. May–Aug. 1918, McGregor 32313 holotype: US, isotype: B, photo K, photo PNH [fide Cheek & Jebb (2013)].",""
"1dc07125-a4d1-4b26-99ca-3efc06b84a57","Nepenthes murudensis Culham ex Phillipps & A.L. Lambnom. nud.","",""
"b079ef37-fade-4708-b8a1-d6b70d08db93","Nepenthes abgracilis Jebb & Cheek","Philippines, Ramos & Pascasio in BS 34501B.Philippines, Mindanao, Surigao Province not further localised, 670 m a.s.l., April 1919, Ramos & Pascasio in BS 34501B, holotype UC, photo K [fide Cheek & Jebb (2013)].",""
"d5fc12c3-52e2-49c6-8ad7-e61e0ed5f09b","Nepenthes rosea M. Catal. & T. Kruetr.","Catalano 015245 BCU, Thailand, province of Krabi, 500 m, October 2014.",""
"558cffa0-9112-4399-aae1-38159b5f656a","Nepenthes neoguineensis Macfarl.","New Guinea, Lorentz River, Sabang, 25.9.1907, Versteeg 1746. (Unknown type categorys: BO., K.).",""
"eeb54898-e411-4c00-9434-6b2c51462f08","Nepenthes cid Jebb & Cheek","Philippines.Philippines, Mindanao, Bukidnon, Dalvangan, 26 Dec. 1952, Cid 8 holotype L!; photo.K, isotype PNH [fide Cheek & Jebb (2013)].",""
"757c5771-1133-4879-abcf-8e143ea46d55","Nepenthes northiana Hook.f.","Borneo, Sarawak, Jambusan, Curtis s.n. (Unknown type category: K.).",""
"68f566c8-fbd1-4261-a58d-1fcfedae675f","Nepenthes cuneata Hort.Veitch ex Anon.nom. subnud.","",""
"1ea186b8-e7d7-4e7e-a84e-d16ef417f3d7","Nepenthes decurrens Macfarl.","Borneo, Sarawak, Baram, Hewitt 100. (Lectotype: K.) ;  (Isotypes: BO., K.).",""
"5782e725-6e1f-49f0-8f62-c5d0030e9fc9","Nepenthes northiana var. pulchra Hort. ex Macfarl.","",""
"210fdd1c-4955-4490-981b-c5207c72d69b","Nepenthes nordtiana Boerl.","",""
"e5acff4f-5001-431b-9496-f634dcecdaf7","Nepenthes alzapan Jebb & Cheek","PHILIPPINES. Luzon, “Tayabas Prov., Mt Alzapan”, male fl. 7 June 1925, Ramos & Edanõ 45690 holotype K!; isotypes NY!, UC!, US! [fide Cheek & Jebb (2013)].",""
"05a7d55b-a445-4a40-8780-46a58a947fa4","Nepenthes amabilis Wistuba, Gronem., Micheler, Marwinski, Gieray, Coritico & V.B.Amorosonom. illeg. ; Nepenthes sumagaya Cheek","Philippines, Mindanao, Mt. Sumagaya, trail from Barangay Mat-I Municipality of Claveria to the summit 19.08.2012, T. Gronemeyer and A. Wistuba, holotype CMUH00008635 male flower, isotype [sic!] CMUH00008637 female flower, Central Mindanao University Herbarium CMUH, Musuan, Bukidnon, Philippines.",""
"39688530-d3a2-44cb-b30f-dd63c9b5c6c3","Nepenthes spuria Beck","",""
"717715db-4a46-4a3e-a646-a626a9f7b83c","Nepenthes faizaliana J.H.Adam & Wilcock","Borneo, Sarawak, Gunung Mulu National Park, 10.11.1981, Lai & Jugah S 44163 . (Holotype: SAR.) ;  (Isotypes: K., L.).",""
"580c0d31-7c49-4988-9713-5c5152031442","Nepenthes ovata Nerz & Wistuba","Sumatra, Sumatera Utara, Prapat, G. Pangulubao, alt. 1800 m, 16.3.1989, J. Nerz 1601. (Holotype: L. [fide Nerz & Wistuba (1995)] ).",""
"2a8d841a-db84-4a06-b99f-302e90c2abd2","Nepenthes ×amabilis B.S.Williamsnom. inval.","",""
"2c4531e3-4e80-4869-bb6b-84856faf387e","Nepenthes fusca Danser","Borneo, E Kalimantan, G. Kemoel (= G. Kongkemul), alt. 1500 m, 12.11.1925, Endert 3955. (Lectotype: BO.) ;  (Isotypes: BO., K., L.).",""
"b78c232f-6a70-4003-8f7a-14acf568bd28","Nepenthes ×amesiana H.J.Veitch ex Anon.nom. nud.","",""
"0ea1c50e-953b-416f-9bb7-dd1a2084269a","Nepenthes dentata Sh.Kurata; Nepenthes dentata Sh.Kuratanom. nud.","C Sulawesi, G. Lumut, between bivouac II and III on N spur, 3.9.1938, Eyma 3572. (Lectotype: BO.) ;  (Isotype: BO.).",""
"c3ef3644-f41e-4fea-af5f-e07aa17ddcf2","Nepenthes ampullacea H.Low ex W.H.Baxter; Nepenthes ampullacea H.Lownom. nud.","",""
"7922b58c-3d81-41b2-8074-c9d0ded25c21","Nepenthes paniculata Danser","New Guinea, Irian Jaya, Doorman Top, alt. 1460 m, 9.10.1920, Lam 1569. (Lectotype: BO.) ;  (Isotypes: BO., U.).",""
"39f72837-67c5-4487-b766-524e8b9c9a3d","Nepenthes fusca subsp. apoensis J.H.Adam & Wilcock ex Jebb & Cheeknom. nud.","",""
"2ea52d24-d0cd-4248-b005-ad3fe354f193","Nepenthes fusca subsp. kostermansiana J.H.Adam & Wilcock ex Jebb & Cheeknom. nud.","Borneo, E Kalimantan, Berau, Mt Njapa, Kelai River, alt. 1000 m, 25.10.1963, Kostermans 21495. (Holotype: L.) ;  (Isotype: K.).",""
"d3e34c27-35f8-4b47-8d0c-b72dfcb22801","Nepenthes papuana Danser","New Guinea, Irian Jaya, affluent C of the Rouffaer River, alt. 300 m, 9.1926, Docters van Leeuwen 10341. (Lectotype: BO.) ;  (Isotypes: BO., L.).",""
"42cc1d5f-1c7e-4f24-881d-c2cb0cb7b805","Nepenthes curtisii subsp. zakriana J.H.Adam & Wilcock; Nepenthes zakriana (J.H.Adam & Wilcock) J.H.Adam & Hafiza","Borneo, Sabah, Mt Kinabalu, Mamut, alt. 1100 m, 21.1.1988, J. Adam, Adam & Aliosman 2431. (Holotype: UKMS.) ;  (Isotype: ABD.).",""
"a69c823b-c4cb-4dd1-ba36-cfea1adff726","Nepenthes fimbriata var. leptostachya Blume","Borneo, C. Blume s.n.L.",""
"10e4fa03-d06b-4a06-8107-2310f8441e62","Nepenthes glabrata J.R.Turnbull & A.T.Middleton","C Sulawesi, Tri Tunggal Eboni Corp. logging concession, alt. 1666 m, 1°33'S, 120°55'E, 31.8.1983, Turnbull & Middleton 83113a. (Holotype: BO.).",""
"0a2c3689-e2ba-4581-b34a-ecd87e54000f","Nepenthes pectinata Danser","Sumatra, Sumatera Barat, G. Talakmau, alt. 1850 m, 13.5.1917, Bünnemeijer 700. (Lectotype: L. [fide Schlauer & Nerz (1994)] ) ;  (Isotype: BO.).",""
"1ff4ebac-228a-4102-9417-2757de8e1d3f","Nepenthes rubromaculata Sh.Kurata","",""
"9800ae7e-bd2e-4a1c-bccb-735806a52f00","Nepenthes gracilis Korth.","Borneo, G. Pamatton, alt. 325 m, P. Korthals s.n. (Lectotype: L.) ;  (Isotype: K.).",""
"73f4777d-6097-4395-a23a-eb6b366559ff","Nepenthes melamphora var. tomentella Becc.","Sumatra, Sumatera Barat, Mt Singgalang, 6.1878-7.1878, O. Beccari 48. (Unknown type categorys: K., L.).",""
"b509997d-eaba-4a79-ac63-42d309e13cd5","Nepenthes kennedyana F.Muell.","Australia, Commonwealth of, [Queensland, Cape York, near Somerset] ""Ad oppidulum Somerset juxta promontorium Cape York""., Jardine s.n.MEL.",""
"bb019a91-e7dd-4569-ac7e-05d79033abaf","Nepenthes ×kinabaluensis Sh.Kurata; Nepenthes ×kinabaluensis Sh.Kurata ex J.H.Adam & Wilcocknom. illeg. ; Nepenthes ×kinabaluensis Sh.Kuratanom. nud.","Borneo, Mt Kinabalu, Summit Trail, alt. 2790 – 2850 m, 21.1.1988, Jumaat 2423. (Holotype: UKMS.) ;  (Isotypes: ABD., SAR., SNP.) ; Mt. Kinabalu, below Paka Cave, 2800m.12.3.1974. Kurata 8100a [Type Herbarium not stated, fide IPNI 19 Mar 2017].",""
"30297ab0-8d06-42e6-86b9-1a2cb983d3b6","Nepenthes minima Cheek & Jebb","",""
"f15b3d21-47fb-4f06-ac21-1f10acdbfd0b","Nepenthes rosulata Tamin & M. Hottanom. nud.","",""
"daeb3792-ee23-4b32-a67b-0513fa8ffd09","Nepenthes ampullacea Jacknom. nud.","",""
"ebf58d72-cd2d-4948-ae5e-2e96a8940183","Nepenthes barcelonae Cheek, Tandang & P.B.Pelser","PHILIPPINES: Luzon, Sierra Madre Mountain range, Aurora Province, fr. 22 Feb. 2014, Tandang 1727 with Pelser & Barcelona holotype PNH, isotype K [fide Cheek, Tandang & al. (2015)].",""
"12861491-697d-49fd-801f-74079bb2c3c5","Nepenthes angustifolia Mast.","N Borneo, 1877-1878, F. Burbidge s.n. (Unknown type category: K.).",""
"483fd13b-a85a-45e7-9042-5b152d34a7da","Nepenthes xiphioides Salmon & Maulder","Sumatra, Sumatera Utara, G. Pangulubao, alt. 1900 m, 17.2.1995, B. Salmon & R. Maulder 221720. (Unknown type category: AK.).",""
"677b5424-2018-4fde-900b-dc1d49d40a0e","Nepenthes gracilis var. elongata Blume","Singapore, N. Wallich 2244 p.p.K-Wall.",""
"44902d87-7e07-48df-8db9-7187f4f3a5f5","Nepenthes petiolata Danser","Philippines, Mindanao, Agusan Province, Mt Urdaneta, alt. 1700 m, 9.1912, A. Elmer 13705 p.p. (Holotype: BO.).",""
"8b08904b-6ea9-4780-855d-dd292a98447e","Nepenthes chapmanii N.P.Balakr.","",""
"fc0d9899-64c8-4af9-878f-a5f3b8b8a3ab","Nepenthes nigra Nerz, Wistuba, Chi.C.Lee, Bourke, U.Zimm. & S.McPherson","Eyma 3970, Tomongkobae Mts, 9.10.1938 holotype, BO [fide Nerz, Wistuba & al. (2011)].",""
"63a6eb35-d0fe-4e8d-b692-2d50bf6d003d","Nepenthes laevis Korth. ex Hook.f.","",""
"419261fc-4a86-4144-9d08-000846ff4cd5","Nepenthes cornuta Marwinski, Coritico, Wistuba, Micheler, Gronem., Gieray & V.B.Amoroso","Philippines, Mindanao Island, Bukidnon Province, Pantaron mountain range, trail from Sitio Mahayag Barangay St. Peter, Malaybalay City to Sitio Balaudo, 15.08.2012, T. Gronemeyer and F. Coritico, holotype CMUH00008547, Central Mindanao University Herbarium CMUH.",""
"73518b1a-5c52-4352-89b9-ddbfe7c54d52","Nepenthes pitopangii Chi.C.Lee, S.McPherson, Bourke & M.Mansur","Lore Utara District, Poso Regency, Central Sulawesi, 30 May 2007, RP 2054 CEB.",""
"4966ffa4-3ff4-4bd4-80f9-3df7851d9c20","Nepenthes korthalsiana Miq.","Sumatra, Sibolga, Teijsmann 538 p.p.L., U.",""
"a3560c60-773c-4288-b7ae-a61647a17141","Nepenthes pantaronensis Gieray, Gronem., Wistuba, Marwinski, Micheler, Coritico & V.B.Amoroso","Philippines, Mindanao Island, Bukidnon Province, Pantaron mountain range, Mt. Gaka 1,390 m near Sitio Mahayag Barangay St. Peter, Malaybalay City, Bukidnon Province, Philippines, 15.08.2012, T. Gronemeyer and F. Coritico, holotype CMUH00008625, Central Mindanao University Herbarium CMUH.",""
"7c51ba75-4d27-48e6-829a-9adbb4126f31","Nepenthes gracilis var. arenaria Ridl. ex Macfarl.","Singapore, Praman, H. Ridley 1473. (Unknown type category: K.).",""
"49db1d55-9099-4f2a-bf70-5ddd0e1d5e16","Nepenthes talaandig Gronem., Coritico, Wistuba, Micheler, Marwinski, Gieray & V.B.Amoroso","Philippines, Mindanao Island, Bukidnon Province, Pantaron mountain range, trail from Sitio Mahayag Barangay St. Peter, Malaybalay City to Sitio Balaudo, 15.08.2012, T. Gronemeyer and F. Coritico, holotype CMUH00008624, Central Mindanao University Herbarium CMUH.",""
"a04af27a-5fcf-439d-ab35-bfdee3f3b664","Nepenthes teysmanniana Miq.; Nepenthes gracilis var. teysmanniana (Miq.) Beck; Nepenthes tupmanniana Bonstedt","Sumatra, Sibolga by the coast, 2.1856, Teijsmann 530 p.p. (Unknown type category: BO.).",""
"f47556c3-34e2-4f2d-a7a5-e6a94d7c2b53","Nepenthes philippinensis Macfarl.","Philippines, Palawan, Mt Pulgar, Curran 3896. (Lectotype: K.).",""
"5b9be70b-49cc-4202-a49b-51f45903a361","Nepenthes halmahera Cheek","Indonesia, N Maluku Province, Halmahera, Weda, Nucifera, 25.8.1949, De Haan 1718; male infl. (Holotype: K; male infl. [fide Cheek (2015)] ) ;  (Isotypes: A; male infl. [fide Cheek (2015)] , BISH; male infl. [fide Cheek (2015)] , BO; male infl. [fide Cheek (2015)] , CAL; male infl. [fide Cheek (2015)] , L; male infl. [fide Cheek (2015)] , LAE; male infl. [fide Cheek (2015)] , NSW; male infl. [fide Cheek (2015)] , P; male infl. [fide Cheek (2015)] , PNH; male infl. [fide Cheek (2015)] , SING; male infl. [fide Cheek (2015)] ).",""
"c8cf27e4-2a57-41b5-a7b8-ac36cec3ddeb","Nepenthes maryae Jebb & Cheek","",""
"2b600464-4e55-4e60-8cb1-0d359c1c02a4","Nepenthes gracilis var. longinodis Beck","Borneo, Lobb s.n. (Unknown type category: K.).",""
"dc4eab2b-84fe-4c50-879b-d2b3dca7a91a","Nepenthes wilkiei Jebb & Cheek","Philippines, Palawan, Mendum & al. 25545. (Holotype: K.) ;  (Isotypes: E., PNH.).",""
"d7cb3a27-a70b-4a0b-89ee-da6da0864925","Nepenthes weda Cheek","Bangun et al. 218 sheet 2 of 2 holotype MO No. 6576095; isotypes BO n.v., MO, photo K, Indonesia, Maluku Islands, N Maluku Province, Central Halmahera, Weda Bay, Bukit Limber, N00°32'41"" E127°58'28"", alt. 847 m, male infl., 1 Dec. 2012.",""
"d36013cc-a7d8-4c49-b39b-46d85830244f","Nepenthes undulatifolia Nerz, Wistuba, U.Zimm., Chi.C.Lee, Pirade & Pitopang","South East Sulawesi, 08 April 2009, APP-1 holotype, CEB [fide Nerz, Wistuba & al. (2011)].",""
"5e0d6e1f-843f-4d06-ae55-bc985fbd2a64","Nepenthes laevis Lindl.","",""
"385ba847-3a61-4a25-b427-095473c41970","Nepenthes pilosa Danser","Borneo, E Kalimantan, G. Lesung, 28.1.1899, Amdjah 491. (Holotype: BO.) ; Borneo, Sarawak, Bt Lawi, Bario, alt. 1630 m, 24.8.1995, Awa & Lee S 50980. (Epitype: K. [fide Cheek & Jebb (2001)] ) ;  (Isoepitypes: KEP., L., SAR.).",""
"7a4296d0-a8ae-4ce1-8f15-b6a676122c49","Nepenthes ×ghazallyana J.H.Adamnom. nud.","",""
"307c7b06-6585-4da5-9f04-74d57f8e189e","Nepenthes rafflesiana Jack ex Hook.","Singapore, W. Jack s.n. (Lectotype: SING.).",""
"120a2e4e-3749-4c1f-a96d-4ed8903ac490","Nepenthes gracillima Ridl.","Peninsular Malaysia, Pahang, G. Tahan, alt. 990 m, 29.5.1905, Wray & A. Robinson 5309. (Lectotype: SING.) ;  (Isotype: BO.).",""
"f6e0e45b-a658-46b4-8f4a-9bd07971237b","Nepenthaceae Dumort.","",""
"e7407f31-55e8-46c4-bb05-abe25d098aa2","Nepenthes L.","Nepenthes distillatoria L.",""
"b750f6d9-38ae-4756-b39a-4eaebcb0d09d","Bandura Adans.","Nepenthes distillatoria L.",""
"7cb8b097-6510-4130-8f32-76f7fca21a99","Phyllamphora Lour.","Nepenthes mirabilis Lour. Druce.",""
"dbc58e1c-ddad-4744-9713-a58e627cdbcc","Anurosperma (Hook.f.) Hallier f.","Nepenthes pervillei Blume.",""
"b165266a-3a56-4e12-80aa-85a9183839d6","Nepenthes pervillei Blume; Anurosperma pervillei (Blume) Hallier f.","Seychelles, Mahé, Perville 98.L. [fide Jebb & Cheek (1997)].",""
"d688cc2b-e8e6-489b-9848-c288cb16ebaa","Nepenthes adnata Tamin & M. Hotta ex Schlauer; Nepenthes adnata Tamin & M. Hottanom. nud.","Indonesia, W Sumatra, Taram E of Payakumbuh, river Tjampo, alt. 1000 m, 24.8.1957, Meijer 6941. (Holotype: L.).",""
"80592750-271f-459c-952d-5dfde4f3d170","Nepenthes armin Jebb & Cheek","Type: Argent & Reynoso 8936 holotype K; isotypes E, PNH n.v., Philippines, Sibuyan Island, above Magdi- wang on ridge to Mayos Peak, 750 m, male infl. 16 Aug. 1989. [fide Cheek & Jebb (2014)].",""
"85cdc702-f0d4-49b3-8c22-7a9b9bba79f2","Nepenthes naquiyuddinii J.H.Adam & Hafiza","Jumaat H.Adam JHA8016; Keningau-Kimanis Road, Taman Banjaran Crocker, 1400m, 30 Apr 2003. Holotype UKMB; isotype UKMB.",""
"be9edea0-802f-4413-b34a-485cc73d8b7f","Nepenthes rafflesiana var. alata J.H.Adam & Wilcock","Borneo, Sabah, Sandakan, Mt Walker FR, 13.4.1963, Meijer SAN 35792. (Holotype: SAN.).",""
"12641e5f-5d6f-4689-91e9-fe26c8bdbf00","Nepenthes tboli Jebb & Cheek","Gaerlan, Sagcal & Romero in PPI 13083 holotype BRIT!; isotype L! sh. 0099289, Philippines, Mindanao, South Cotabato Pro- vince, T’Boli, Lake Parker, 1463 m alt., male fl. & fr. Aug 1993.",""
"51ccf875-6a57-4d8d-bc19-63d6e91e3c23","Nepenthes madagascariensis Poir.","",""
"7910682c-3713-43c2-aa7a-11dc4a70c46e","Nepenthes zygon Jebb & Cheek","Cheek 17059 holotype K; isotypes L, PNH, Philip- pines, Mindanao Island, Mt Pasian, seed collected in 1997 by R. Cantley, cultivated at Royal Botanic Gardens, Kew as accession 2004-2413, male infl. Sept. 2013.",""
"d23b6295-3c73-4068-b4ff-35f582934f69","Nepenthes distillatoria Bréon","",""
"8e48e6e0-16ff-4376-ae7a-6c7e989e61b2","Nepenthes alba Ridl.","Peninsular Malaysia, Pahang, G. Tahan, alt. 1500 m, 3.6.1905, Wray & A. Robinson 5411. (Lectotype: SING. [fide null] ) ;  (Isotype: BO.).",""
"dc8310f9-0729-4a8b-a75f-9af85e8c78d6","Nepenthes ultra Jebb & Cheek","",""
"c4bd3a20-7f0f-496b-98d5-c6581b312489","Nepenthes madagascariensis var. cylindrica Dubard","Humblot 400 P, Madagascar.",""
"1db022cb-cfe4-46c1-9fde-5b9aa02867fa","Nepenthes gymnamphora Reinw. ex Nees; Nepenthes melamphora Reinw. ex Blumenom. nud.","",""
"7461b064-4ffa-4b0a-87e5-5c46aa08daf8","Nepenthes ×excelsior B.S.Williams; Nepenthes rafflesiana var. excelsior (Lindl.) Beck","",""
"107a139e-d3ce-47af-8f88-436c7ae98fdb","Nepenthes saranganiensis Sh.Kurata","",""
"30118858-13f5-402a-8c2b-1dce713a32a4","Nepenthes madagascariensis var. macrocarpa Scott Elliott","Scott-Elliott 2302, Madagascar, near Fort Dauphin.",""
"3c833eb8-8b65-40b5-9984-386257ad0711","Nepenthes melamphora var. lucida Blume","",""
"6d342d61-d63c-45f3-b538-772572457e3d","Nepenthes ceciliae Gronem., Coritico, Micheler, Marwinski, Acil & V.B.Amoroso","Philippines, F. Coritico & V. Amoroso s.n.Philippines, Mindanao Island, Bukidnon Province, Mount Kiamo, trail from Barangay Kibalabag Malaybalay City below the summit, 1792 m, 16.05.2011. F. Coritico & V. Amoroso CMUH00007378, Central Mindanao University Herbarium, Musuan, Bukidnon, Philippines holotype, CMUH.",""
"c4a58e41-89cc-4bfc-943c-251ab4254af4","Nepenthes rafflesiana var. nivea Hook.f.","",""
"ba3a76d5-e4e8-44d5-92c7-5f30d6e1d555","Nepenthes gymnamphora Reinw. & Nees ex Miq.","",""
"21de3752-e00e-45eb-8a86-6aff021d6527","Nepenthes gymnamphora var. haematamphora Miq.; Nepenthes melamphora var. haematamphora (Miq.) Miq.","",""
"5e48077c-a254-4d40-b37e-508ad93e4e35","Nepenthes ramos Jebb & Cheek","",""
"5d4a75da-5486-4794-b4f5-8f62ef244c6a","Nepenthes ×atrosanguinea B.S.Williams ex Anon.","",""
"8c18498e-a65d-40dd-8982-f5883f461d83","Nepenthes negros Jebb & Cheek","Philippines, Negros Island, Mt Silay, May 1906, H. N. Whitford 1537 holotype: PH, isotype: K [fide Cheek & Jebb (2013)].",""
"ccccd422-8c74-49eb-bbbc-abeee667019c","Nepenthes rafflesiana var. typica Beck","",""
"3201dd87-303f-4725-ba00-e09271798e17","Nepenthes balfouriana Hort. ex Anon.","",""
"28722f7a-d7d4-4ba1-9882-3898c03ba917","Nepenthes sanderiana Burb.","",""
"89bd4660-d154-4159-a82c-fbfca885d82b","Nepenthes melamphora var. pubescens Kuntze","",""
"ccaa32d4-f25b-4861-bbcb-d32bf77e1778","Nepenthes rafflesiana var. glaberrima Hook.f.","",""
"5c10e0af-31e9-439f-ac71-76f8c4c028ce","Nepenthes hamata J.R. Turnbull & A.T. Middleton","C Sulawesi, G. Lumut W ridge, alt. 1850 – 1900 m, 19.9.1983, Turnbull & Middleton 83121a.BO.",""
"06ecaefd-364e-4172-a2b9-cbec41bc8a25","Nepenthes alata Blanco","(Neotype: Philippines, Luzon, Prov. Ilocos Norte, Burgos, male fl . 23 – 25 Nov 1916 Fenix BS 26726 neotype: US, photo, K, isoneotypes: BO n.v., SING n.v. [fide Cheek & Jebb (2013)] ).",""
"e8e87942-f0fa-4615-9ceb-e286491c5927","Nepenthes alata var. ecristata Macfarl.","(Lectotype: Lectotype Philippines, Mindanao, “Prov. of Misamis, Mount Malindang”, May 1906, Mearns & Hutchinson in Forest Bureau 4632 lecto-: K!; isolecto-: PH! [fide Cheek & Jebb (2013)] ).",""
"28fbdd4d-7491-4a7f-9c24-d6261a2ce912","Nepenthes copelandii Merr. ex Macfarl.","Philippines.Provinz der Philippinen: Insel Mindanao, auf dem Berg Apo, 1600 m Copeland 1033 [fide Macfarlane (1908)].",""
"d83f3a2c-d86a-40fe-ae60-590368ea2ee1","Nepenthes graciliflora Elmer","(Lectotype: Philippines, Sibuyan Island, Mt Guiting-Guiting, May 1910, Elmer 12465 lectotype: K, isolectotypes: B, BO, E, U, US, W [fide Jebb & Cheek (1997)] ).",""
"bd3c0256-f674-4f01-8d8e-9f3efdaeb830","Nepenthes blancoi Blume","Philippines, Luzon, Benguet Province, Trinidad, 10.1904, Williams 1012; male infl. (Neotype: Philippines, Republic of the, Luzon, Benguet Province, Trinidad, 10.1904, Williams 1012; male infl.  US; photo K, PNH, isoneotypes: PNH destroyed, NY not seen [fide Cheek & Jebb (2013)] ).",""
"406f54ff-552c-4d96-a277-96adf445551d","Nepenthes alata var. biflora Macfarl.","Philippines, Negros Island, Mt Silay, May 1906, H. N. Whitford 1537lectotype: K, isolectotype: PH [fide Jebb & Cheek (1997)].",""
"1e7c289b-839a-4bdb-b16c-7d520c3bbb5a","Nepenthes ×balfouriana Hort.Veitch ex Mast.nom. inval.","",""
"07797d8e-a111-4b84-8baf-e0334ab1adf6","Nepenthes kurata Jebb & Cheek","PHILIPPINES. Mindanao, “Prov. of Misamis, Mount Malindang”. May 1906, Mearns & Hutchinson in Forest Bureau 4632 holotype K!; isotype PH!.",""
"e3ea7a21-1ddd-4cf1-8cbf-b3effba3cc23","Nepenthes ×chelsonii Hort.Veitch ex Mast.","",""
"faba7314-5502-4e38-a5cb-fe727d89636b","Nepenthes kitanglad Jebb & Cheek","PHILIPPINES. Mindanao, Bukidnon Province, Intavas, Impasug-ong, Mt Kitanglad, 18 Jul. 1991, Gaerlan, Sagcal & Fernando in PPI 3274 holotype BISH!; isotype BRIT!.",""
"466d3615-2b71-4dcb-88f1-8a6aacba09e3","Nepenthes rafflesiana var. nigro-purpurea Mast.","",""
"0382c4f2-3fa6-4657-850c-642dadb24f9d","Nepenthes ×coccinea Hort.Williams ex Anon.nom. inval.","",""
"e96c7122-bd24-4a60-9acf-6b3f29c73ae9","Nepenthes extincta Jebb & Cheek","Philippines, F. Konta 12365.PHILIPPINES. Mindanao Island “Red Hills = 400 m alt., SE of Claver, near the northeastern coast of the Mindanao Island. Boundary of the Surigao del Sur and Surigao del Norte” 8 Aug. 1978, Fumihiro Konta 12365 holotype BISH.",""
"ab195a4c-fbfe-417f-91ea-d1e54706b9f6","Nepenthes rafflesiana var. minor Becc.","",""
"0f97f0e5-cd18-432c-bcb8-28c020057159","Nepenthes compacta Hort. ex L.Gentilnom. nud.","",""
"56ab4a4f-42a8-4236-932a-7aa8a7ac6681","Nepenthes hirsuta Hook.f.","Borneo, Lawas River, H. Low s.n. (Holotype: K.).",""
"a815539e-b7ec-47d6-b8db-2ee6f80b0e5b","Nepenthes leyte Jebb & Cheek","PHILIPPINES. Eastern Visayas, Leyte, Mt Lobi, near Dagami, 7 Nov. 1999, Argent, Mendum, Fuentes, R., Belonias, B.S. 99214 holotype K!; isotypes E!, PNH.",""
"d0d0e381-c5a6-42f2-bd78-2ba9bbf6f568","Nepenthes rafflesiana var. insignis Mast.","",""
"e65b5d55-25c4-48cb-b7d6-a38727f9787e","Nepenthes ×courtii Hort.Veitch ex Mast.","",""
"5662629c-f05b-4b2c-b049-38b929e24b80","Nepenthes leptochila Danser","Borneo, E Kalimantan, G. Djempanga, 9.1912, Amdjah 730. (Lectotype: BO sh. 1711-26.) ;  (Isotypes: BO., K.).",""
"d80cc8d5-605b-4231-88f0-fb5109c04342","Nepenthes robcantleyi Cheek","Philippines, Mindanao  exact  location  witheld  for conservation reasons, herbarium specimens from plants cultivated from the seed collected in wild in 1997 by Rob Cantley, fl. 15 Jun 2010, Cheek 15877 holotype: K, isotype: PNH [fide Cheek (2012)].",""
"b684c0ad-9b89-40d9-89bc-4ded61424a16","Nepenthes hookeriana H.Low ex Becc.","",""
"6f535b94-20a2-4bff-ae92-0c4a5e36d972","Nepenthes ×cylindrica Veitch ex A.H.K.","",""
"e37c500d-98ca-4bc9-b7a1-0809e5b0ed2f","Nepenthes hirsuta var. typica Macfarl.nom. inval.","",""
"4195dfd0-19b6-40f0-ab21-795085c30a6f","Nepenthes mindanaoensis Sh.Kurata","",""
"04272a9e-4618-48c3-9be9-3e587e9c77b5","Nepenthes rafflesiana var. elongata Hort.nom. nud.","",""
"0947b8a1-beaf-4758-8cb1-19dd2bbff880","Nepenthes ×deslogesii Hort. ex Anon.","",""
"87672420-7c38-4a65-9b57-dd9056490d48","Nepenthes hirsuta var. glabrata Macfarl.","Borneo, Sarawak, Lobb 92. (Holotype: K.).",""
"feb204bd-60ac-4f31-9195-78c2275a878d","Nepenthes andamana M.Catal.","Catalano 013395 BCU, Thailand, province of Phang-nga, Takuapa, sea level, 2009.",""
"09a13117-6a8e-4690-9c39-cf547ba6ef17","Nepenthes raflesea Hort.","",""
"2db0e393-5f18-4b1e-8ff5-81e3784fbc8e","Nepenthes hispida Beck","Malaysia, Borneo, Sarawak, Lawas River, alt. 2000-3000 ft, F. Burbidge s.n. (Lectotype: W sh. 55649. [fide Jebb & Cheek (1997)] ) ;  (Isolectotypes: K., W.).",""
"97b4f600-bdd3-40ff-85a3-3f14d8e758a3","Nepenthes chang M.Catal.","Thailand, M. Catalano 013394. (Holotype: Catalano 013394 BCU, Thailand, province of Trat, Ko Chang, 300 m, 2009.).",""
"e0c9c007-235d-45c2-8d14-d61505644099","Nepenthes rafflesiana var. ambigua Beck","",""
"02f24486-37d6-4818-a4be-b8741965ae71","Nepenthes ×dicksoniana R.Linds. ex Anon.","",""
"60b59c78-14f1-449d-9f80-59cf73aaeb37","Nepenthes holdenii Mey","(Holotype: Mey 1A holo, RUPP!, western Cambodia, Cardamom Mountains, province of Pursat, 653 m, 1 VIII 2009. [fide Mey, M.Catal. & al. (2010)] ).",""
"0cb2fef7-d8f4-4de6-a8d5-bb62ab8d11b1","Nepenthes hemsleyana Macfarl.","Borneo, Sarawak, Lawas River, 1877, F. Burbidge s.n. (Lectotype: K K00065148. [fide Scharmann & Grafe (2013)] ).",""
"4e38a9ec-37fc-44dd-8c15-d57115e6d3ea","Nepenthes ×dominii Hort.Veitch ex Mast.","",""
"336abc21-39c2-4b0a-a984-bfba98fa57aa","Nepenthes rajah Hook.f.","Borneo, Sabah, Mt Kinabalu, alt. 1500 m, H. Low s.n. (Holotype: K.).",""
"45cfd1a3-a2f4-4ffc-b12d-e9631bef7453","Nepenthes kerrii M.Catal. & Kruetr.","Kerr 14127 BK, Thailand, province of Satun, Tarutao Marine Park, 500 m, 1928. [fide Catalano (2010)].",""
"ecbbf8b4-9b71-4887-83f7-b1f9dc8329fc","Nepenthes ramispina Ridl.","Peninsular Malaysia, Selangor, top of Ulu Semangka, 8.1904, H. Ridley 12064. (Lectotype: SING.) ;  (Isotype: SING.).",""
"1bf0e5bd-7d6d-43c0-af4a-9b072f75702b","Nepenthes brachycarpa Merr.","",""
"4bb15d91-c01c-43ec-9694-6910eb3df1a2","Nepenthes albomarginata T.Lobb ex Lindl.","(Lectotype: ic. Gard. Chron. 1849: 580, t. 3. 1849. [fide Jebb & Cheek (1997)] ).",""
"7de6af44-00e8-4079-a673-cc48b22c9291","Nepenthes tomentella Miq.","",""
"2b00ef46-ac79-4049-9d8b-fa60fa28e0c2","Nepenthes albomarginata var. villosa Hook.f.","",""
"2081dc74-c681-475d-9aee-2b0dfb77f6f9","Nepenthes mirabilis var. globosa M.Catal.","Thailand, province of Trang, Khamart 10932. (Holotype: PSU.).",""
"22cbc7e0-e150-4a60-87ac-e768080a6de0","Nepenthes suratensis M.Catal.","Kerr 13136 BK, Thailand, province of Suratthani, Kanchanadit, sea level, 1927. [fide Catalano (2010)].",""
"43d3ed86-6425-4254-8f9e-361ceaef4287","Nepenthes rafflesiana var. hookeriana (Lindl.) Beck","",""
"0ae73627-6631-4afb-8beb-4d170da0e6a3","Nepenthes gracillima var. major Ridl.","Peninsular Malaysia, Pahang, G. Telom, H. Ridley s.n. (Unknown type category: SING.).",""
"32d7eec6-eb85-4350-ba01-6cdb843163ef","Nepenthes thai Cheek","",""
"dcdb6a3f-bf46-456a-9baf-5646986caec2","Nepenthes reinwardtiana Miq.; Nepenthes reinwardtii Hook.f.","",""
"8c044850-0610-4591-a8b2-b0aefb3bcc2e","Nepenthes bokor Cheek","",""
"07d3dec2-fd1f-4474-96bd-a1daf075d928","Nepenthes inermis Danser","Sumatra, G. Kerinci, alt. 1800 m, 26.4.1920, Bünnemeijer 9695. (Lectotype: BO.).",""
"151415cc-4915-4b75-b9a6-f67d5c9274b8","Nepenthes thorelii Lecomte","",""
"aefc2ecb-29c7-4e61-a32b-e637d1a05ea4","Nepenthes reinwardtiana var. samarindaiensis J.H.Adam & Wilcock","Borneo, E Kalimantan, Samarinda, S. Titan Complex, alt. 20 m, 3.8.1952, Meijer 1047. (Holotype: L.) ;  (Isotypes: BO., K.).",""
"d72b5800-dbfe-4273-b346-48c24ae0327e","Nepenthes appendiculata Chi.C.Lee, Bourke, Rembold, W.Taylor & S.T.Yeo","Malaysia, Sarawak, Hose Mountains, 1700 m, 27/08/2011 Ch'ien C. Lee, S 102701, Sarawak Herbarium holotype, SAR [fide Lee, Bourke & al. (2011)].",""
"b983ce8b-c177-46c6-be23-d7b4296fad95","Nepenthes insignis Danser","New Guinea, Irian Jaya, Beaufort River, alt. 80 m, 9.11.1912, Pulle 277. (Lectotype: BO.) ;  (Isotype: BO.).",""
"8b32880a-767d-4c73-8ce2-5f0964929fe2","Nepenthes rhombicaulis Sh.Kurata; Nepenthes rhombicaulis Sh.Kuratanom. nud.","Sumatra, near Prapat, G. Pangulubao, alt. 1700 – 1900 m, 29.3.1972, S. Kurata 4300.Nippon Dental College., SING.",""
"a2643ad1-2fad-4375-9caf-e5fc50fe72c2","Nepenthes attenboroughii A.S.Rob., S.McPherson & V.B.Heinrich","Philippines, A. Robinson AR001.Philippines, Palawan, Mount Victoria, 09°22.105′N, 118°18.484′E, 1650 m, on granular, largely inorganic, ultramafic soils towards the summit, 24.vi.2007, A. Robinson AR001 holotype; PPC!; ibid., AR002 paratype!.",""
"ac985bc3-c317-496f-94e0-453a36e26a68","Nepenthes sanguinea Lindl.","G. Ledang, W. Griffith 4411. (Unknown type category: K.).",""
"0e189697-2221-46f9-bbfb-1fa40f42defa","Nepenthes pumila Griff.","",""
"a3d357e7-e5d1-408a-9e66-31de8a377293","Nepenthes sibuyanensis Nerz","Philippines, Sibuyan, Mt Guintguintin (Guiting-Guiting), alt. 1300 m, 5.10.1996, P. Mann & T. Smith 051001. (Holotype: L.).",""
"36bc7f62-7b45-4fb3-ab2c-73d815139841","Nepenthes singalana Becc.","Sumatra, near Padang, Mt Singgalang (‘Singalan’), O. Beccari 187.FI., K., L.",""
"c2ee1326-d1a8-4c7d-a8c8-e9da9eae0634","Nepenthes klossii Ridl.","Irian Jaya, Utakwa expedition to Mt Carstensz, Camp VIb, 26.1.1913, C. Kloss s.n. (Lectotype: SING. [fide Jebb & Cheek (1997)] ).",""
"cf5a31a4-eec3-44f8-907d-0063f2e7ad98","Nepenthes lamii Jebb & Cheek","New Guinea, Irian Jaya, Doorman Top, alt. 3200 m, 17.10.1920, Lam 1637. (Holotype: BO.) ;  (Isotype: BO.).",""
"4d6d81da-f799-49a9-991d-216dc4a345f7","Nepenthes albomarginata var. rubra Macfarl.; Nepenthes albocincta var. rubra Hort. ex Macfarl.nom. nud.","",""
"05d2e138-fb3a-46b0-a362-5bdccf33ca07","Nepenthes laevis C.Morren","",""
"0579ff0c-c083-4683-9c9d-ea5502e899fe","Nepenthes albocincta Hort. ex Macfarl.nom. nud.","",""
"5422e8a8-e6ca-441f-a00b-b1975a9c197b","Nepenthes albomarginata var. typica Becknom. inval.","",""
"39aa4dd9-3bab-4dff-aa00-04f76d25f1e0","Nepenthes ampullaria Jack","Singapore, W. Jack s.n. (Lectotype: SING.).",""
"21bf747e-b137-4251-a7d1-557a0f5b1537","Nepenthes ampullaria var. vittata André","",""
"06d17c7c-5bc8-470c-ad23-cf710d9c0a7b","Nepenthes ampullaria var. vittata-major Mast.","",""
"db8f88db-0d4f-4c38-a1a2-e0f44cf03dc2","Nepenthes ampullaria var. geelvinkiana Becc.","",""
"0af82f47-2288-486f-a677-aee25c763107","Nepenthes ampullaria var. microsepala Macfarl.","",""
"6f5bbf7a-1fda-44d9-abe1-13e91626a42a","Nepenthes bokorensis Mey","",""
"a28b19df-0b90-4a56-9b3d-efb1c2032879","Nepenthes chaniana C.Clarke, Chi.C.Lee & S.McPherson","Malaysia, Bt Lawi, Bario, alt. 1600 m, 24.8.1995, Awa & Lee S 50980. (Holotype: K. [fide IPNI (1999+)] ).",""
"3dfcac80-2936-4da4-ba85-eee03405ae45","Nepenthes distillatoria L.","",""
"f626d1cf-e7d9-436b-bb9e-e2950d5c26cf","Nepenthes lavicola Wistuba & Rischer","Sumatra, Aceh, G. Telong, alt. 2000 m, 26.3.1996, A. Wistuba & H. Rischer 26032. (Holotype: L.).",""
"0b4787ec-82a6-4922-a190-31c19caef7e0","Nepenthes lowii Hook.f.","Borneo, Sabah, Kinabalu, H. Low s.n. (Lectotype: K.) ;  (Isotype: K.).",""
"d050848a-f7f6-43b5-b0ea-f23e7e9559db","Nepenthes junghuhnii Macfarl. ex Ridl.","Sumatra, G. Kerinci, alt. 2600 m, 27.4.1914, A. Robinson & Kloss s.n. (Unknown type categorys: BM., BO.).",""
"ee067425-9fd1-4354-a1c9-9d99275b96d5","Bandura zeylanica Burm. ex Brongn.; Nepenthes zeylanica (Brongn.) Raf.","",""
"d7e933bc-218e-4a5f-ba89-345b31ce2610","Nepenthes ×trusmadiensis Marabini","",""
"13b8f6ca-939b-4d39-961e-e68047efd523","Nepenthes spathulata Danser","Sumatra, Lampongs, Mt Tanggamus, alt. 2000 m, 1.1935, Lieftinck 11. (Lectotype: L.) ;  (Isolectotype: BO.).",""
"72bd7ef5-c965-4100-a363-f6b15376b56e","Nepenthes spectabilis Danser","Sibolangit, Sibajak, alt. 1800 m, 5.6.1920, Lörzing 7308. (Lectotype: BO.) ;  (Isotypes: BO., L.).",""
"2f2c2932-3857-4a70-8033-4fabc44cc8ba","Nepenthes indica Poir.","",""
"c7bea8ad-06f6-435b-aff1-5f0fa123ca84","Nepenthes stenophylla Mast.","Borneo, J. Veitch & Sons s.n. (Lectotype: K.) ; Borneo, Sarawak, 2nd Summit Bukit Lawi, alt. 1840 m, 17.8.1985, Awa & Lee S 50879. (Epitypes: K. [fide Cheek & Jebb (2001)] , KEP. [fide Cheek & Jebb (2001)] , L. [fide Cheek & Jebb (2001)] , SAN. [fide Cheek & Jebb (2001)] , SAR. [fide Cheek & Jebb (2001)] ).",""
"f6df69b3-3e76-47cb-a497-c2ca60473ee6","Nepenthes hirsuta var. glabrescens W.G. Sm.; Nepenthes smithii Beck","",""
"232482bd-f70d-4916-8ccf-de3cb238b9b1","Nepenthes sandakanensis var. ferruginea J.H.Adam & Wilcock","Borneo, Sabah, Telupid, Bukit Tawai, alt. 1020 – 1200 m, 26.2.1982, Jumaat 1151. (Holotype: UKMS.).",""
"2b2e5370-bbe7-41b0-8b42-856c5a1705ca","Nepenthes sandakanensis var. eglandulosa J.H.Adam & Wilcock","Borneo, Mt Tawai, alt. 3000 ft, 19.6.1965, Meijer SAN 44442. (Holotype: SAN.).",""
"b9c75c5f-e8b3-46fa-8266-766660f97b65","Nepenthes ampullaria var. longicarpa Becc.","",""
"051145f4-cb43-481e-925d-9b528230ad27","Nepenthes ampullaria var. racemosa J.H.Adam & Wilcock","",""
"dd242838-f003-49c1-91e4-51abb05dbd65","Nepenthes ampullaria var. guttata Moore","",""
"7420bafd-7d4c-4205-bd9f-45475745f5eb","Nepenthes argentii Jebb & Cheek","Philippines, Sibuyan Isl., alt. 1400 m, 27.8.1989, Argent & Reynoso 89119. (Holotype: K.) ;  (Isotype: PNH.).",""
"e2fa8a65-1287-4caf-8e2a-63d9f93a98c2","Nepenthes aristolochioides Jebb & Cheek","Indonesia, Sumatra, Mt Kerinci, G. Tudjuh, alt. 2000 m, 5.8.1956, Meijer 6542. (Holotype: L.) ;  (Isotype: BO.).",""
"be927cd0-d098-443c-b117-bc8ff2cbb803","Nepenthes bellii K.Kondo","Philippines, Mindanao, Surigao, between Hayangobon & Carrascar, alt. 800 m, 14.4.1968, M. Kondo 11514. (Holotype: NCU.) ;  (Isotypes: KC., Nagoya.).",""
"ea9f2960-e728-467e-886b-cb0a1b386f56","Nepenthes globamphora Sh.Kurata & Toyoshima; Nepenthes globamphora Sh.Kuratanom. nud.","Philippines, Mindanao, Surigao del Sur, Mt Legaspi, alt. 270 m, 22.8.1965, S. Kurata & Toyoshima 1128. (Holotype: Nippon Dental College.).",""
"965f6eb4-c937-428a-b249-c0456a7bd637","Nepenthes benstonei C.Clarke","Malaysia, Kelantan, Bukit Bakar, alt. 530 m, 24.7.1998, C. Clarke s.n. (Holotype: KEP.) ;  (Isotypes: BO., K., L., SAN., SING.).",""
"19018631-20b4-45c8-8e8f-20e10ec7bbf9","Nepenthes bicalcarata Hook.f.","Malaysia, Borneo, Sarawak, Lawas River, H. Low s.n. (Lectotype: K.) ;  (Isotype: K.).",""
"5f24aaaa-ab22-43cb-bfb0-09875e37a7e1","Nepenthes boschiana var. lowii Hook.f.; Nepenthes maxima var. lowii (Hook.f.) Becc.","Sarawak, H. Low s.n. (Unknown type category: K.).",""
"0e0ac3a0-85dd-448d-9c27-3c7bcb75e607","Nepenthes sandakanensis J.H.Adam & Wilcock","Borneo, Sabah, Ranau, Lombong Tembaga Mamut, alt. 1400 m, 22.9.1987, Jumaat 2298. (Holotype: UKMS.) ;  (Isotypes: ABD., SNP.).",""
"be4733a9-fbea-47dd-970b-76c819dddf8b","Nepenthes macfarlanei Hemsl.","Peninsular Malaysia, Perak, nearly on top of G. Bubu, alt. 4800-5300 ft, 1885, King’s Collector 7421. (Lectotype: K.) ;  (Isotype: K.).",""
"eb56d43a-72f7-43d0-8493-1d958010874c","Nepenthes fallax Beck","Borneo, H. Low s.n. (Unknown type category: W.).",""
"fb59a527-18f3-4272-9e3c-a94b8aac8d66","Nepenthes boschiana var. sumatrana Miq.; Nepenthes maxima var. sumatrana (Miq.) Becc.; Nepenthes sumatrana (Miq.) Beck","Sumatra, Sibolga, alt. 0 m, 2.1856, Teijsmann 535. (Unknown type categorys: BO., L., U.).",""
"f4badacc-7060-4f04-8dd4-396ee03a319c","Nepenthes macrophylla (Marabini) Jebb & Cheek","Borneo, Sabah, Mt Trus Madi, alt. 2500 m, 1983, Marabini 2167/48. (Holotype: ER.) ;  (Isotype: M.).",""
"2ab93237-9d5d-4d00-bd8e-dc096da6b1bc","Nepenthes edwardsiana subsp. macrophylla Marabini","",""
"f4247817-7644-4d9e-ba2a-725caac83430","Nepenthes spinosa Tamin & M. Hottanom. nud.","",""
"e2a429bf-f09b-429d-a352-23bc0456d7ea","Nepenthes macrovulgaris J.R. Turnbull & A.T. Middleton; Nepenthes macrovulgaris Lowrienom. nud.","Borneo, Sabah, Mt Silam, alt. 550 m, 4°58'N, 118°10'E, 1.6.1981, Turnbull & Middleton 81166j. (Lectotype: K.) ;  (Isotypes: BO., K., L., US.).",""
"714760fc-3f21-4001-a1eb-68d330c731df","Nepenthes longifolia Nerz & Wistuba","Sumatra, West Sumatera, Taram, Tjampo Mts, alt. 1000 m, 25.9.1992, J. Nerz 2801. (Holotype: L.).",""
"c66ebbec-779b-485e-8913-3515d261dbe1","Nepenthes mapuluensis J.H.Adam & Wilcock","Borneo, E Kalimantan, Berouw, Mt Ilas Mapulu, alt. 800 m, 23.9.1957, Kostermans 14017. (Lectotype: L.) ;  (Isotypes: BO., K., L.).",""
"8ec0a4cf-3c6a-4bf9-b93e-131de018068d","Nepenthes rafflesiana var. longicirrhosa Tamin & M. Hottanom. nud.","",""
"4e544088-3636-49b9-9d2a-7b82296f907b","Nepenthes maxima Reinw. ex Nees","Sulawesi, Manado, G. Roemengan, 1821, C. Reinwardt 1537. (Unknown type category: L.).",""
"a3b8463e-2400-4e1c-b9cd-1b62452b0d51","Nepenthes dyak S.Moore","",""
"84019e14-2df6-43ba-b9cc-5b929ce67303","Nepenthes bongso Korth.","Indonesia, Sumatra, G. Merapi, alt. 2500 m, P. Korthals s.n. (Lectotype: K.) ;  (Isotypes: B., W.).",""
"441af4cd-ef63-4982-a5ea-cdf8ecb61ea3","Nepenthes carunculata Danser","",""
"ffae616a-28af-420e-b1ce-ae618c6c50c6","Nepenthes carunculata var. robusta Nerz & Wistuba","",""
"dba9b5ec-1004-43f4-89eb-2701729cc97a","Nepenthes boschiana Korth.","Indonesia, Borneo, S Kalimantan, G. Sakoembang, alt. 950 m, 1836, P. Korthals s.n. (Lectotype: L.) ;  (Isotypes: B., K., L., W.).",""
"10568073-1114-4eb9-a90c-882bc824c071","Nepenthes borneensis J.H.Adam & Wilcock","Indonesia, Kalimantan Selatan, Gunong Besar, alt. 1300 – 1880 m, 18.2.1979, Murata, Kato & Mogea B-3455 (HLB. 478518).",""
"e7c3705b-cb60-4064-89b3-4832a99e7f9a","Nepenthes tentaculata Hook.f.","Borneo, Sarawak, alt. 810 m, 1857, Lobb 83. (Lectotype: K.).",""
"bbd766c3-7076-4480-9838-b77e365bdbfe","Nepenthes oblanceolata Ridl.","New Guinea, Carstensz Mts, camp VIa, alt. 930 m, C. Kloss. (Lectotype: K.).",""
"8fb501f0-4df0-49f7-b3bc-75a0a8bb9717","Nepenthes tentaculata var. imberbis Becc.","Borneo, Sarawak, Kuching, Mt Matang, O. Beccari 2930.FI.",""
"bf8b6299-1546-481a-9439-9c597e3c5af1","Nepenthes curtisii var. superba Hort.Veitch ex J.Marshallnom. subnud. ; Nepenthes maxima var. superba (Hort.Veitch ex J.Marshall) Veitch","",""
"559d3e2d-1335-4e0e-8109-386511e47768","Nepenthes tentaculata var. tomentosa Macfarl.","Borneo, Sabah, Kinabalu, F. Burbidge s.n. (Unknown type category: K.).",""
"aa98902d-2d81-463e-bd4b-eafbce835cb9","Nepenthes tobaica Danser","Sumatra, Habinsaran plateau, ESE of Lake Toba, alt. 1200 – 1300 m, 11.5.1919, Lörzing 6573. (Lectotype: BO.) ;  (Isotypes: BO., L.).",""
"fe50a927-9987-498e-95aa-c3191090eb02","Nepenthes celebica Hook.f.","Sulawesi, Gorontalo, Meyer s.n. (Lectotype: K.).",""
"7ab3fd3b-7aa9-4f92-8ccb-29839c8b6bc2","Nepenthes tomoriana Danser","Sulawesi, Gulf of Tomori, G. Kolonodale, 9.1913, Rachmat 645. (Lectotype: BO.) ;  (Isotypes: BO., L.).",""
"cc392d64-0681-4798-a031-6bcb0d3891a6","Nepenthes maxima var. minor Macfarl.","New Guinea, Arfak Mts, L. Gibbs. (Unknown type category: BM.).",""
"3815c82d-5db3-4429-b867-833d845622fd","Nepenthes treubiana Warb.","New Guinea, McCluer Gulf, Sigar, 1889, O. Warburg 20581. (Unknown type category: B.).",""
"3ad195c7-43ee-40e7-8a1b-ab5218a1b7cc","Nepenthes curtisii Mast.","Sulawesi, G. Sopoetan (= G. Soputan), alt. 5000 m, Curtis 426. (Lectotype: K. [fide Cheek & Jebb (2001)] ).",""
"cb6da990-f610-4bcf-a002-0ebf66b39cac","Nepenthes ×trichocarpa Miq.","Sumatra, Sibolga, alt. 0 m, 2.1856, Teijsmann 532 p.p.BO., L., U.",""
"bf1c6640-7a85-4184-8286-52e57960cad1","Nepenthes merrilliana Macfarl.; Nepenthes merrillii Elmer","Philippines, Mindanao, Surigao Province, Dinagat Island, alt. 20 m, 1907, Hutchinson 7545.PNH.",""
"af59a2cf-8b3e-4036-9f5a-200087d8afa1","Nepenthes trichocarpa var. erythrosticta Miq.","Sumatra, Sibolga, alt. 0 m, 2.1856, Teijsmann 533 p.p.BO., L., U.",""
"3bf580cf-a77c-45c3-9e84-9a788286ac31","Nepenthes surigaoensis Elmer","Philippines, Mindanao, Agusan Province, Mt Urdaneta, alt. 1700 m, 9.1912, A. Elmer 13705 p.p.PNH†?.",""
"91ad6b3f-2018-4947-829e-843316460d60","Nepenthes truncata Macfarl.","Philippines, Mindanao, Surigao Province, near Samsolang, alt. 600 m, 1907, Allen 191. (Unknown type category: ?PENN.).",""
"790a369f-fccd-42fe-a794-9965e52d91fb","Nepenthes sp. Hopkins B. Salmon & Maulder; Nepenthes mikei Salmon & Maulder","cult. ex Sumatra, S. Utara Province, Lake Toba, Mt Pangulubau, alt. 2000 m, 17.2.1995, B. Salmon & R. Maulder AK 221719. (Holotype: AK.).",""
"ce81564d-ca71-4a10-8af8-3d43975232b7","Nepenthes burbidgeae Hook.f. ex Burb.","Malaysia, Borneo, Sabah, Mt Kinabalu, F. Burbidge s.n. (Lectotype: K.) ;  (Isolectotype: K.).",""
"de3043e9-ca9a-46e8-b6af-8ed39e713fff","Nepenthes ×alisaputrana J.H.Adam & Wilcock; Nepenthes burbidgeae Hook.f. ex Burb. × Nepenthes rajah Hook.f.","Borneo, Sabah, Mt Kinabalu, alt. 1900 m, 2.2.1988, J. Adam & al. 2442-4 . (Holotype: UKMS.) ;  (Isotypes: , ABD., BO., K., L., SAN., SAR., UKMS.).",""
"96965817-60fb-465e-89f1-0c2d699a2326","Nepenthes burkei Mast.","Philippines, cultivated from material collected by David Burke from Mindoro, J. Veitch & Sons s.n. (Lectotype: K.).",""
"245c98db-3db7-43e6-a8d8-7c7041713054","Nepenthes burkei var. excellens Veitch","",""
"5fb890db-7dbf-4144-ada7-0136f56ce914","Nepenthes burkei var. prolifica Mast.","",""
"b53c7b28-3069-4a52-b5ca-d68c128393a5","Nepenthes angasanensis Maulder, D.Schub., B.R.Salmon & B.Quinn","Sumatra, Aceh Province, G. Puncak Angasan, slopes above Penosan, alt. 2500 m, 25.9.1997, B. Salmon & R. Maulder 234372. (Holotype: AK.) ;  (Isotypes: BO., K.).",""
"0941b6fa-e578-4677-87f6-4d1d56b9970e","Nepenthes mira Jebb & Cheek","Philippines, Palawan, fl, 22.1.1998, G. C. G. Argent, Q. Cronk, M. Mendum, D. Middleton, P. Wilkie, R. Fuentes & R.V. Chavez 25438. (Holotype: K.) ;  (Isotypes: E., PNH.).",""
"1e7cc198-3301-4f9e-82a8-0d331ab5dee9","Phyllamphora mirabilis Lour.; Nepenthes phyllamphora Willd.; Nepenthes mirabilis (Lour.) Druce","Vietnam, near Hue, J. de Loureiro s.n.P.",""
"0d7a312d-f0d9-4da5-ab3c-6517fc665b17","Nepenthes echinostoma Hook.f.; Nepenthes mirabilis var. echinostoma J.H.Adam & Wilcock","Borneo, Sarawak, Kuching, O. Beccari 121.FI., K.",""
"26128b0f-ef07-4671-a8c4-e8bfa0d70784","Nepenthes kennedyi Benth.","Australia, Commonwealth of, [Queensland, Cape York, near Somerset] ""Ad oppidulum Somerset juxta promontorium Cape York""., Jardine s.n.MEL.",""
"a24fcff8-a7dd-4402-b6e2-b8763f7f3378","Nepenthes moorei F.M.Bailey","Australia, Queensland, Somerset, Jardine s.n.BRI.",""
"368b5724-839e-4a6e-b4b7-2fa50e9bcce7","Nepenthes campanulata Sh.Kurata; Nepenthes campanulata Sh.Kuratanom. nud.","Indonesia, Borneo, E Kalimantan, Sankulirang, Ilas Bungaan, upriver from Sangkulirang, alt. 300 m, 9.9.1957, Kostermans 13764. (Holotype: SING.) ;  (Isotypes: A., BM., BO., CANB., K., KEP., L., NY.).",""
"99e2d6d0-ad32-4acb-a01b-034ba59bdae2","Nepenthes clipeata Danser","Indonesia, Borneo, W Kalimantan, G. Kelam, 2.1894, H. Hallier B 2344. (Lectotype: BO sh. 1711-04.) ;  (Isotypes: BO., K.).",""
"52ee97d6-88b2-4a7b-b166-8d03c55b44ee","Nepenthes danseri Jebb & Cheek","Indonesia, New Guinea, West Papua, Waigeo Island, Go village, alt. 100 m, 8.9.1992, M. Jebb 989. (Holotype: K.) ;  (Isotypes: BO., BRI., CANB., L., LAE., MAN.).",""
"3d090a14-2ee4-4fa6-bfca-e2a7ec07d503","Nepenthes densiflora Danser; Nepenthes bongso Korth. × Nepenthes pectinata Danser","Indonesia, Sumatra, Aceh, Gajo Land, Poe-tjoek Angasan, biv. I to biv. II, alt. 2400 m, 28.1.1937, Van Steenis 8331. (Lectotype: BO.) ;  (Isotypes: L., SING.).",""
"5f1a8a38-78c6-41d8-94b6-601a0cb74a3c","Nepenthes diatas Jebb & Cheek","Sumatra, Aceh Province, G. Bandahara, 10 km NE of Seldok, 25 km N of Kutacane, De Wilde & De Wilde-Duyfjes 14927. (Holotype: L.) ;  (Isotype: K.).",""
"c650c1e7-d0d0-4d4c-ae0c-d781a8b7b611","Nepenthes dubia Danser","Indonesia, Sumatra, Mt Talamaku (Ophir), alt. 1900 m, 29.5.1917, Bünnemeijer 938. (Lectotype: BO. [fide Jebb & Cheek (1997)] ) ;  (Isotype: BO.).",""
"23cc0ba0-3a30-45ac-acd1-ce4bea136a18","Nepenthes tenuis Nerz & Wistuba","Sumatra, Taram, river Tjampo, alt. 1000 m, 24.8.1957, Meijer 6949. (Holotype: L. [fide Nerz & Wistuba (1995)] ).",""
"5f955fe8-65ec-4a67-bbc8-f6b13c71839e","Nepenthes phyllamphora var. platyphylla Blume","",""
"d7d10e20-5c14-499b-85a0-96555d98c03b","Nepenthes garrawayae F.M.Bailey","Australia, Queensland, between York Downs & Weipa, Garraway s.n.BRI.",""
"f5b7174b-59ef-48b5-a0e4-834bc4f0bee6","Nepenthes cholmondeleyi F.M.Bailey","Australia, Queensland, 5 miles S Jardine River, Cholmondeley Jardine s.n.BRI.",""
"7fdea469-1cd8-4cb2-8462-e5ddc3f955b3","Nepenthes moluccensis Oken","",""
"e0600bb0-13cd-45e4-9702-0d6b9e172b2d","Nepenthes phyllamphora var. pediculata Lecomte","Laos, Champasak Prov., Sémoun Basin, Harmand 47. (Unknown type category: P.).",""
"e9ef3f55-b1e1-4426-a788-6de9ecb7e5b3","Nepenthes phyllamphora var. macrantha Hook.f.","Borneo, Sarawak, O. Beccari s.n.FI.",""
"9f6bd724-93b4-4522-8dda-f1300d21aa7a","Nepenthes pascoensis F.M.Bailey","Australia, Queensland, Head of Pascoe River, Garraway s.n.BRI.",""
"c6b1a65c-a251-439d-973d-19a2a0b220a4","Nepenthes rowanae F.M.Bailey","Australia, Queensland, Somerset, Jardine s.n.BRI AQ#278790.",""
"3c260d2b-9390-422a-96fd-3cf816e3c55f","Nepenthes edwardsiana H.Low ex Hook.f.","Malaysia, Borneo, Sabah, Mt Kinabalu, N side, alt. 6000-8000 ft, 1877-1878, H. Low s.n.K. [fide Jebb & Cheek (1997)].",""
"c66922c0-9614-4c68-ba07-2ef2ec513c2d","Nepenthes edgeworthii Rchb.f. ex Beck","",""
"aa9a1ec6-cbb2-4539-a15b-3ff8e085cf61","Nepenthes ×harryana Burb.","",""
"4698ab17-2672-4085-af09-1d2961786818","Nepenthes ephippiata Danser","Indonesia, Borneo, Kalimantan, Bt. Batoe Lesoeng, 28.1.1899, Amdjah 497. (Lectotype: BO sh. 1711-60. [fide Jebb & Cheek (1997)] ) ;  (Isolectotype: BO sh. 1711-61.).",""
"ff4ed179-6561-4969-aba6-a8ba2425fff8","Nepenthes eustachya Miq.","Indonesia, Sumatra, Sibolga, on the coast, 2.1856, Teijsmann 529. (Lectotype: BO.) ;  (Isotype: BO.).",""
"32b0d484-6450-4e7e-b5b2-1202d67cfaa6","Nepenthes eymae Sh.Kurata","Indonesia.Kurata, Atsumi & Komatsu 102-a Not located, probably Nippon Dental College, plate in Sh. Kurata 1984: 44, Sulawesi, G. Lumut, 1850 m, 5 Nov 1983. [fide Cheek & Jebb (2001)].",""
"d012b860-25ec-4d15-a686-a58406d6cda4","Nepenthes infundibuliformis J.R. Turnbull & A.T. Middleton","Sulawesi, G. Lumut Kecil, alt. 1500 m, 1°3'S, 121°41'E, 20.9.1983, Turnbull & Middleton 83148a.BO.",""
