"ForeignKey","ReferencedTable","ExternalIdentifier","IdentifierType"
"04f366c7-9cbc-4f21-8a0d-4478d06a1f72","ScientificName","wfo-0001302680","WFO Name Identifier"
"0ef5a59e-1b58-4240-a211-c2616487c769","ScientificName","wfo-0000381530","WFO Name Identifier"
"9eca449e-ea04-4ca7-8247-aeba3647075a","ScientificName","wfo-0000381908","WFO Name Identifier"
"86def446-b223-4481-a2aa-8cd911ee1786","ScientificName","wfo-0000744333","WFO Name Identifier"
"04df5fb7-c553-4c20-9825-2aff59281d94","ScientificName","wfo-0000382022","WFO Name Identifier"
"e1742fb6-01b9-401d-ba95-d6ac367e6a36","ScientificName","wfo-0000381559","WFO Name Identifier"
"03829f39-e62d-4033-8dcd-c51a95aec8e9","ScientificName","wfo-0001302525","WFO Name Identifier"
"0cd266bd-c2be-434d-b14b-f23e276449e6","ScientificName","wfo-0001302618","WFO Name Identifier"
"c1f15a87-ee2b-42a1-a6a9-cab4862d7733","ScientificName","wfo-0000744332","WFO Name Identifier"
"2bc2b3a1-5bce-4609-b50b-306148e585d9","ScientificName","wfo-0001086539","WFO Name Identifier"
"8f1743cf-fd13-4f7e-85c3-f4c3cf733ea4","ScientificName","wfo-0000381449","WFO Name Identifier"
"3a973652-daf0-4b49-84f4-aee0e842c4b3","ScientificName","wfo-0001302547","WFO Name Identifier"
"66d708f1-2569-419d-94f8-18f38782c148","ScientificName","wfo-0000381954","WFO Name Identifier"
"7a3ad598-9838-4511-993f-84c986cdb405","ScientificName","wfo-0000381447","WFO Name Identifier"
"66e665b7-8473-4aef-a17e-aace34e8544b","ScientificName","wfo-0001302557","WFO Name Identifier"
"69946992-a118-4b5e-ad24-2352db1461ac","ScientificName","wfo-0001302601","WFO Name Identifier"
"cddd15a3-7a0d-4ca5-b955-be0289b645b5","ScientificName","wfo-0001302542","WFO Name Identifier"
"6ae10e98-11bb-48af-a0d0-e55aa2cbccdc","ScientificName","wfo-0000381576","WFO Name Identifier"
"7b8e4249-716e-4470-a5b4-1b9fc8a8a755","ScientificName","wfo-0001302612","WFO Name Identifier"
"c1b4abb2-9bf9-4a69-9342-d3db8a117d66","ScientificName","wfo-0001302621","WFO Name Identifier"
"d3d2b5f7-bde8-4d93-b1ab-e5990c84bd92","ScientificName","wfo-0000382385","WFO Name Identifier"
"8c25ce17-7fc3-4e82-ac47-082adcbfb302","ScientificName","wfo-0000382010","WFO Name Identifier"
"88a63ac3-e7a1-41a1-b759-c9e19dc07586","ScientificName","wfo-0000382400","WFO Name Identifier"
"8b6c1f34-e660-40cb-ad31-5a95f4d5c56c","ScientificName","wfo-0000381941","WFO Name Identifier"
"c1c682fb-7844-4232-8231-5de6d81d6186","ScientificName","wfo-0000381915","WFO Name Identifier"
"479afd86-d6ae-423c-aef7-f151f1fa2082","ScientificName","wfo-0000381560","WFO Name Identifier"
"96a27c84-7513-47d5-b13e-92d2bc289553","ScientificName","wfo-0000382019","WFO Name Identifier"
"4283d750-17fb-4e62-a1ac-05ac390b6b48","ScientificName","wfo-0001302574","WFO Name Identifier"
"bcd651c6-bdac-4c68-be26-8a4b49683cdf","ScientificName","wfo-0001302544","WFO Name Identifier"
"bbd0116e-9fbb-4680-a579-e20107f7ef93","ScientificName","wfo-0000381544","WFO Name Identifier"
"79107264-3717-461b-ac34-f26e1b9a7af8","ScientificName","wfo-0000381956","WFO Name Identifier"
"03b002a0-703e-42af-8f2b-e8e292ee5103","ScientificName","wfo-0000382001","WFO Name Identifier"
"37b8c95b-7f5b-4705-860c-64167c958207","ScientificName","wfo-0000381996","WFO Name Identifier"
"b613704c-bb7d-4671-ab95-db4dfe498203","ScientificName","wfo-0000381519","WFO Name Identifier"
"582ffa13-1a49-4137-bfa8-9ff84dcd73d9","ScientificName","wfo-0000381909","WFO Name Identifier"
"2c85f986-09eb-415a-9a12-65809f6ece06","ScientificName","wfo-0000382007","WFO Name Identifier"
"0cf8fa18-b0c7-4938-8ddf-e999f4610caa","ScientificName","wfo-0000382377","WFO Name Identifier"
"ac7f5e35-94b4-4316-a4c4-5c80d47c9e35","ScientificName","wfo-0001302696","WFO Name Identifier"
"87479ab1-f012-4f79-9f59-4cd687749acd","ScientificName","wfo-0000381925","WFO Name Identifier"
"ca495825-16cd-4098-9e74-240842ca5908","ScientificName","wfo-0000381566","WFO Name Identifier"
"e03952d5-a03a-450f-b5b8-eabdc4e35bb1","ScientificName","wfo-0000381999","WFO Name Identifier"
"412f3770-d235-421a-9c6a-f39736cbba6a","ScientificName","wfo-0000507678","WFO Name Identifier"
"360cca0d-72d6-4e2b-bdcf-179af9e56b53","ScientificName","wfo-0001302642","WFO Name Identifier"
"a6d22ce8-9cab-4a72-a706-c6fc22058c3e","ScientificName","wfo-0000381556","WFO Name Identifier"
"74a2ce1e-3fe1-4fe4-82b8-06966ff0fff6","ScientificName","wfo-0000746843","WFO Name Identifier"
"3712b036-a9e9-4790-a5a1-7ec898415169","ScientificName","wfo-0000381944","WFO Name Identifier"
"8a30aa9a-d4bf-4b1c-be2e-44c60d219254","ScientificName","wfo-0000381916","WFO Name Identifier"
"59f9f3cc-a24f-4dec-99c2-b211a1098c7c","ScientificName","wfo-0000744336","WFO Name Identifier"
"fce0530c-96db-47aa-92f3-b721a5415fb4","ScientificName","wfo-0000381446","WFO Name Identifier"
"34d0ce1c-a9ec-4065-940d-ea729eee0a91","ScientificName","wfo-0001302558","WFO Name Identifier"
"41692004-46e9-4547-b96d-43536d5ee4d0","ScientificName","wfo-0001302507","WFO Name Identifier"
"03640e85-10e1-4911-a95f-8ccf158473f3","ScientificName","wfo-0001302649","WFO Name Identifier"
"4ceebfc8-2e97-447f-b4db-0eb6f45400b5","ScientificName","wfo-0000382395","WFO Name Identifier"
"de618999-8a0d-4d3e-8eeb-b52f87a2c17b","ScientificName","wfo-0000381971","WFO Name Identifier"
"edbc78b3-0cb9-4276-9dcf-ead8cf19236e","ScientificName","wfo-0000382373","WFO Name Identifier"
"0b29f19f-725d-4c06-9d93-92a9ca8d34c0","ScientificName","wfo-0001302579","WFO Name Identifier"
"72f262da-760b-46ef-b8f2-708fa23432bf","ScientificName","wfo-0000381464","WFO Name Identifier"
"76bc3793-7b1a-4194-aaab-db096c8c1851","ScientificName","wfo-0000381889","WFO Name Identifier"
"4e6867a4-9092-432a-80c7-c5c9cd236730","ScientificName","wfo-0001302650","WFO Name Identifier"
"2690fa73-6edf-4d82-8620-5c3b2dce2b67","ScientificName","wfo-0000382018","WFO Name Identifier"
"eb77687d-c7c5-498b-b340-ed51b76f847c","ScientificName","wfo-0000382374","WFO Name Identifier"
"d37e7775-02cd-46e5-9bf8-3d679a255a34","ScientificName","wfo-0000381905","WFO Name Identifier"
"964b50a7-e093-4139-8393-cdeedbd943a0","ScientificName","wfo-0000381920","WFO Name Identifier"
"7b24b4b9-a768-4a2b-bb3e-faa80bb322c8","ScientificName","wfo-0000381935","WFO Name Identifier"
"709bb330-c0bb-42c0-8a2a-345e5844904f","ScientificName","wfo-0000381496","WFO Name Identifier"
"e9d3e96d-5779-41d6-8c37-fc30ab11d486","ScientificName","wfo-0000382032","WFO Name Identifier"
"d331a989-4440-47bc-9973-68964ed65e27","ScientificName","wfo-0000381555","WFO Name Identifier"
"38c8d376-076a-4703-b42d-ae360c0c8bf6","ScientificName","wfo-0000382008","WFO Name Identifier"
"56c6712d-8378-46f5-865d-691e5510e585","ScientificName","wfo-0001302567","WFO Name Identifier"
"dc4bc11f-bd09-445b-900c-058a5352a1bb","ScientificName","wfo-0001302606","WFO Name Identifier"
"a6c786eb-6188-40e2-adc6-366a6e67d03c","ScientificName","wfo-0001302535","WFO Name Identifier"
"57c154fe-caac-4391-aaa1-3e4ff4330433","ScientificName","wfo-0000381973","WFO Name Identifier"
"8c27378d-3259-41ee-aec9-e15b38cc365f","ScientificName","wfo-0001302519","WFO Name Identifier"
"d590840d-4872-445b-b144-06f3b7e58243","ScientificName","wfo-0001302641","WFO Name Identifier"
"175a4527-50a4-4bf2-88ee-4a7db153617b","ScientificName","wfo-0000381535","WFO Name Identifier"
"f9330f84-2e46-4aaa-a5c7-4efe13b9c0d2","ScientificName","wfo-0001302548","WFO Name Identifier"
"02452212-7eb6-4914-86fc-ac9d82e3843a","ScientificName","wfo-0000381947","WFO Name Identifier"
"101911bc-d26a-496b-afd7-35a67cea7a24","ScientificName","wfo-0001302646","WFO Name Identifier"
"5ae2238c-b57b-4f05-9310-a731cef203ed","ScientificName","wfo-0000381979","WFO Name Identifier"
"2d987390-e7d4-4e24-9c5f-11957e5ccca5","ScientificName","wfo-0001302653","WFO Name Identifier"
"d1947313-9dbd-4ec1-9e32-d82a49340336","ScientificName","wfo-0001302598","WFO Name Identifier"
"7b2c9379-d4b3-41e4-812f-5cd0ed453a17","ScientificName","wfo-0001302505","WFO Name Identifier"
"5bc9f4bd-b289-4737-b1f7-c3c435ff1a79","ScientificName","wfo-0001086537","WFO Name Identifier"
"ecc6c01e-e0d9-43a6-8c42-bb782f8739e6","ScientificName","wfo-0000381995","WFO Name Identifier"
"ad8846a3-7228-49b9-91d6-feb367b7436d","ScientificName","wfo-0001302603","WFO Name Identifier"
"1c906cac-0928-48be-ab41-ee3378bb764c","ScientificName","wfo-0001302599","WFO Name Identifier"
"7cd2b9bc-0016-4911-9a4e-fb0a0ed726cc","ScientificName","wfo-0000382017","WFO Name Identifier"
"60144ac3-a6a7-404d-baeb-8818185ba48f","ScientificName","wfo-0001302638","WFO Name Identifier"
"ec6f98b8-fea2-42d0-a3e6-64523245020f","ScientificName","wfo-0000381933","WFO Name Identifier"
"c07fe683-6903-42ec-81e8-9704252e0004","ScientificName","wfo-0000381465","WFO Name Identifier"
"fdd49e8e-53c6-4341-a32b-47c1f8f1e7ed","ScientificName","wfo-0000381934","WFO Name Identifier"
"51d30371-f74e-4c38-afa5-eb6ad627eff9","ScientificName","wfo-0000382389","WFO Name Identifier"
"fb3c42a3-8fc7-4dae-972c-1ff104b29c2f","ScientificName","wfo-0001302514","WFO Name Identifier"
"8598b193-29f9-49ce-8484-c95e0d547414","ScientificName","wfo-0000381545","WFO Name Identifier"
"0dba63ef-e60d-4817-ab1c-d344b11f4ccc","ScientificName","wfo-0000382386","WFO Name Identifier"
"c1f276e9-3079-4935-936c-375b2c1e8079","ScientificName","wfo-0001302630","WFO Name Identifier"
"ed10bc77-0b8c-4f55-803d-f8ccbf7b11ea","ScientificName","wfo-0000381991","WFO Name Identifier"
"34b38fb8-8110-477c-9668-ef104e04f517","ScientificName","wfo-0000382371","WFO Name Identifier"
"c1ad1f1e-fcee-4f45-8033-f06c2c38ed05","ScientificName","wfo-0001302697","WFO Name Identifier"
"4ca50c08-7a3d-4548-888e-7f646a336013","ScientificName","wfo-0000381543","WFO Name Identifier"
"1d43a3d5-4417-499b-b4b8-d1ecb3f39463","ScientificName","wfo-0001302682","WFO Name Identifier"
"813ecad8-47f8-4822-9d3c-1f67d66ac48b","ScientificName","wfo-0000381531","WFO Name Identifier"
"9c23724c-2960-4cd6-b2fd-7e75fc98ceb4","ScientificName","wfo-0000748679","WFO Name Identifier"
"39394dc7-b18d-4535-a8cc-6ef34936a4be","ScientificName","wfo-0001086534","WFO Name Identifier"
"40481152-f5ac-4400-af21-85dd4cdd833d","ScientificName","wfo-0001302691","WFO Name Identifier"
"3c876a8a-cd2b-4e9a-a894-b5d275481663","ScientificName","wfo-0001302623","WFO Name Identifier"
"f2a31e97-f2b6-4aec-a4d7-38b9eca81ee3","ScientificName","DUMMY_excluded_names","WFO Name Identifier"
"7a779026-a570-458a-a590-d245074d3606","ScientificName","wfo-0001302509","WFO Name Identifier"
"000627fe-eb39-4c1d-a80d-506abc315540","ScientificName","wfo-0000381569","WFO Name Identifier"
"41540040-0e56-47e5-933c-af8ebd7a6216","ScientificName","wfo-0000382375","WFO Name Identifier"
"db9ef742-3de3-4ee0-9fa0-42f225f4eb57","ScientificName","wfo-0000382005","WFO Name Identifier"
"cbbf70f0-23dc-4844-8780-6c2e93abcbb3","ScientificName","wfo-0000507681","WFO Name Identifier"
"577d865f-e2d1-4120-ae16-e96bec458704","ScientificName","wfo-0000381972","WFO Name Identifier"
"b3555ec9-8624-437c-ac99-67c85ca6aa70","ScientificName","wfo-0000381575","WFO Name Identifier"
"a582f98b-9a08-4b7b-91b5-e6196fad50ee","ScientificName","wfo-0001302614","WFO Name Identifier"
"c867db83-ff3c-4098-be51-b14178dc0177","ScientificName","wfo-0001302626","WFO Name Identifier"
"c8b56b1c-3146-412b-81a1-ff2190e78099","ScientificName","wfo-0000382014","WFO Name Identifier"
"54ab4901-e3a6-462e-afe6-e6490f1d31ab","ScientificName","wfo-0000381565","WFO Name Identifier"
"792b7d8c-979c-427f-bf1f-6c4f0924f136","ScientificName","wfo-0000381914","WFO Name Identifier"
"011234b8-e970-4b2e-a0ba-6e8fe01de285","ScientificName","wfo-0000381926","WFO Name Identifier"
"ebbfa06f-f027-4729-b068-ef8c0204b87c","ScientificName","wfo-0000746065","WFO Name Identifier"
"a1553c29-8def-4fc4-b0e4-f06e30465cf8","ScientificName","wfo-0001302581","WFO Name Identifier"
"9323f7e3-13ea-4557-a648-6debe2bfcd61","ScientificName","wfo-0000382398","WFO Name Identifier"
"109495db-4a79-4069-b26e-0a1025be91ab","ScientificName","wfo-0001302644","WFO Name Identifier"
"0c97de60-39ac-4a99-9904-1500749f9784","ScientificName","wfo-0001302617","WFO Name Identifier"
"b08b0daa-a999-4cf0-9b1b-6c03bd5e957e","ScientificName","wfo-0000381945","WFO Name Identifier"
"f5c62475-eb2b-478f-bd6b-66f743358d9b","ScientificName","wfo-0000381515","WFO Name Identifier"
"95a9afb1-6224-46d4-b983-c2efc4de2e6d","ScientificName","wfo-0000381951","WFO Name Identifier"
"c646e380-6699-4fa2-b4a0-01f2ec79c8d0","ScientificName","wfo-0000507679","WFO Name Identifier"
"c38ce7db-fe6f-466b-a3e2-0aa341499940","ScientificName","wfo-0001086540","WFO Name Identifier"
"0ea20122-91ef-4043-91f1-be2e72d95723","ScientificName","wfo-0000381551","WFO Name Identifier"
"5fe4837a-8dad-462d-a627-afd3ae2740c0","ScientificName","wfo-0000381911","WFO Name Identifier"
"867559dd-0dcd-47b9-bf7a-fe0f1371c63f","ScientificName","wfo-0000382376","WFO Name Identifier"
"60a2c3a7-8805-4f39-b218-bbe3dda9396f","ScientificName","wfo-0001302522","WFO Name Identifier"
"9c4b5330-11e1-4e57-82bc-9c07884fc398","ScientificName","wfo-0001302591","WFO Name Identifier"
"dcf804e6-9974-42ba-ba86-f991fc69813b","ScientificName","wfo-0000381542","WFO Name Identifier"
"67f0e84a-c079-4133-96ab-7673d5f65658","ScientificName","wfo-0001302500","WFO Name Identifier"
"773bc2b5-cbc9-4636-be6a-4eb1f070156e","ScientificName","wfo-0000382034","WFO Name Identifier"
"dc8e5359-f599-4cd7-aa18-0b83ac8841d4","ScientificName","wfo-0001302572","WFO Name Identifier"
"dc9055e4-43eb-4e3b-8994-dfcb28f0d0e9","ScientificName","wfo-0001302666","WFO Name Identifier"
"b7394d3c-16a7-40ad-a5d5-34901e2c3e38","ScientificName","wfo-0001302584","WFO Name Identifier"
"cb274c0e-e559-40f6-9f58-f7bee8799af1","ScientificName","wfo-0000382379","WFO Name Identifier"
"84d9fe28-0a2c-4e34-81a8-d399734a41c0","ScientificName","wfo-0000744335","WFO Name Identifier"
"d006fd2b-51e2-4fa9-98de-7a6b6e068ee4","ScientificName","wfo-0000744334","WFO Name Identifier"
"0ebc0a80-b5c2-4d95-b625-3bfd7be51ca5","ScientificName","wfo-0000381968","WFO Name Identifier"
"cb08a3fd-d5c4-45fe-bf97-5b1073c4b65f","ScientificName","wfo-0001302510","WFO Name Identifier"
"4ca71440-cead-416c-bfdd-2858c1e10008","ScientificName","wfo-0000746850","WFO Name Identifier"
"6dc41d29-a09c-43bd-9728-c30b9ff7d12f","ScientificName","wfo-0001302562","WFO Name Identifier"
"57ac35e6-72e9-48f8-a65a-dea7f7a71042","ScientificName","wfo-0000382033","WFO Name Identifier"
"b059a129-1941-4e92-935f-7181c422c8c9","ScientificName","wfo-0000382394","WFO Name Identifier"
"ae514bbf-00b7-4fc7-b200-0193b5461a9f","ScientificName","wfo-0001302693","WFO Name Identifier"
"6f16da69-a692-43a9-81bc-9939743dd9c9","ScientificName","wfo-0001302609","WFO Name Identifier"
"09cf8e3f-5194-4afb-a8af-ff34400b5746","ScientificName","wfo-0001302506","WFO Name Identifier"
"12280190-167e-4dfb-be5c-04361f625f0e","ScientificName","wfo-0000381512","WFO Name Identifier"
"b2517703-c881-4d71-8990-d98f27c86d7a","ScientificName","wfo-0000381952","WFO Name Identifier"
"8b5f7ab1-1dab-4bcd-ad6b-217499ef6972","ScientificName","wfo-0000539729","WFO Name Identifier"
"0a944d6f-142b-4020-bb4b-7a4b2499b9ff","ScientificName","wfo-0000509841","WFO Name Identifier"
"504908e3-05f8-4e55-8b8e-2a47f1925f59","ScientificName","wfo-0001302648","WFO Name Identifier"
"95bf3b28-5683-4d51-81a0-c372736203e2","ScientificName","wfo-0001302534","WFO Name Identifier"
"da4405a4-e813-4252-912c-9ed9c6423c27","ScientificName","wfo-0000381962","WFO Name Identifier"
"43715d82-7c2d-40a4-a3b9-954dbf4d8d31","ScientificName","wfo-0001086538","WFO Name Identifier"
"1be95cf3-7044-4fca-88e1-f3b62d8930e5","ScientificName","wfo-0001302524","WFO Name Identifier"
"2858ad18-0a87-42db-a3af-04149cb3dea3","ScientificName","wfo-0001302670","WFO Name Identifier"
"a91703b6-a2fd-4cd8-816b-9365d99f0e67","ScientificName","wfo-0000746816","WFO Name Identifier"
"d2d8fe9d-2333-4b70-8af5-76a277fc7a86","ScientificName","wfo-0001302508","WFO Name Identifier"
"351e86b2-c689-42d8-83dc-57a7c4048c37","ScientificName","wfo-0001262285","WFO Name Identifier"
"de52ced8-3b34-4dac-81d9-f394df332d21","ScientificName","wfo-0000381985","WFO Name Identifier"
"b87f1563-d0ca-4e3b-8722-b3e6a9e7abb3","ScientificName","DUMMY_unresolved_IPNI_records","WFO Name Identifier"
"f1a62521-f98b-452b-b269-642a5d238934","ScientificName","wfo-0000382000","WFO Name Identifier"
"f9031d0c-2795-41af-be72-add22b584e8f","ScientificName","wfo-0001302698","WFO Name Identifier"
"03bedf4c-f980-450b-b280-d76e712a1569","ScientificName","wfo-0000381459","WFO Name Identifier"
"83d7b84b-d83f-45eb-b1e3-7f150e89e6e8","ScientificName","wfo-0001302538","WFO Name Identifier"
"f936fe2b-0719-4b8d-a5be-65b1c00c947a","ScientificName","wfo-0000381574","WFO Name Identifier"
"0f16e915-3486-46f0-a5c9-39fd471d95cf","ScientificName","wfo-0001302561","WFO Name Identifier"
"c0ddaf0f-8fee-4f5d-9b53-d059ca6dc735","ScientificName","wfo-0000507682","WFO Name Identifier"
"170421db-147a-4f5d-9632-3b5df4f6ca2f","ScientificName","wfo-0000381444","WFO Name Identifier"
"ea623b5a-2b71-40e4-92f8-f387ac4d5c6c","ScientificName","wfo-0001302692","WFO Name Identifier"
"3734753e-54f4-4e8d-bef2-36fe7bdad32a","ScientificName","wfo-0000746844","WFO Name Identifier"
"d173968e-813d-4c0e-9ba8-33380c02d4d8","ScientificName","wfo-0001302511","WFO Name Identifier"
"25febd56-749f-4327-bf71-826078af2ee5","ScientificName","DUMMY_artificial_hybrids","WFO Name Identifier"
"46967040-7c7a-4255-a699-bcc434b8425b","ScientificName","wfo-0001302513","WFO Name Identifier"
"81a80954-c267-4504-8b6a-eb6f727db9c2","ScientificName","wfo-0000744337","WFO Name Identifier"
"cb2902ce-0d8f-4212-88e1-dc7ca1f8cade","ScientificName","wfo-0000381540","WFO Name Identifier"
"d62ce33f-5134-4679-8a20-0ab5074797b0","ScientificName","wfo-0000381557","WFO Name Identifier"
"0ebe0a90-1901-4199-9518-63b28a0d924a","ScientificName","wfo-0001302592","WFO Name Identifier"
"0231f64f-9d1b-4815-87c2-1e4379c292e0","ScientificName","wfo-0001302517","WFO Name Identifier"
"8707a888-73c1-4c88-ae1f-7154694db353","ScientificName","wfo-0001302569","WFO Name Identifier"
"6f44745f-dbc2-4dd6-8913-06d34568035d","ScientificName","wfo-0001302541","WFO Name Identifier"
"16ae81ea-77bb-4890-bc8a-b51aa3e2576c","ScientificName","wfo-0000382006","WFO Name Identifier"
"a3bea5cb-f95c-447f-acd3-f690fd7a15c0","ScientificName","wfo-0000381967","WFO Name Identifier"
"696685f3-0f33-46b1-95f3-933bd777404f","ScientificName","wfo-0001302620","WFO Name Identifier"
"8e224429-fe9b-4917-bbbf-e561a074a897","ScientificName","wfo-0001302622","WFO Name Identifier"
"bf3d940c-c897-4817-85e1-852bdcd162c3","ScientificName","wfo-0000382026","WFO Name Identifier"
"ac6cccbd-6e06-44dc-8988-36172a6efffd","ScientificName","wfo-0001302637","WFO Name Identifier"
"5d5b90dc-7b68-44bc-b20b-43b3942dea00","ScientificName","wfo-0001302689","WFO Name Identifier"
"1c05740e-a27e-4c8c-b9a1-5f4782514406","ScientificName","wfo-0000381547","WFO Name Identifier"
"5405ac03-7513-4b61-87b7-42ed435f0095","ScientificName","wfo-0001302616","WFO Name Identifier"
"f008d7ab-033d-4d0e-abcd-39bb30b39488","ScientificName","wfo-0000381960","WFO Name Identifier"
"685cee5b-468a-4da2-8fe6-170482bf768a","ScientificName","wfo-0000381983","WFO Name Identifier"
"64c61795-93d0-433c-84a5-5c066b67325e","ScientificName","wfo-0001302528","WFO Name Identifier"
"a3028d90-8c6c-4818-b7fa-ca2426e3e5a9","ScientificName","wfo-0000381924","WFO Name Identifier"
"8a0a4688-0474-4dcf-8d37-62a45839c4c7","ScientificName","wfo-0000381514","WFO Name Identifier"
"03feeba0-fe64-4030-b2f0-8f2cc4983272","ScientificName","wfo-0001302530","WFO Name Identifier"
"2b5020f7-395b-4028-b6f8-5f4a07223548","ScientificName","wfo-0000381571","WFO Name Identifier"
"c0027047-90bd-4098-9df9-b8ecca312d85","ScientificName","wfo-0000381980","WFO Name Identifier"
"0b9be8b6-0c9f-4bd2-a3e8-bc8688226abe","ScientificName","wfo-0000381513","WFO Name Identifier"
"ca793248-b416-43da-85ee-2a1cc8c70592","ScientificName","wfo-0000382023","WFO Name Identifier"
"44b62dc6-58e3-4471-9f6a-56a5c7e98249","ScientificName","wfo-0000382399","WFO Name Identifier"
"3383cbba-6d37-4a37-b28e-a19d196cd27c","ScientificName","wfo-0000381957","WFO Name Identifier"
"d32b4b45-e744-44f3-92a4-4301d721ca88","ScientificName","wfo-0001086536","WFO Name Identifier"
"210cc222-fbef-4eaf-aeac-7ebae495a938","ScientificName","wfo-0000381451","WFO Name Identifier"
"f231304c-843b-4887-8c6a-e4c299f9544f","ScientificName","wfo-0000746066","WFO Name Identifier"
"e4868ad7-db0f-45a0-b09b-c0cf8e9163d7","ScientificName","wfo-0000382393","WFO Name Identifier"
"7c66f3c2-71ec-4e98-897d-11459d054bbb","ScientificName","wfo-0000381546","WFO Name Identifier"
"e465ca4d-9d94-46b4-9b93-e76da5ad633b","ScientificName","wfo-0000381982","WFO Name Identifier"
"135e7c4b-10e3-4e0f-a2a4-91ce14b02001","ScientificName","wfo-0000382009","WFO Name Identifier"
"57ccf298-9e60-4be4-b649-440f845e2640","ScientificName","wfo-0001302543","WFO Name Identifier"
"2625eb5b-89bb-4967-812c-b685b3c92d00","ScientificName","wfo-0001302554","WFO Name Identifier"
"6f515881-e00c-41f6-9176-35cc43f203b2","ScientificName","wfo-0000381536","WFO Name Identifier"
"4da42dbb-3468-4b8f-b81d-79a924295b31","ScientificName","wfo-0000381913","WFO Name Identifier"
"6589bb3c-46ae-4911-a2bd-27e8d540e529","ScientificName","wfo-0001302608","WFO Name Identifier"
"855b7ef4-5059-46cd-9524-f1bb0bee06ed","ScientificName","wfo-0001302673","WFO Name Identifier"
"a6a677b7-feaf-4ebd-9016-13ad746d0855","ScientificName","wfo-0000381457","WFO Name Identifier"
"fa6ee0fc-b5c0-4b36-919c-481869eb2abf","ScientificName","wfo-0000382387","WFO Name Identifier"
"2c82ef2a-fcb6-4cdc-a27d-edb1ba4274d2","ScientificName","wfo-0001302671","WFO Name Identifier"
"b13d17ae-5573-4e3a-9137-7e700d6db1f7","ScientificName","wfo-0001086533","WFO Name Identifier"
"2bdac0fe-6209-40fd-806a-2d7c36c8da6a","ScientificName","wfo-0000381958","WFO Name Identifier"
"ea5accdc-5ffc-4f8e-b5e6-5aca869b83f3","ScientificName","wfo-0000381950","WFO Name Identifier"
"f184961f-4d3f-4644-b21f-4149f6d6ecb6","ScientificName","wfo-0001302549","WFO Name Identifier"
"78d77ce1-4874-4e79-8b0e-1f0145b338d9","ScientificName","wfo-0000381942","WFO Name Identifier"
"a30fd1ec-189b-4ebb-9b8f-5178ed0fa932","ScientificName","wfo-0001302674","WFO Name Identifier"
"cac6c818-0107-4a5a-8dd1-d6f2a22fc313","ScientificName","wfo-0001302586","WFO Name Identifier"
"04f30c5d-05db-4812-959d-7c1292b6c285","ScientificName","wfo-0000381963","WFO Name Identifier"
"56ae6478-c581-47f0-927f-4e3b3e0c25d5","ScientificName","wfo-0000381903","WFO Name Identifier"
"e0252a7c-5580-49cd-83ef-72102862c306","ScientificName","wfo-0001302563","WFO Name Identifier"
"814cfc04-46aa-43b4-95e4-3f79c3d25c90","ScientificName","wfo-0001302723","WFO Name Identifier"
"b4a4e7dd-05f0-49f4-af24-f75a1d83c5d8","ScientificName","wfo-0001302624","WFO Name Identifier"
"382ad849-8475-4e22-a8c2-d8e51010815e","ScientificName","wfo-0000382392","WFO Name Identifier"
"12190299-da3e-4abb-ad46-f59f3a998e74","ScientificName","wfo-0000381463","WFO Name Identifier"
"62126bd7-4fa6-4af4-96d4-9d40a19e7e9f","ScientificName","wfo-0000381460","WFO Name Identifier"
"8f281657-f5c2-48b5-a1fe-b0210ada789f","ScientificName","wfo-0001302595","WFO Name Identifier"
"4f810db7-638c-45d2-89f1-71db5e1dba22","ScientificName","wfo-0001302628","WFO Name Identifier"
"a290891e-bd0e-4674-934f-1ce85219762b","ScientificName","wfo-0000381943","WFO Name Identifier"
"6715c5e8-12f1-4849-aadd-dd1fd8cc6cb4","ScientificName","wfo-0000381904","WFO Name Identifier"
"f4520d37-3784-44b6-ad6d-a2cfb219e0dc","ScientificName","wfo-0001302657","WFO Name Identifier"
"88f9a7db-966a-41d6-87ab-9a1cad9fc216","ScientificName","wfo-0001302611","WFO Name Identifier"
"a91329ad-35fe-455c-bdef-6e81d70899ce","ScientificName","wfo-0001302684","WFO Name Identifier"
"f21284c2-d2a4-4bc3-83b6-05c1917b2d51","ScientificName","wfo-0000744339","WFO Name Identifier"
"a2217e00-54df-4f16-aa14-9d16d93c6e1b","ScientificName","wfo-0000381538","WFO Name Identifier"
"9b2f01b2-d323-4cc2-a668-b7fd4ad4bbdb","ScientificName","wfo-0000381990","WFO Name Identifier"
"bf422327-75b4-4e97-8d2a-dc5ccb26447c","ScientificName","wfo-0000381930","WFO Name Identifier"
"d59fff30-e190-48a7-b048-189c0f273ac6","ScientificName","wfo-0001250151","WFO Name Identifier"
"5cb57a86-5f7a-4c10-be89-30f168345211","ScientificName","wfo-0000381966","WFO Name Identifier"
"f46cc61e-2427-45d4-8687-1792a0d47a5f","ScientificName","wfo-0001302587","WFO Name Identifier"
"f41b5738-b0a0-4aad-8a93-61a4bc62da65","ScientificName","wfo-0000381462","WFO Name Identifier"
"9dbd4a90-c9c0-4212-9577-1277f4fe5353","ScientificName","wfo-0000381964","WFO Name Identifier"
"87526742-3e1b-4bbf-b1c4-7f9905b7f84d","ScientificName","wfo-0001302615","WFO Name Identifier"
"7ba8de66-9078-4a0f-b2be-6428c89f73e1","ScientificName","wfo-0001302546","WFO Name Identifier"
"2bf70865-a0da-4e4b-a88c-59fb5ebe3d2f","ScientificName","wfo-0000746818","WFO Name Identifier"
"adb5d542-7bfc-4be8-9f26-ebde664d362c","ScientificName","wfo-0001302613","WFO Name Identifier"
"53d9da12-b142-439f-a707-af4b8ffb8e96","ScientificName","wfo-0001302656","WFO Name Identifier"
"9432aceb-5fad-4b60-a862-80a6ac65edcc","ScientificName","wfo-0000381541","WFO Name Identifier"
"c6008cb6-dc83-41a2-a8fd-712ffd5ab7af","ScientificName","wfo-0000381961","WFO Name Identifier"
"06759de8-f05f-4f08-9b56-bb9ad91c3688","ScientificName","wfo-0000381975","WFO Name Identifier"
"009f62c7-1fef-40a8-960a-fdb59e7c01a1","ScientificName","wfo-0000382678","WFO Name Identifier"
"3a25501a-7ad7-407c-8062-85f13f1f83bc","ScientificName","wfo-7000000410","WFO Name Identifier"
"d34cd442-c515-4a49-aefd-85e968315adb","ScientificName","wfo-0000381577","WFO Name Identifier"
"c2d1095b-50a1-404a-b149-c12403f04146","ScientificName","wfo-0001302662","WFO Name Identifier"
"6487d5d7-ebff-4dfd-b2e7-a066cd30c146","ScientificName","wfo-0001302602","WFO Name Identifier"
"cf47a9b9-9e74-4ffa-90f0-ca09a16b1a3d","ScientificName","wfo-4001302501","WFO Name Identifier"
"233cd192-ab8d-45af-a949-569b452dd4f9","ScientificName","wfo-0000381445","WFO Name Identifier"
"b6f27366-1cd6-4eb5-be1e-07e11c5d2eb5","ScientificName","wfo-0000509839","WFO Name Identifier"
"e7d1822d-1c9b-4147-bddb-7d6d235242c6","ScientificName","wfo-0001302523","WFO Name Identifier"
"14c54bb3-e383-4311-8b51-7ae4b9acdd20","ScientificName","wfo-0000746851","WFO Name Identifier"
"ce6cadf1-435e-47d9-be71-10d98e9889b0","ScientificName","wfo-0000381988","WFO Name Identifier"
"770c154c-9786-46cb-8a7f-fe1b593161fb","ScientificName","wfo-0000381869","WFO Name Identifier"
"2b2909ae-9edd-49d3-884b-03ebb329f9f0","ScientificName","wfo-0000381987","WFO Name Identifier"
"2f77a8e0-02a1-4349-a2fa-a8333152384d","ScientificName","wfo-0001302512","WFO Name Identifier"
"6c27b773-25be-4fb0-a083-46fa36470844","ScientificName","wfo-0001262286","WFO Name Identifier"
"4664a9e8-a27a-43bd-864c-d7616cbe82c5","ScientificName","wfo-0000381548","WFO Name Identifier"
"c044c464-c6b0-4322-9f05-f995e9ae81f2","ScientificName","wfo-0001302647","WFO Name Identifier"
"3bed9c87-aa94-40ce-a2e1-eaed43ea306e","ScientificName","wfo-0001302527","WFO Name Identifier"
"68b6f10e-43ad-4292-8d22-e014a98f4f0c","ScientificName","wfo-0000382029","WFO Name Identifier"
"4493bff3-ccdb-48e1-9893-82e61135abf5","ScientificName","wfo-0000382011","WFO Name Identifier"
"906e903c-867c-4665-bf41-9a81eb9c7470","ScientificName","wfo-0001302658","WFO Name Identifier"
"ca299388-558f-432c-868f-25d27e306cd7","ScientificName","wfo-0000381454","WFO Name Identifier"
"88f6005c-d425-45ec-852c-d5e7fddf7f13","ScientificName","wfo-0000381929","WFO Name Identifier"
"8d251dd7-d4aa-4e7c-81c6-c299037affad","ScientificName","wfo-0001302536","WFO Name Identifier"
"6eb99a94-97bb-4652-9da8-8a8dd83eda3c","ScientificName","wfo-0000381564","WFO Name Identifier"
"edb9e9ad-f4cd-4642-a49a-3b356988084e","ScientificName","wfo-0001302515","WFO Name Identifier"
"c204961a-38c3-4002-9fed-7f425cdfe1b8","ScientificName","wfo-0000381928","WFO Name Identifier"
"da987fe2-520b-49d8-b3a5-8324a18b77d6","ScientificName","wfo-0000381978","WFO Name Identifier"
"7017488f-7dd2-4e1c-baf3-2bb753d85c75","ScientificName","wfo-0000382036","WFO Name Identifier"
"73aa492b-8bd3-48d8-8b53-bb24fac834ac","ScientificName","wfo-0000381520","WFO Name Identifier"
"29f13c19-9ea0-424c-bea8-b11928cd2572","ScientificName","wfo-0001302694","WFO Name Identifier"
"0eb041bf-3e00-47d9-a2f0-92f5bf68f23a","ScientificName","wfo-0001302660","WFO Name Identifier"
"cc1c08f3-f9b8-4234-a71c-748f5cff8295","ScientificName","wfo-0001302502","WFO Name Identifier"
"339a3ea3-ae33-4db9-bf43-3dfa7fd626db","ScientificName","wfo-0000381568","WFO Name Identifier"
"14a2bd42-8ce9-4882-8db2-6fcce19d577b","ScientificName","DUMMY_excluded_original_spellings","WFO Name Identifier"
"4628840f-2b14-40e3-a386-f26753dc0e18","ScientificName","wfo-0000381527","WFO Name Identifier"
"5c31aac7-c215-4ddb-8cf8-e9998876655a","ScientificName","wfo-0000381986","WFO Name Identifier"
"442dba60-d081-4e61-9183-9f5a924b1309","ScientificName","wfo-4000029377","WFO Name Identifier"
"8cc93117-b614-4c95-afd8-ffa7dd79503a","ScientificName","wfo-0000382397","WFO Name Identifier"
"997646f4-778f-49ae-9188-5f0d19889902","ScientificName","wfo-0001302668","WFO Name Identifier"
"b1d3fa06-8d74-40e6-acab-4bedebc3f716","ScientificName","wfo-0000381570","WFO Name Identifier"
"5645165d-3cf9-47dd-8090-748a6228441d","ScientificName","wfo-4000002546","WFO Name Identifier"
"9d321898-7504-409d-afef-be557a4884b1","ScientificName","wfo-0000746815","WFO Name Identifier"
"0dcdd860-1b08-472a-964a-41d1b74a2642","ScientificName","wfo-0001302699","WFO Name Identifier"
"5b9cf408-41ff-4bbc-a99f-1641dfe84cbf","ScientificName","wfo-0000381976","WFO Name Identifier"
"362e794f-2015-420c-94fd-0549599d26ae","ScientificName","wfo-0000748690","WFO Name Identifier"
"1c7d80d0-fba7-49c6-adfe-c5974dbd42e4","ScientificName","wfo-0001302540","WFO Name Identifier"
"7f202e84-fc4d-48ae-bfe9-31e032564d3f","ScientificName","wfo-0001302610","WFO Name Identifier"
"c7c857b7-a70a-4be5-9bc7-917edfaa3abf","ScientificName","wfo-0001302551","WFO Name Identifier"
"92f52af6-1447-4976-9e42-4b70d41c1653","ScientificName","wfo-0001302607","WFO Name Identifier"
"6839eeb7-41b1-46c5-bb68-a7cfd9b258c4","ScientificName","wfo-0001302531","WFO Name Identifier"
"19e3f638-2163-4705-a6bb-a9eddd79e5c3","ScientificName","wfo-0000382020","WFO Name Identifier"
"149f71f0-0666-437f-af88-939b140f1168","ScientificName","wfo-0000381939","WFO Name Identifier"
"40ce0ce0-cc64-466e-97dd-69d5c22e7376","ScientificName","wfo-0001302504","WFO Name Identifier"
"027af70b-2759-4408-bb5e-13bcd5b86982","ScientificName","wfo-0001302537","WFO Name Identifier"
"951aae19-ca46-4997-8019-7bca19b93b8f","ScientificName","wfo-0000381997","WFO Name Identifier"
"10ca0802-1320-417d-b625-94b5cddd714d","ScientificName","wfo-0001302520","WFO Name Identifier"
"1ca066f4-57ed-4dd7-81ed-2758b2c6daf5","ScientificName","wfo-4000025900","WFO Name Identifier"
"4ede1c25-eaa0-4d7f-8448-3b2973eb89c3","ScientificName","wfo-0001302578","WFO Name Identifier"
"5e548b35-8160-458c-9e85-f11280cf688a","ScientificName","wfo-0001302576","WFO Name Identifier"
"1df09277-38a4-4925-826b-83fb2fe6f6fd","ScientificName","wfo-0000382388","WFO Name Identifier"
"db4093c4-a7dc-4205-9796-246a55fda803","ScientificName","wfo-0001302529","WFO Name Identifier"
"8d9c45c6-3997-46a7-84d6-97ca97d0b145","ScientificName","wfo-0000381998","WFO Name Identifier"
"c345ac04-a25d-4dc8-80da-1c11a5331181","ScientificName","wfo-0001302585","WFO Name Identifier"
"1f5baab3-6ed2-4f07-9a96-e37ccc1c2a99","ScientificName","wfo-0000381461","WFO Name Identifier"
"c112b328-d02f-42e3-94db-967680f0fef4","ScientificName","wfo-0001302652","WFO Name Identifier"
"e3b2b938-d4f7-4f91-8b6b-d2836c7c026d","ScientificName","wfo-0000507680","WFO Name Identifier"
"7695f683-230a-467a-a03d-78ab8d82185e","ScientificName","wfo-0000381516","WFO Name Identifier"
"cd76db92-dcc9-46a7-878f-cf59f10dca9a","ScientificName","wfo-0001302568","WFO Name Identifier"
"6f96b22f-0bf5-43df-9d89-d5872c5f58bd","ScientificName","wfo-0000381989","WFO Name Identifier"
"7d163e37-f73e-44c1-813c-49afbeeffb35","ScientificName","wfo-0000382004","WFO Name Identifier"
"b32b66ca-5396-42b0-ad64-15e872ad3a1e","ScientificName","wfo-0000381932","WFO Name Identifier"
"5f57da73-dba7-4a9c-9491-ad77cfd38724","ScientificName","wfo-0000381525","WFO Name Identifier"
"080067d0-df07-42af-8908-6b084f6178dc","ScientificName","wfo-0001302654","WFO Name Identifier"
"0f40bd42-a126-444c-9ba9-11b60f72c803","ScientificName","wfo-0001302516","WFO Name Identifier"
"e1820565-257e-4cf9-8004-361230d7725a","ScientificName","wfo-0001302639","WFO Name Identifier"
"217e1dc5-3388-4470-9d91-e4288fca80a2","ScientificName","wfo-0000381937","WFO Name Identifier"
"580978d1-044d-4855-842c-bcd0567b17c6","ScientificName","wfo-0001302596","WFO Name Identifier"
"0e851b67-4b81-49a3-a8df-ab66b038f7e0","ScientificName","wfo-0001302582","WFO Name Identifier"
"a1056b71-d382-47b2-8b50-7f9780283c9e","ScientificName","wfo-0000382031","WFO Name Identifier"
"2f5a65b1-8d07-4fac-b3fc-6e4f9aa0f60a","ScientificName","wfo-0001302687","WFO Name Identifier"
"a20781b7-6891-4ef6-84c0-4a80da12e97e","ScientificName","wfo-0001302518","WFO Name Identifier"
"c8c2f323-b14f-405c-b26a-7f0fee3af91e","ScientificName","wfo-0000381993","WFO Name Identifier"
"09c0cca9-b07a-47ef-9a1e-4a7c937e46b9","ScientificName","wfo-0000381573","WFO Name Identifier"
"14b68e73-e20a-4e5a-90c3-6de3fc373b63","ScientificName","wfo-0001302580","WFO Name Identifier"
"a6cb3dda-604a-4f57-b23f-62da8cb38fe4","ScientificName","wfo-0000381974","WFO Name Identifier"
"8ebc65e6-79d1-4758-b096-f0de7c209b63","ScientificName","wfo-0001302675","WFO Name Identifier"
"4ebc4446-3008-4afe-9570-20f233aea214","ScientificName","wfo-0001302690","WFO Name Identifier"
"2f473958-6509-4423-b4ce-66c871961aa9","ScientificName","wfo-0000381936","WFO Name Identifier"
"f0f43a68-b3fc-4a74-a611-062efd5a16e5","ScientificName","wfo-0001302559","WFO Name Identifier"
"ac6ecb5b-48d4-4ea5-94de-767cac647f2b","ScientificName","wfo-0000381906","WFO Name Identifier"
"0d56c7ff-6e2f-406c-9b8c-67ea3514da55","ScientificName","wfo-0000381452","WFO Name Identifier"
"eef0d445-fb5c-4202-b0fa-91dd137d362b","ScientificName","wfo-0000382698","WFO Name Identifier"
"72f9944b-4404-4909-a38f-902a054d2691","ScientificName","wfo-0001302539","WFO Name Identifier"
"a9f181d5-94d5-4495-ba4a-337569786fd8","ScientificName","wfo-0001302686","WFO Name Identifier"
"e5190613-3246-43db-99bf-492c7b87f70f","ScientificName","wfo-0001302640","WFO Name Identifier"
"591d25da-c31d-46c1-8616-dae7582043b6","ScientificName","wfo-0000381912","WFO Name Identifier"
"9cbf2ccf-5340-4f1d-9aff-8c9549a8a0e2","ScientificName","wfo-0001302575","WFO Name Identifier"
"b4ca1350-9152-46ec-be13-70ac21faa239","ScientificName","wfo-0001302669","WFO Name Identifier"
"b1a03f56-e27f-4375-9c1c-a4627674a3f9","ScientificName","wfo-0000381517","WFO Name Identifier"
"df1cc299-6809-452d-9d17-0caad9977236","ScientificName","wfo-0000381448","WFO Name Identifier"
"37d37253-a0a6-4656-b491-38403b1a5668","ScientificName","wfo-0000382021","WFO Name Identifier"
"2fe139ac-d8a0-4d8c-8da8-44eff85eec00","ScientificName","wfo-0001302600","WFO Name Identifier"
"5566709a-6cbc-4149-9b98-1db7811a6f54","ScientificName","wfo-0001302526","WFO Name Identifier"
"f2b686d6-250f-4347-aa0f-16ec5d12a763","ScientificName","wfo-0000381922","WFO Name Identifier"
"47ab9149-e00c-4b90-90c4-655119dce2a2","ScientificName","wfo-0000381553","WFO Name Identifier"
"8e8eaa9d-c4f3-4bf2-b401-2b588829291f","ScientificName","wfo-0001302564","WFO Name Identifier"
"05ffd5a2-a98f-4b22-9413-d129e524c83a","ScientificName","wfo-0001302570","WFO Name Identifier"
"8dc8e2d2-2e11-4f62-a498-2eef8b401b4b","ScientificName","wfo-0000509840","WFO Name Identifier"
"f75994ce-4e25-4c87-87ba-70174f5b688a","ScientificName","wfo-0001086535","WFO Name Identifier"
"08cfecaa-bcc7-459a-9824-09d1308d27d1","ScientificName","wfo-0000381554","WFO Name Identifier"
"d90e62c2-f423-4332-beb3-471e8c8051df","ScientificName","wfo-0000381510","WFO Name Identifier"
"36ba0866-e398-42b0-9586-769be5e7731d","ScientificName","wfo-0001302503","WFO Name Identifier"
"d948e17a-c428-4f6e-9463-37a8665b00db","ScientificName","wfo-0001302625","WFO Name Identifier"
"37289fb0-2b89-49ce-9c2f-ce5317fff023","ScientificName","wfo-0000381984","WFO Name Identifier"
"abaee393-2478-4a36-aa89-6494d4ea73c2","ScientificName","wfo-0001302565","WFO Name Identifier"
"c7e42c0d-d65d-404b-8649-476dd67ec1f6","ScientificName","wfo-0001302556","WFO Name Identifier"
"0614bf4c-b10e-4052-a61b-93bde2ab2b9d","ScientificName","wfo-0001302655","WFO Name Identifier"
"276005e9-4c55-447c-a12c-4a52f8eb4290","ScientificName","wfo-0001302619","WFO Name Identifier"
"d5298584-7d0f-4638-b6bc-b3111ad88475","ScientificName","wfo-0000746849","WFO Name Identifier"
"59bec65b-f723-4156-9321-8643ea859a44","ScientificName","wfo-0001302651","WFO Name Identifier"
"105723dd-e15a-4b8c-8830-f0739edf06c5","ScientificName","wfo-0000381946","WFO Name Identifier"
"9e650f87-a11f-4297-a12c-f542e69ae0e5","ScientificName","wfo-0000382012","WFO Name Identifier"
"809826e2-d097-4856-8129-3a0079804828","ScientificName","wfo-0000381977","WFO Name Identifier"
"77ce5744-1d85-45fe-84de-292dcd97c6c1","ScientificName","wfo-0001302555","WFO Name Identifier"
"24fafa2b-42b6-47c6-afa5-4772d979315a","ScientificName","wfo-0000381918","WFO Name Identifier"
"759bf2c0-1c53-47d2-b34f-fbaee0bf8be8","ScientificName","wfo-0000381537","WFO Name Identifier"
"15292632-b70f-4f91-8760-ae20d71c0538","ScientificName","wfo-0001302590","WFO Name Identifier"
"79b9eb33-ec21-49f1-8d6a-cb95f65616ca","ScientificName","wfo-0000381919","WFO Name Identifier"
"39fe51b0-e539-4b68-b6cf-68f93e81437d","ScientificName","wfo-0000381562","WFO Name Identifier"
"7037b352-bf07-421c-b807-c26d4b1e840e","ScientificName","wfo-0001302659","WFO Name Identifier"
"0dd5be1d-07f4-4626-8eda-6a73e33dbfd5","ScientificName","wfo-0000382028","WFO Name Identifier"
"011361e6-4797-4e30-bba9-a6284278c5b6","ScientificName","wfo-0001302605","WFO Name Identifier"
"2a91a42e-dfdd-46eb-9680-5a2e5cb8b3b8","ScientificName","wfo-0001302521","WFO Name Identifier"
"10b73693-ebd7-47dc-b53d-81c6c43a27d0","ScientificName","wfo-0000382383","WFO Name Identifier"
"77d34aff-7681-474e-9d9d-03a1fce81b5a","ScientificName","wfo-0000381549","WFO Name Identifier"
"606240e1-20fa-4536-ae2a-b5d19025109f","ScientificName","wfo-0000382016","WFO Name Identifier"
"8ebf7a66-3e6b-42ff-b29d-74297d6cfd65","ScientificName","wfo-0000381923","WFO Name Identifier"
"bb02d077-3d52-4d02-b48d-fa678d8ee4e1","ScientificName","wfo-0000382380","WFO Name Identifier"
"b4d9d810-d47d-4d53-a7d9-de2c2e3478a2","ScientificName","wfo-0001237761","WFO Name Identifier"
"9657ca44-615d-44b6-be27-14feaabd52e8","ScientificName","wfo-0001302571","WFO Name Identifier"
"e0262a51-8d76-4e77-945a-cffbf28adb2c","Reference","wfo-0001302681","World Flora Online Plant Name Identifier"
"86c4747b-67f4-45b7-86da-5b15aef392f4","ScientificName","wfo-0001302695","WFO Name Identifier"
"e64c59a4-13c3-4840-bc9e-10d782b0e148","ScientificName","wfo-0000382015","WFO Name Identifier"
"078bca3d-5d48-42de-9e65-5b82e03e195d","ScientificName","wfo-0001302553","WFO Name Identifier"
"2977fabf-df65-49a8-b28a-9bb74d651014","ScientificName","wfo-0000381994","WFO Name Identifier"
"f25a03a3-2dd7-417b-92a3-49dc5d1134ab","ScientificName","wfo-0000381561","WFO Name Identifier"
"54608674-05ee-4089-a213-3aa432ab24c8","ScientificName","wfo-0000381910","WFO Name Identifier"
"30860caf-1022-451b-83a4-5a8754634cc2","ScientificName","wfo-0000382396","WFO Name Identifier"
"8874d934-39b0-4727-9324-e6ba8ee7d3e6","ScientificName","wfo-0000381953","WFO Name Identifier"
"8d9af159-b1f4-46bc-a5fc-335809a7db17","ScientificName","wfo-0001086541","WFO Name Identifier"
"b25096c3-1fe4-4ded-a306-4046854e561a","ScientificName","wfo-0000381567","WFO Name Identifier"
"d7f660d7-ccc4-4014-8607-46b0dd351964","ScientificName","wfo-0001302688","WFO Name Identifier"
"a0b559b6-5512-4541-8e0a-efe75c9aa17a","ScientificName","wfo-0000381586","WFO Name Identifier"
"729a67e9-6213-42ac-a9cb-bba088f1b68a","ScientificName","wfo-0000382027","WFO Name Identifier"
"138b0a73-aa5d-44d3-bb0a-23ca899f8612","ScientificName","wfo-0001302683","WFO Name Identifier"
"33723039-974c-45e9-bc1f-5b5e55f74139","ScientificName","wfo-0001302643","WFO Name Identifier"
"880c6370-e7a5-446c-bcd5-8c91f28dc808","ScientificName","wfo-0000382003","WFO Name Identifier"
"37831f23-6d6b-43fa-9393-d74722a65e38","ScientificName","wfo-0001302594","WFO Name Identifier"
"b0d6b6ae-3ae6-40dd-b204-ca15f932a657","ScientificName","wfo-0000381453","WFO Name Identifier"
"5bfe3452-e96f-443f-8563-0b7088dfb6c1","ScientificName","wfo-0000382699","WFO Name Identifier"
"2ff38b8e-a449-454b-a718-756c8e6993c7","ScientificName","wfo-0000381955","WFO Name Identifier"
"3d8df2df-d959-429f-8db2-97b9b6cf9023","ScientificName","wfo-0000382025","WFO Name Identifier"
"528e3720-22e7-4c04-9e50-86af05401fe1","ScientificName","wfo-0000381466","WFO Name Identifier"
"7f1a2150-e198-4309-9988-fc421b98d284","ScientificName","wfo-0001302645","WFO Name Identifier"
"5da43dec-3794-46ca-ba7e-8279f4c3c043","ScientificName","wfo-0001250150","WFO Name Identifier"
"5eb5898f-48c6-4b6b-952f-87a8f5e6e77b","ScientificName","wfo-0000507677","WFO Name Identifier"
"13cb6e0b-f3d1-4fe3-b994-c9898bb51d5a","ScientificName","wfo-0001302583","WFO Name Identifier"
"0b27141b-ad9c-4160-a744-a4e3c453c27e","ScientificName","wfo-0001302629","WFO Name Identifier"
"eca86ec4-e511-4011-a3db-051f621cbf89","ScientificName","wfo-0001302604","WFO Name Identifier"
"33b65fef-692b-4e54-8485-42c716c480e5","ScientificName","wfo-0001302577","WFO Name Identifier"
"d0c7aa9f-6ca5-4d63-bef3-37906082c9a0","ScientificName","wfo-0000382384","WFO Name Identifier"
"a3f03713-ac8b-4c09-91d8-97ea2f38c4a5","ScientificName","wfo-0000382391","WFO Name Identifier"
"4b41c541-40e6-4eb3-88fd-d660d810c7e5","ScientificName","wfo-0000381965","WFO Name Identifier"
"35b24d8c-0453-40c1-8839-8d7e37caf878","ScientificName","wfo-0000382030","WFO Name Identifier"
"de72a439-dca3-424c-9824-304d02ca58b7","ScientificName","wfo-0001302665","WFO Name Identifier"
"1cac860c-f539-4fa4-9aff-d5262055a3eb","ScientificName","wfo-0001302679","WFO Name Identifier"
"b37b4ddc-0ad6-420f-bf34-e1646b383927","ScientificName","wfo-0000381940","WFO Name Identifier"
"3dd6c1b4-cf21-4b5c-a478-2e0b6abe82dc","ScientificName","wfo-0001086532","WFO Name Identifier"
"053cf768-b67a-4ba3-9f3c-0b33e0a00088","ScientificName","wfo-0000381931","WFO Name Identifier"
"2b6a3acb-1bdb-440e-9b42-2583cdd2d6e2","ScientificName","wfo-0000381921","WFO Name Identifier"
