"Name1_Fk","Name2_Fk","NameRelationshipType"
"6ae10e98-11bb-48af-a0d0-e55aa2cbccdc","5405ac03-7513-4b61-87b7-42ed435f0095","is original spelling for"
"5da43dec-3794-46ca-ba7e-8279f4c3c043","a3028d90-8c6c-4818-b7fa-ca2426e3e5a9","is original spelling for"
"77d34aff-7681-474e-9d9d-03a1fce81b5a","0ea20122-91ef-4043-91f1-be2e72d95723","is later homonym for"
"4664a9e8-a27a-43bd-864c-d7616cbe82c5","0ea20122-91ef-4043-91f1-be2e72d95723","is later homonym for"
"da4405a4-e813-4252-912c-9ed9c6423c27","0a944d6f-142b-4020-bb4b-7a4b2499b9ff","is basionym for"
"36ba0866-e398-42b0-9586-769be5e7731d","41540040-0e56-47e5-933c-af8ebd7a6216","is original spelling for"
"b4ca1350-9152-46ec-be13-70ac21faa239","a6cb3dda-604a-4f57-b23f-62da8cb38fe4","is later isonym of"
"87479ab1-f012-4f79-9f59-4cd687749acd","c7c857b7-a70a-4be5-9bc7-917edfaa3abf","is original spelling for"
"c1c682fb-7844-4232-8231-5de6d81d6186","f0f43a68-b3fc-4a74-a611-062efd5a16e5","is original spelling for"
"759bf2c0-1c53-47d2-b34f-fbaee0bf8be8","77ce5744-1d85-45fe-84de-292dcd97c6c1","is original spelling for"
"109495db-4a79-4069-b26e-0a1025be91ab","06759de8-f05f-4f08-9b56-bb9ad91c3688","is misspelling for"
"35b24d8c-0453-40c1-8839-8d7e37caf878","a1056b71-d382-47b2-8b50-7f9780283c9e","is misspelling for"
"c345ac04-a25d-4dc8-80da-1c11a5331181","73aa492b-8bd3-48d8-8b53-bb24fac834ac","is misspelling for"
"12190299-da3e-4abb-ad46-f59f3a998e74","72f262da-760b-46ef-b8f2-708fa23432bf","is later homonym for"
