"PersonOrTeam_ID","AbbrevNames","FullNames","PersonOtherNames","PersonFamiliyNames","PersonPrefix","PersonSuffix"
"e427e410-9fa2-4bfb-9499-5c478f74d591","Raf.","Rafinesque, C.S.","Constantine Samuel","Rafinesque","",""
"1fff482e-0402-41c8-9bc5-0a4afccec31a","Sh.Kurata","Sh.Kurata","","","",""
"be8674dd-2cd8-4091-a468-fc0424d7fa2b","C.Clarke, Troy Davis & Tamin","Clarke, C.M., Troy Davis & Tamin, R.","","","",""
"e8d804e7-357b-4af3-b70a-32da10664c02","Brongn.","Brongniart, A. T.","Adolphe Théodore","Brongniart","",""
"17e746cc-5774-4e47-afe8-9b63fa954ec5","B.S.Williams","Williams, B. S.","Benjamin Samuel","Williams","",""
"eee33a87-c433-480c-9adf-7d316f15922f","H.J.Veitch","Veitch, H. J.","Harry James","Veitch","",""
"914ed651-582c-4b49-9f86-e3b08f5a20fc","Gieray","Gieray, T.","Tobias","Gieray","",""
"5f20f297-4329-462b-8041-94d484f880a2","A.H.K.","K., A. H.","A.H.","K.","",""
"863fa98b-31f7-4c2a-9ec9-83b8849082d0","Chi.C.Lee, S.McPherson, Bourke & M.Mansur","Lee, C.C., McPherson, S., Bourke, G. & al.","","","",""
"39951253-ec83-42ae-8db2-7dc6d15fe4c6","Y. Komatsu","Komatsu","","Komatsu","",""
"103d1141-7796-4676-b2c7-ac57cdeecfa9","Lowrie","Lowrie","","","",""
"1f4196e9-8648-476c-86fd-f715f436259a","Griff.","Griffith, W.","William","Griffith","",""
"9f1e7bc0-6706-4e2b-9881-eae73ebc5507","Linden & Rodigas","Linden, J.J. & Rodigas, É.","","","",""
"6f77e52d-8b6f-4305-b4b8-513e77f882c7","Beck","Beck","","","",""
"1e022c9d-5bab-4287-be15-7e8829f16368","Korth.","Korthals, P.W.","Pieter Willem","Korthals","",""
"71b7c5c6-0441-4d76-a460-3d24552d6365","Wilcock","Wilcock, C.C.","Christopher C.","Wilcock","",""
"220dccae-e017-48f9-80cd-4bb4557f619b","Nuytemans","Nuytemans","","","",""
"964b36fb-ca94-4c4b-a365-5488dfa1726f","Burb.","Burbidge, F.W.T.","Frederick William Thomas","Burbidge","",""
"69a251a4-4f14-4941-9cdd-71ebf0a15a09","B.Quinn","Quinn, B.","Brian","Quinn","",""
"594b5ca5-f2da-448e-b2f2-9355aacd3a89","Elmer","Elmer, A.D.E.","Adolph Daniel Edward","Elmer","",""
"e2d870ac-0fd9-4895-b9c5-1c8debd9c72d","G.Nicholson","G.Nicholson","","","",""
"1d58f3b5-01c0-4796-b196-ac4e1f66b198","Jebb & Cheek","Jebb & Cheek","","","",""
"99450baa-00df-4bf3-a46f-029b218991ad","Steud.","von Steudel, E.G.","Ernst Gottlieb","von Steudel","",""
"5023fb75-5b84-47a6-8ab5-674171d4a404","Adans.","Adanson, M.","Michel","Adanson","",""
"cbb804c2-b3ea-45a6-85ee-f9f08d835fb4","W.Taylor","Taylor, W.","William","Taylor","",""
"78260302-20fe-4e16-acb9-ca159077f4f2","T. Kruetr.","T. Kruetr.","","","",""
"39198671-bf0d-40cc-b79e-ab636968b2b5","Schlauer","Schlauer, J.","Jan","Schlauer","",""
"4de9fa14-15fe-43fa-a9e4-caef8c36f8ff","J.R.Turnbull","J.R.Turnbull","","","",""
"655213c6-1de4-4f6d-a272-3c7b5de3b6ae","L.Gentil","Gentil, T.A.L.F.","Théodore August Louis François","Gentil","",""
"26a1383b-5730-41d4-9686-d071a0d2bfa7","Guillaumin","Guillaumin, A.","André","Guillaumin","",""
"3ac48ca4-aeea-4da4-a715-c17400e2359f","M. Catal. & T. Kruetr.","M. Catal. & T. Kruetr.","","","",""
"ab06f9a6-237e-499b-9270-f815984c382e","Cheek","Cheek, M.R.","Martin Roy","Cheek","",""
"2eb324be-95a8-44d4-9db4-246031cdab54","Primaldhi","Primaldhi, A.","Alfindra","Primaldhi","",""
"522d4512-e09c-44e5-bd92-cb515df02778","Cheek, Tandang & P.B.Pelser","Cheek, M.R., Tandang, D.N. & Pelser, P.B.","","","",""
"b953e45f-a45a-4583-8a3b-d27d675bc507","Becc.","Beccari, O.","Odoardo","Beccari","",""
"4651485c-4a9f-497f-9240-76d72a87a311","Sh.Kurata, Atsumi & Y.Komatsu","Kurata, S., Atsumi & Komatsu","","","",""
"867b205f-86c0-4a40-91d2-9e93d8d1c278","Hort.Low","Hortus Low","","Hortus Low","",""
"2d812ada-a28d-4503-a89f-dcb27b96750b","M.Hambali","Hambali, M.","Muhammad","Hambali","",""
"a985e55d-659e-4608-9cbb-73225a12fa7f","Acma","Acma","","","",""
"8c2e5b22-9fed-43ae-8940-41247c3cfe36","Hook.f.","Hooker, J.D.","Joseph Dalton","Hooker","",""
"d2fe2449-98a2-4e59-8162-8e4c90c84174","Cheek & Jebb","Cheek, M.R. & Jebb, M.H.P.","","","",""
"8abdaa18-8f8e-4a16-aa78-88998feb7dc4","J.R.Turnbull & A.T.Middleton","J.R.Turnbull & A.T.Middleton","","","",""
"a074a7b7-d1b3-46f7-b0d0-8582a0a30e85","Troy Davis","Troy Davis","","","",""
"1f52fb71-b8ac-441e-933f-e9f0dc0b6752","K.Kondo","Kondo, K.","Katsuhiko","Kondo","",""
"41cc457d-4187-4c3f-bfdc-a7bb5abb0ff5","Jebb","Jebb","","","",""
"49e017c9-b214-4787-bbdf-14f003ac2085","F.M.Bailey","Bailey, F.M.","Frederick Manson","Bailey","",""
"179e5fc5-2641-4cbf-83e3-fabc714a73c7","Tamin","Tamin","","","",""
"5e621315-0886-4ec0-9c2a-5e5194004ec4","Akhriadi, Hernawati, Primaldhi & M.Hambali","Akhriadi, P., Hernawati, Primaldhi, A. & al.","","","",""
"784d494b-b4f7-4a9b-a210-89c216062f6f","Chi.C.Lee, Hernawati & Akhriadi","Lee, C.C., Hernawati & Akhriadi, P.","","","",""
"130d5686-5f45-412a-ade1-0b6a033d5b63","C.Clarke, J.A.Moran & Chi.C.Lee","Clarke, C.M., Moran, J.A. & Lee, C.C.","","","",""
"5a4184aa-444b-494d-9e0a-870fa0c1131e","A.T.Middleton","A.T.Middleton","","","",""
"a9f8b5be-6912-4cc4-9574-3f2b9683c49f","Hort.Veitch","Hortus Veitch","","Hortus Veitch","",""
"5e5c9460-d65d-4c72-ba48-607b12a5a3e4","W.H.Baxter","Baxter, W.H.","William Hart","Baxter","",""
"4b81a349-70cd-4b6e-aed4-4e65baa526f3","Dean","Dean, R.","Richard","Dean","",""
"55e25be6-f109-4c47-ad88-6340ecb1b3a9","U.Zimm.","Zimmermann, U.","Urs","Zimmermann","",""
"55a6ccb9-6fa4-4538-849f-78d067dd6fc0","Anon.","Anonymous","","Anonymous","",""
"5e1b63b4-a602-4f9f-a792-299736777973","Nuytemans, W.Suarez & Calaramo","Nuytemans, Suarez, W. & Calaramo, M.","","","",""
"f8fcae57-c7b9-4ad2-9a4b-ec8e09dc40d2","Gary W.Wilson","Wilson, G. W.","Gary W.","Wilson","",""
"450d9daa-aa49-4493-b4c0-a74648e62176","Hort.Veitch","Hort.Veitch","","","",""
"3eed1aec-a350-4699-97dd-2ea0773038f7","Lagunday, Acma, Cabana, Sabas & V.B.Amoroso","Lagunday, Acma, Cabana & al.","","","",""
"821d9ea9-29e6-49f5-afe1-09c7b0d392a9","V.B.Amoroso","Amoroso, V.B.","Victor B.","Amoroso","",""
"ad324a89-6b4b-4564-82e1-fe1288d30298","C.Clarke & R.Kruger","Clarke, C.M. & Kruger, R.","","","",""
"2c54fb9b-7e35-4aa1-9db9-967972f9d557","Gronem., Coritico, Wistuba, Micheler, Marwinski, Gieray & V.B.Amoroso","Gronemeyer, T., Coritico, F., Wistuba, A. & al.","","","",""
"e021a78c-608d-4bf9-a7c6-b2912bb52907","A.L. Lamb","A.L. Lamb","","","",""
"4aab84ba-c14d-4076-9f1a-6d7d36a3ea2b","Ridl.","Ridley, H.N.","Henry Nicholas","Ridley","",""
"e2c5918a-f01d-498e-afca-65281a402d68","P.B.Pelser","Pelser, P.B.","Pieter B.","Pelser","",""
"bb9aa7ce-a4f2-485c-85d2-924112d4dfbb","Hort.","Hort.","","Hort.","",""
"ccbe385a-ebb0-4f64-ba2f-2f640c74506a","Nerz, Wistuba, U.Zimm., Chi.C.Lee, Pirade & Pitopang","Nerz, J., Wistuba, A., Zimmermann, U. & al.","","","",""
"fa8e83c2-8782-4aa7-9a6f-3dae61a6a65b","Linden","Linden, J.J.","Jean Jules","Linden","",""
"522fc26a-ace7-441a-88b6-b075af4ce0c9","Hort.Williams","Hortus Williams","","Hortus Williams","",""
"cf86607e-f55f-4e62-9d47-8bb87a2633c6","Bourke","Bourke","","","",""
"10fd8441-5bc2-494a-8871-32f62015473e","J.H.Adam & Hafiza","Adam, J. H. & Hafiza, A. H.","","","",""
"dfcd84f5-6ec8-42b7-8c14-31ef545af787","M.Catal. & Kruetr.","Catalano, M. & Kruetreepradit, T.","","","",""
"c8b74359-4b76-44c1-8d17-30beb8bbaab6","Nerz & Wistuba","Nerz, J. & Wistuba, A.","","","",""
"b86499fc-5d97-41d9-9f19-df08a4233602","T.Kruetr.","T.Kruetr.","","","",""
"27216b12-424e-4494-a513-c3baf4634dd8","Onsanit","Onsanit, S.","Sarayut","Onsanit","",""
"5f7bcb4d-97b9-4763-985b-006b9c780cea","Kruetr.","Kruetr.","","","",""
"8183b49f-b3df-4b30-9d45-078726fad275","Gronem., Coritico, Micheler, Marwinski, Acil & V.B.Amoroso","Gronemeyer, T., Coritico, F., Micheler, M. & al.","","","",""
"eaa86b8f-c7a9-40e9-b2ed-aadba32feeb0","S.McPherson, Bourke, Cervancia, Jaunzems & A.S.Rob.","McPherson, S., Bourke, G., Cervancia, J. & al.","","","",""
"a86bdb58-a049-414b-af60-bda50b9fe3d1","Becc.","Beccari, O.","Odoardo","Beccari","",""
"b99eba16-9312-4c80-a48d-4f986ff2a947","J.H.Adam","Adam, J. H.","Jumaat Haji","Adam","",""
"4c66c0fc-bd77-43e4-818e-99eef2e20182","Jebb","Jebb, M.H.P.","Matthew H. P.","Jebb","",""
"9b33b17e-58a9-4f93-bc4b-85b6e51dfb95","Cabana","Cabana","","","",""
"49313cf6-01fe-450c-89ad-554b51197e40","J.A.Moran","Moran, J.A.","","Moran","",""
"822de38a-a098-4b71-a8c5-544eee5f5fbf","Hemsl.","Hemsley, W. B.","William Botting","Hemsley","",""
"b1c1fc53-0f9d-49db-9953-bf20bfe9da55","G.Mansell","Mansell, G.","Geoff","Mansell","",""
"7cba2f03-22c0-4874-bd54-35f983926632","G.F.Wilson","Wilson, G.F.","George Fergusson","Wilson","",""
"90a94e90-3b89-486f-9cb8-1feda704b5c7","Kusak.","Kusakabe, I.","","Kusakabe","",""
"127c899b-f637-4e19-b122-43ba40c42379","Thomson","Thomson, T.","Thomas","Thomson","",""
"082f7211-e46d-43a7-a0a8-e8a909436b92","R.Kruger","Kruger, R.","Rod","Kruger","",""
"d4ede6b0-c3a8-4213-937f-4ba033fac2f3","C.Clarke","Clarke, C.M.","Charles M.","Clarke","",""
"f66db1e8-2031-4163-a575-bf91c7c3b471","Wistuba & Rischer","Wistuba, A. & Rischer, H.","","","",""
"4cb6050f-3882-470d-9ce5-bed67266ff69","Jaunzems","Jaunzems, M.","Mark","Jaunzems","",""
"06940173-c381-4ed4-97bf-16ca3d4c26e7","Atsumi","Atsumi","","Atsumi","",""
"1e331946-a94f-4e0a-a83c-cc5b95318667","Phillipps","Phillipps","","","",""
"ef900f8f-5aa1-40a3-92ec-4f556c640462","F.M.Bailey","Bailey, F.M.","Frederick Manson","Bailey","",""
"77f3767e-c684-4b8b-8021-be5b00bdae1e","A.T.Middleton","Middleton, A.T.","","Middleton","",""
"a4912201-9338-4609-bc7a-04f06caf3ea9","Hallier f.","Hallier, H. G.","Hans(Johannes) Gottfried","Hallier","",""
"2f99d50f-639a-4d3e-9618-02c7cf525b8e","Wistuba","Wistuba, A.","Andreas","Wistuba","",""
"c85198fa-51bf-4744-bf54-3336b76730f8","Micheler","Micheler, M.","Marius","Micheler","",""
"b5995115-a58d-48c3-858e-deadc92ab0b8","Marwinski","Marwinski, D.","David","Marwinski","",""
"066b4b9a-5ce5-4fc2-bc7a-e65af1955718","Poir.","Poiret, J.L.M.","Jean Louis Marie","Poiret","",""
"217ce87f-bf01-49ce-bbac-40087847d4f9","Kruetr.","Kruetr.","","","",""
"ca936876-8047-4230-95a1-fcf330e136f2","Schuit. & de Vogel","Schuiteman, A. & de Vogel, E.F.","","","",""
"11587ad9-d4c8-4ad6-8d4e-74c36614ebc1","Moore","Moore, D.","David","Moore","",""
"d0c93a6b-fe51-484a-901e-ed9885b74ff2","C.Clarke, Chi.C.Lee & S.McPherson","Clarke, C.M., Lee, C.C. & McPherson, S.","","","",""
"1c82157d-8152-4096-8c5b-7c8db0a54821","W.H.Baxter","W.H.Baxter","","","",""
"9cc97f1b-6d3f-4760-9217-ef62209b4a23","A.S.Rob., S.McPherson & V.B.Heinrich","Robinson, A.S., McPherson, S. & Heinrich, V.B.","","","",""
"2ae38182-6d9d-41e1-b02f-905a29f8c89a","Bréon","Bréon, M.","M.","Bréon","",""
"1196f7b3-3e06-4241-b353-401ec10e0a45","de Vogel","de Vogel, E.F.","Eduard Ferdinand","de Vogel","",""
"48f5ed71-7ff0-4ddc-bcaf-39800c686136","Mast.","Masters, M.T.","Maxwell Tylden","Masters","",""
"4588dab5-fc8f-46cf-9e59-db3c4b16b540","V.B.Heinrich","Heinrich, V.B.","Volker B.","Heinrich","",""
"fd80a858-dc37-424a-9850-9d0deae4ff21","T.Lobb","Lobb, T.","Thomas","Lobb","",""
"3d921fb6-5342-4181-90e1-e806e7996c70","Gronem.","Gronem.","","","",""
"a775bd43-2119-41d3-8f3a-e0ebbe7f3f6b","Jack","Jack, W.","William","Jack","",""
"b3eedef6-caea-452b-8f15-6f26db01ca2b","Hort.","Hort.","","","",""
"0884908e-cb06-4b43-89e2-ce81b9c9af8b","Benth.","Bentham, G.","George","Bentham","",""
"1350e935-17cd-4491-95d2-5823f0a72277","Miq.","Miquel, F.A.W.","Friedrich Anton Wilhelm","Miquel","",""
"c52d33ea-b9ff-42f5-8db0-dd6fccd32f5f","Scott Elliott","Scott Elliott, G. F.","George Francis","Scott Elliott","",""
"a9b98ee8-77ad-40be-80c9-5b4a6ceb7420","Sabas","Sabas","","","",""
"036eba28-1b49-42e6-93a6-5e89bbd91592","A.L.Lamb","Lamb, A.L.","Anthony L.","Lamb","",""
"11d7618b-67f7-4b4b-b517-6d2eea0a0173","Oken","Oken, L.","Lorenz","Oken","",""
"a15aea8a-852e-47c0-93b4-b7ce0a72a1b5","L.","Linnaeus, C.","Carolus","Linnaeus","",""
"c6613fa4-aabd-4d08-ba36-5a25b6e8319a","M.Catal. & Kruetr.","M.Catal. & Kruetr.","","","",""
"3d0eca59-d4b3-4452-bfce-dcfb1eca516d","Rembold","Rembold, K.","Katja","Rembold","",""
"77c52e5e-9d36-4f8a-9125-d5a09e09233f","W.G. Sm.","Smith, W.G.","Worthington George","Smith","",""
"b0610a09-3270-45c6-8e49-913700a2c20d","Burm.","Burman, J.","Johannes","Burman","",""
"1b07b67a-9f72-4031-aa21-5453d1da4d5a","Chi.C.Lee","Chi.C.Lee","","","",""
"01285cb6-54d6-4704-961f-25b1dc0b0f9f","W.Suarez","Suarez, W.","Wally","Suarez","",""
"170a2e37-54ad-4b54-8235-fe584a838adf","Merr.","Merrill, E.D.","Elmer Drew","Merrill","",""
"151f6d74-e9d4-404a-8356-cbb6e0aad3a3","Acma","Acma","","","",""
"f27479f8-c16d-4bd2-9e55-6be67a1d9b38","S.Venter","Venter, S.","","Venter","",""
"6ea25f95-9d0e-4243-bd36-8bacee155d0e","Beck","Beck von Mannagetta und Lerchenau, G.","Günther","Beck von Mannagetta und Lerchenau","",""
"6f85a1c4-c004-4a78-9c48-ee24ce5726ed","Gronem., Wistuba, Mey & V.B.Amoroso","Gronem., Wistuba, Mey, F.S. & al.","","","",""
"820b8952-14e7-4821-9ae4-25e2456c4568","Druce","Druce, G.C.","George Claridge","Druce","",""
"75bd7ec6-7612-4575-90ff-bc1ac0961e1c","Macfarl.","Macfarlane, J.M.","John Muirhead","Macfarlane","",""
"2a72ceb4-d0b2-4a41-a1b9-292ec547b8ee","Lecomte","Lecomte, P.H.","Paul Henri","Lecomte","",""
"282749f3-a011-41db-ab7b-9004003597eb","J.Bartoro & A.Wartono","J.Bartoro & A.Wartono","","","",""
"89ee57a1-c433-4152-ba3a-292e1848d301","Culham","Culham, A.","Alastair","Culham","",""
"a437643e-570f-47ac-ac91-9c9449b30ae3","Calaramo","Calaramo, M.","Michael","Calaramo","",""
"e6a05c38-6cdc-4478-81e5-07b0d8e618c2","V.J.Chapman","Chapman, V.J.","Valentine Jackson","Chapman","",""
"f2104d62-fb66-4914-9976-53e4b9ef1332","S.T.Yeo","Yeo, S.T.","Siew Teck","Yeo","",""
"d5fd960a-f509-4ff9-84a4-4e5f9ba9ecb4","Tamin","Tamin, R.","Rusjdi","Tamin","",""
"2ec5604e-6077-47f6-ba8c-798a7cc91287","Bonstedt","Bonstedt, C.","Carl","Bonstedt","",""
"62bf7b2f-b615-474f-a328-2565116ead4d","T.Moore","Moore, T.","Thomas","Moore","",""
"9fd58794-e344-473e-a27f-abf8b0afd513","M.Catal. & T.Kruetr.","M.Catal. & T.Kruetr.","","","",""
"31b82167-80eb-463f-ae2d-3ffe53513f5d","Lagunday","Lagunday","","","",""
"9ef0b95b-b449-4355-a5a0-653b2d5e6dee","A.S.Rob., Wistuba, Nerz, M.Mansur & S.McPherson","Robinson, A.S., Wistuba, A., Nerz, J. & al.","","","",""
"0f915794-0e04-4c27-81f9-49adcaec090d","V.B.Heinrich, S.McPherson, Gronem. & V.B.Amoroso","Heinrich, V.B., McPherson, S., Gronemeyer, T. & al.","","","",""
"af542ab7-b2cb-4a86-b6c5-8385558a326e","Pirade","Pirade Paserang, A.","Asri","Pirade Paserang","",""
"fa71fd95-e21e-4b8f-aab1-b5729ccf0701","V.B.Amoroso","V.B.Amoroso","","","",""
"06ac421c-5ec4-4840-ad4d-e7c4d4aaadd6","Sabas","Sabas","","","",""
"04599cae-ca64-424a-afe1-76f88260fa2b","Nuanlaong, Onsanit, Chusangr. & Suran","Nuanlaong, S., Onsanit, S., Chusangrach, V. & al.","","","",""
"75e66aed-7895-4f73-9be5-d6294775f0c7","Nerz, Wistuba, Chi.C.Lee, Bourke, U.Zimm. & S.McPherson","Nerz, Wistuba, Chi.C.Lee & al.","","","",""
"99e347f8-3ff3-4afb-ba96-deaf5e0a55ae","W.E.Dixon","Dixon, W.E.","William E.","Dixon","",""
"0a7179e7-9161-4756-9b61-5aaf0ea035c0","Wistuba, Gronem., Micheler, Marwinski, Gieray, Coritico & V.B.Amoroso","Wistuba, A., Gronemeyer, T., Micheler, M. & al.","","","",""
"f13d6359-ab14-4684-bcee-da18ed52d451","M.Hotta","Hotta, M.","Mitsuru","Hotta","",""
"392866a9-47ba-4f76-bfc2-03dc9e24d8a6","Jebb & Cheek","Jebb, M.H.P. & Cheek, M.R.","","","",""
"0e47148a-9c22-43d3-b4e4-0586f67f5480","Warb.","Warburg, O.","Otto","Warburg","",""
"e1cff653-97f7-450c-9c49-70ef50d20c67","C.Morren","Morren, C. F. A.","Charles François Antoine","Morren","",""
"ca72c685-4bba-4a82-88e8-8f96dd1fa359","M.Catal.","M.Catal.","","","",""
"cd4c9986-ba5c-42c4-8199-136b6803cbf1","Mey","Mey, F.S.","François Sockhom","Mey","",""
"d1b0b30f-5dcf-4d17-ace3-17b2bd3c2774","Linden","Linden","","","",""
"762502d3-04dd-48ce-83be-6e4d739e7702","Blanco","Blanco, F. M.","Francisco Manuel","Blanco","",""
"4a9a78b0-4e50-4a27-af58-fbb47d98ddb6","Cheek & A.L.Lamb","Cheek, M.R. & Lamb, A.L.","","","",""
"5a437e39-8d16-4f87-a149-04034cc832e9","Pitopang","Pitopang, R.","Ramadanil","Pitopang","",""
"995a3fe0-56f4-48f6-80fe-ed87d976c276","Nees","Nees von Esenbeck, C. G. D.","Christian Gottfried Daniel","Nees von Esenbeck","",""
"8cc361b7-5b39-4585-8221-206ec3ec5faf","Micheler, Gronem., Wistuba, Marwinski, W.Suarez & V.B.Amoroso","Micheler, M., Gronemeyer, T., Wistuba, A. & al.","","","",""
"df4989df-ef3f-4381-984f-d0443532e6ae","M.Catal.","M.Catal.","","","",""
"6b70f7dd-fa7a-464b-9626-ccc29926788a","Maulder","Maulder, R.","Ricky","Maulder","",""
"28a96c2b-085b-4ffa-84d7-49ce6b647453","T.Moore & Mast.","Moore, T. & Masters, M.T.","","","",""
"611f43fc-530e-4906-a89a-9b715e0a7276","S.McPherson","S.McPherson","","","",""
"f44149cd-f679-4036-91cf-835ce78d4667","Phillipps & A.L. Lamb","Phillipps & A.L. Lamb","","","",""
"e48ad993-25cb-4b2a-820a-7fb4873a12d7","F.Muell.","Mueller, F.J.H.v.","Ferdinand Jacob Heinrich von","Mueller","",""
"2088f38c-f047-4c5e-a7eb-4041e025e60d","Reinw. & Nees","Reinwardt, C.G.C. & Nees von Esenbeck, C. G. D.","","","",""
"969a5097-d031-45ed-ac1c-f10e3a59b1b3","André","André, E.-F.","Édouard-François","André","",""
"d1009bbb-a8fe-40b0-b997-d222231d659f","Hafiza","Hafiza, A. H.","A. Hamid","Hafiza","",""
"da4e01dc-8963-4e92-8ab7-543585a5a11d","Tamin & M. Hotta","Tamin & M. Hotta","","","",""
"260958cb-0ab7-4bd8-ace0-fffd0093d2ba","Kruetr.","Kruetreepradit, T.","Trongtham","Kruetreepradit","",""
"30b5ad67-56bc-4bb1-9d94-ccfbcf929563","Acil","Acil, R.","Rachel","Acil","",""
"3897d463-b68d-418c-bbe8-083051daa15c","Toyoshima","Toyoshima","","Toyoshima","",""
"140d5657-88a9-48a6-b857-9f053a4842ef","Dubard","Dubard, M.M.M.","Marcel Marie Maurice","Dubard","",""
"81599522-5fa2-43d0-ad93-bc92ee181ada","Cheek","Cheek","","","",""
"029b9747-5afb-4e74-8f99-75393482ac4e","Reinw.","Reinwardt, C.G.C.","Caspar Georg Carl","Reinwardt","",""
"bdb4dd9b-5acd-4db6-9585-7baa186f79b1","Rodigas","Rodigas, É.","Émile","Rodigas","",""
"bd3e8e28-0b80-438b-b282-bd6ded2d16d6","Tamin & M. Hotta","Tamin, R. & Hotta, M.","","","",""
"4bf71383-9cd2-45ce-b5d2-7a1109bd2a92","Gronem.","Gronemeyer, T.","Thomas","Gronemeyer","",""
"7b31000c-7932-41f4-a57d-13d6420d5bde","A.S.Rob., Nerz & Wistuba","Robinson, A.S., Nerz, J. & Wistuba, A.","","","",""
"cb360caa-addb-4b16-bcd3-def950e4a701","A.S.Rob.","Robinson, A.S.","Alastair S.","Robinson","",""
"acff5d46-0eaf-41e0-af2e-b8fb9530d238","S.Moore","Moore, S.L.M.","Spencer Le Marchant","Moore","",""
"04e97861-b3a6-4901-a596-093a64a6f127","Hook.f. & Thomson","Hooker, J.D. & Thomson, T.","","","",""
"4990cf5f-9429-42b9-9f8e-f3d37e2e1133","Heckel","Heckel, E. M.","Édouard Marie","Heckel","",""
"663b4d3c-bc45-4b1c-96ad-83a16e44766b","E.P.Wright","Wright, E.P.","Edward Perceval","Wright","",""
"6eab4a70-0ae5-4a2f-bb19-7c3e66667275","Akhriadi, Hernawati & Tamin","Akhriadi, P., Hernawati & Tamin, R.","","","",""
"c75bf603-c180-4f62-bfd9-8d36b374ff44","Wistuba","Wistuba","","","",""
"1d2055df-a501-41f6-820d-5a7c93b0c7d8","C.Clarke, Troy Davis & Tamin","Clarke, C.M., Troy Davis & Tamin, R.","","","",""
"323fb44e-8f31-4fbf-9055-636c21a99979","Nuanlaong","Nuanlaong, S.","Sanya","Nuanlaong","",""
"15e9dd81-ab3a-4158-88f9-f54f79c861e1","Hook.","Hooker, W.J.","William Jackson","Hooker","",""
"77c80764-02e9-49ce-a362-7ad4b006416a","Alphand","Alphand, J. C. A.","Jean Charles Adolphe","Alphand","",""
"dd17dc55-e8fd-4a3b-9416-e5ffa5a7373a","J.R.Turnbull","Turnbull, J.R.","","Turnbull","",""
"bb5bd94f-b480-4ec3-bb7a-b0e963031bcf","Blume","Blume, C. L.","Carl(Karl) Ludwig","Blume","von",""
"e499a280-11fe-4986-b307-9c26fe347a80","Rafarin","Rafarin, C.","Charles","Rafarin","",""
"eaf92a39-13e8-4453-8bb7-cac9a540ef8f","Rischer","Rischer, H.","Heiko","Rischer","",""
"6ed23b58-6bc9-4b7a-ac9b-6c64f037d722","Gronem., S.McPherson, Coritico, Micheler, Marwinski & V.B.Amoroso","Gronemeyer, T., McPherson, S., Coritico, F. & al.","","","",""
"6425d763-156c-42eb-b795-0cfea9be37c8","Wistuba","Wistuba","","","",""
"9927665e-67bc-4259-9b5c-3c08d8835816","Lagunday","Lagunday","","","",""
"71cb7a27-6ed4-44e8-8583-78bd52bdaa7b","A.Fleischm.","Fleischmann, A.S.","Andreas S.","Fleischmann","",""
"241f0b6b-0a1e-439f-bb6e-995e20443f39","Boerl.","Boerlage, J. G.","Jacob Gijsbert","Boerlage","",""
"8bf8326e-7883-42ff-bed2-44ec2b98edac","H.Low","Low, H.","Hugh","Low","",""
"6c02797f-b6e3-41d1-9fab-30a3c717e579","Cabana","Cabana","","","",""
"1735add8-9e7a-4d1a-8d34-2166b43b87df","Marabini","Marabini, J.","","Marabini","",""
"6c2837f7-2ad0-4ddc-9408-6c83a910c619","G.Nicholson","Nicholson, G.","George","Nicholson","",""
"669e9057-56a1-4912-90fa-e76207722bcd","R.Linds.","Lindsay, R.","Robert","Lindsay","",""
"171d5339-7ff0-4240-a18f-3fa78da19726","Kuntze","Kuntze, O.","Otto","Kuntze","",""
"b99284ef-ed44-417a-bc1d-72276f9ed581","G.Mansell & W.Suarez","Mansell, G. & Suarez, W.","","","",""
"b4f02cf4-57d6-4ae1-8531-0e85730b4f15","V.B.Amoroso & Lagunday","V.B.Amoroso & Lagunday","","","",""
"4df17089-07bd-4a25-890b-20d0a46ce1b7","Chi.C.Lee","Lee, C.C.","Ch'ien C.","Lee","",""
"83f153a4-cb97-4832-b9e2-bcebf917965b","H.Low","H.Low","","","",""
"345129fd-be4e-46d8-b113-6a8930a6b032","Lagunday","Lagunday","","","",""
"dbf942e1-b7fb-472b-9c90-45640e79460b","S.McPherson, Cervancia, Chi.C.Lee, Jaunzems, Mey & A.S.Rob.","McPherson, S., Cervancia, J., Lee, C.C. & al.","","","",""
"30596b3c-26cd-4c22-9f88-c4af38f8d654","Nerz","Nerz","","","",""
"b77c30d1-75ba-4aef-9678-b4a3021e2b87","Sh.Kurata","Kurata, S.","Shigeo","Kurata","",""
"a538b768-b974-4c9d-b55a-9a1eed484095","Willd.","Willdenow, C. L.","Carl Ludwig","Willdenow","",""
"752fc626-8663-447d-b0b5-ab3b5054a8cf","Schmid-Holl.","Schmid-Holl.","","","",""
"4008e422-ae14-4ed8-959d-3c29154c5f51","Chusangr.","Chusangrach, V.","Vutthipong","Chusangrach","",""
"bf494353-6b98-4b13-aa38-813927b8b4ac","Chi.C.Lee, Bourke, Rembold, W.Taylor & S.T.Yeo","Lee, C.C., Bourke, G., Rembold, K. & al.","","","",""
"35a227d2-2eb5-4126-baa8-c47e84f6775b","Williams","Williams","","Williams","",""
"d1e6d409-f228-4533-a064-10af824fcd44","Bourke","Bourke, G.","Greg","Bourke","",""
"e8bdff1a-8f02-4d7e-92b2-793fab95ba8e","Graham","Graham, R.","Robert","Graham","",""
"e478e295-73d1-4886-acdc-0f4a1401b0b0","Wistuba, Nerz & A.Fleischm.","Wistuba, A., Nerz, J. & Fleischmann, A.S.","","","",""
"32596c60-6826-495a-9edb-7607511c1791","Hernawati","Hernawati","","Hernawati","",""
"f19a3320-148b-4897-a82a-d3974f1d5028","Rchb.f.","Reichenbach, H.G.","Heinrich Gustav","Reichenbach","",""
"7f6e6d10-209c-4ae4-95bb-38329ba38d34","M.Catal.","Catalano, M.","Marcello","Catalano","",""
"8e30f0b1-dc97-4fe2-a8c7-62c3cc91e5f1","U.Zimm.","U.Zimm.","","","",""
"10f69dee-57ec-4c8c-b1aa-d64f551bc171","B.R.Salmon","Salmon, B.R.","Bruce R.","Salmon","",""
"54cfb0c3-1a01-4618-ac28-602bf1ab3b2e","H.J.Veitch","H.J.Veitch","","","",""
"e73be086-15ed-4506-ba6c-15728fee4bda","Salmon & Maulder","Salmon, B.R. & Maulder, R.","","","",""
"1fad6711-727a-4c0e-a450-4f7d5e8d80fa","Suran.","Suraninpong, P.","Potjamarn","Suraninpong","",""
"14d3e107-76b0-4fd2-9b58-829942516c2d","M.Catal.","M.Catal.","","","",""
"3020dbf5-3e49-4c54-9f38-fb28b8aa0cd4","D.Schub.","Schubert, D.","","Schubert","",""
"8513d083-e164-4b0d-a5b0-1b803ea001b9","B.S.Williams","B.S.Williams","","","",""
"05bb74c6-49f0-4b40-9307-3c43b8b9d88e","Sh.Kurata & Toyoshima","Kurata, S. & Toyoshima","","","",""
"620e4828-8d28-4b60-9c00-1c03b22620cb","J.Bartoro","J.Bartoro","","","",""
"79fced34-6b23-4847-b229-d3345cf34418","Coritico","Coritico, F.","Fulgent","Coritico","",""
"ebab661a-0d06-4fca-988c-7d8b253ab1d9","Schuit.","Schuiteman, A.","Andre","Schuiteman","",""
"e8939ebb-b43c-42f2-b4b7-4b6c248757e0","J.R. Turnbull & A.T. Middleton","Turnbull, J.R. & Middleton, A.T.","","","",""
"337a5a81-3ea0-492e-a3e5-12f8ad09bea3","Cervancia","Cervancia, J.","Jehson","Cervancia","",""
"9cd19461-8042-4c8e-9b1b-20cf20c9b731","N.P.Balakr.","Balakrishnan, N. P.","Nambiyath Puthansurayil","Balakrishnan","",""
"1aa1ab1b-415b-4239-901a-4aaa2b568f04","V.B.Amoroso","V.B.Amoroso","","","",""
"7f1428b7-00ab-434c-9f21-a2a35d943e16","Lagunday, Acma, Cabana, Sabas & V.B.Amoroso","Lagunday, Acma, Cabana & al.","","","",""
"c6c91618-8fbe-4629-85f5-741281383d50","Hook.","Hook.","","","",""
"cddb430f-a198-422a-bc74-02cae72c45ae","M.Mansur","Mansur, M.","M.","Mansur","",""
"f2a9cfc2-fac2-48ce-bafe-af9417476e0e","Lour.","de Loureiro, J.","João","de Loureiro","",""
"64b551ee-5061-4732-80b6-5379be43be53","Chi.C.Lee","Chi.C.Lee","","","",""
"c821dc0b-b8fd-429c-bce8-854045798a1b","Veitch","Veitch","","Veitch","",""
"589cd27e-f526-41bc-bafc-99ca0254bfc3","A.Wartono","A.Wartono","","","",""
"2ca2d43a-ed59-4062-8ebc-43228a618524","Maulder, D.Schub., B.R.Salmon & B.Quinn","Maulder, R., Schubert, D., Salmon, B.R. & al.","","","",""
"846a4051-a611-44c5-8f6f-1c55ae549d31","J.H.Adam & Wilcock","Adam, J. H. & Wilcock, C.C.","","","",""
"2b10b9ed-e8f9-4021-a610-8dc1e79c976c","Tandang","Tandang, D.N.","Danilo N.","Tandang","",""
"c72d8458-3e5a-4c35-8d99-6e01cf0ac9da","Dumort.","Dumortier, B.C.J.","Barthélemy Charles Joseph","Dumortier","",""
"ab449edd-db85-4cc1-ab83-577f94751665","J.Marshall","Marshall, J.J.","Joseph Jewison","Marshall","",""
"c6d46475-d74a-49f8-be3f-5609b403511a","V.B.Amoroso","V.B.Amoroso","","","",""
"401fe198-98a3-4f78-9e70-aae549cb94bd","Akhriadi","Akhriadi, P.","Pitra","Akhriadi","",""
"1c9b939a-2a39-4829-898e-681371ffdf4d","M. Catal.","M. Catal.","","","",""
"6cb7e898-88e2-4e1b-be6e-06977aa31aeb","Culham","Culham","","","",""
"2bf9012c-0936-4cad-9a34-6cf39961afa6","S.McPherson","McPherson, S.","Stewart","McPherson","",""
"6bbb4dae-cf32-4f28-be69-13d3dbe942af","Marwinski, Coritico, Wistuba, Micheler, Gronem., Gieray & V.B.Amoroso","Marwinski, D., Coritico, F., Wistuba, A. & al.","","","",""
"b9400c2d-d797-45bd-8807-0bf9f4491963","Nerz","Nerz, J.","Joachim","Nerz","",""
"3ef5e58e-37af-489c-bf71-4b0ced6c5d7b","Gieray, Gronem., Wistuba, Marwinski, Micheler, Coritico & V.B.Amoroso","Gieray, T., Gronemeyer, T., Wistuba, A. & al.","","","",""
"fd9397dd-b862-4be8-88ce-4d3d07b0df22","M.Catal. & Kruetr.","M.Catal. & Kruetr.","","","",""
"eb891080-d4d9-45ee-956e-fddf00ca3ea5","Hort.Williams","Hort.Williams","","","",""
"b875ce5c-5dcd-48c4-820e-97b1b7b906d8","Gary W.Wilson & S.Venter","Wilson, G. W. & Venter, S.","","","",""
"afb4efe5-c592-4131-b2e0-3f2f70637938","Lindl.","Lindley, J.","John","Lindley","",""
"696be412-b944-4675-b5ae-2f02e5ebe087","Danser","Danser, B.H.","Benedictus Hubertus","Danser","",""
"898439e5-a207-4a8f-8f2b-f123d07bd5fe","Aucl.","Aucl.","","","",""
"f6fe687b-2739-4420-8868-3b068d693072","Gronem., Wistuba, V.B.Heinrich, S.McPherson, Mey & V.B.Amoroso","Gronemeyer, T., Wistuba, A., Heinrich, V.B. & al.","","","",""
"9f36a628-b969-4341-a1a9-922e1a632e42","V.B.Amoroso","V.B.Amoroso","","","",""
"eb410713-bab5-4e89-ad8b-cfa8ee0ccef0","M. Hotta","M. Hotta","","","",""
