"Synonym_ID","Taxon_Fk","Name_Fk","SynSecReference_Fk","SynSecReference","SecReference_Fk","SecReference","IsProParteSynonym","IsPartial","IsMisapplied","Published"
"caa9cb42-707a-4404-9229-27b71067e556","f5a676bc-8bc0-44db-bb4a-120ecf1e6494","c07fe683-6903-42ec-81e8-9704252e0004","1ab2bcff-deec-4092-8aff-90daea84b7cc","Jebb, M.H.P. & Cheek, M.R., A skeletal revision of Nepenthes in Blumea 42(1): 1-106. 1997","","","0","0","0","1"
"6fe922e3-bac6-4d3d-9912-8b3828f5e8c5","8f110cd5-1471-4a6f-b0e1-21383836fadb","78d77ce1-4874-4e79-8b0e-1f0145b338d9","","","c75ce6bb-5951-4a4d-bbcb-daaf64b30dfa","Jeannenay, A., Nouv. Caléd. Agric. 1894","0","0","1",""
"201e6fd3-2d06-450b-9211-a0b8d6a63775","61dd747f-2409-4a09-850d-28770acc280d","da4405a4-e813-4252-912c-9ed9c6423c27","206add8c-3eae-4d9c-872c-e15409d2a3d9","Cheek, M.R. & Jebb, M.H.P., Flora Malesiana - Nepenthaceae, Series I, Volume 15. 2001","","","0","0","0","1"
"4f2303fa-bf31-4aef-aae8-1aae5c1d2165","079c8693-15e4-441b-acd0-cb0c07a060a8","442dba60-d081-4e61-9183-9f5a924b1309","206add8c-3eae-4d9c-872c-e15409d2a3d9","Cheek, M.R. & Jebb, M.H.P., Flora Malesiana - Nepenthaceae, Series I, Volume 15. 2001","","","0","0","0","1"
"eb2c32fc-4818-4500-84b0-aa42253fa3f4","c849a63b-e2be-473c-9a81-ec1e21da89d0","0ea20122-91ef-4043-91f1-be2e72d95723","206add8c-3eae-4d9c-872c-e15409d2a3d9","Cheek, M.R. & Jebb, M.H.P., Flora Malesiana - Nepenthaceae, Series I, Volume 15. 2001","","","0","0","0","1"
"a6bb1c27-6c8a-404f-b892-c03d205b21b5","966896bd-2913-4936-ba80-1ad2f8fc0bc8","d173968e-813d-4c0e-9ba8-33380c02d4d8","206add8c-3eae-4d9c-872c-e15409d2a3d9","Cheek, M.R. & Jebb, M.H.P., Flora Malesiana - Nepenthaceae, Series I, Volume 15. 2001","","","0","0","0","1"
"6453dda8-a6f7-4c65-bf9d-985a3f31f58c","53d8bdee-f688-4c98-a90a-ef794bc23845","3d8df2df-d959-429f-8db2-97b9b6cf9023","206add8c-3eae-4d9c-872c-e15409d2a3d9","Cheek, M.R. & Jebb, M.H.P., Flora Malesiana - Nepenthaceae, Series I, Volume 15. 2001","ad3f4098-ae74-4213-aab8-24b50c710001","Macfarlane, J.M. - in Engler, A., Pflanzenreich IV. 111 (Heft 36). 1908","1","0","1",""
"2bc90acf-0393-481e-97a4-27a51947d73f","919079db-abdb-4b20-8d83-d47842102c39","080067d0-df07-42af-8908-6b084f6178dc","1ab2bcff-deec-4092-8aff-90daea84b7cc","Jebb, M.H.P. & Cheek, M.R., A skeletal revision of Nepenthes in Blumea 42(1): 1-106. 1997","","","0","0","0","1"
"312e5542-3d12-4e56-bff7-712b02f1fcac","671f2545-b389-4cd7-a519-b0a0d9fb9036","abaee393-2478-4a36-aa89-6494d4ea73c2","56239fb8-65c2-4604-94e5-54f8071aa315","Berendsohn, W.G., Compilation of Nepenthes data for the Caryophyllales taxonomic backbone. 2017+","","","0","0","0","1"
"211efa83-5fff-4bbf-8229-bc46862603a2","919079db-abdb-4b20-8d83-d47842102c39","8b6c1f34-e660-40cb-ad31-5a95f4d5c56c","1ab2bcff-deec-4092-8aff-90daea84b7cc","Jebb, M.H.P. & Cheek, M.R., A skeletal revision of Nepenthes in Blumea 42(1): 1-106. 1997","","","0","0","0","1"
"27b93630-b374-467e-b2ee-5f1ad90b2d37","ef5d1e47-1740-451a-9406-da7c8ff560a2","c38ce7db-fe6f-466b-a3e2-0aa341499940","206add8c-3eae-4d9c-872c-e15409d2a3d9","Cheek, M.R. & Jebb, M.H.P., Flora Malesiana - Nepenthaceae, Series I, Volume 15. 2001","64765d2a-2ee3-466c-a01c-2dd161b92134","Stapf, O. in Trans. Linn. Soc. London, Bot. 4. 1894","0","0","1",""
"a03c023c-c2ee-4fe2-a272-9f8c49bb7de9","53d8bdee-f688-4c98-a90a-ef794bc23845","3d8df2df-d959-429f-8db2-97b9b6cf9023","206add8c-3eae-4d9c-872c-e15409d2a3d9","Cheek, M.R. & Jebb, M.H.P., Flora Malesiana - Nepenthaceae, Series I, Volume 15. 2001","c93ba25b-91d8-48da-b2c0-b3dbdc9ac7fe","Macfarlane, J.M. in J. As. Soc. Beng. 75(3). 1914","1","0","1",""
"ba9defc5-e8e8-4e61-b4f0-d123d6217d15","616ee37f-75d3-410c-af94-0da70474ef65","d62ce33f-5134-4679-8a20-0ab5074797b0","206add8c-3eae-4d9c-872c-e15409d2a3d9","Cheek, M.R. & Jebb, M.H.P., Flora Malesiana - Nepenthaceae, Series I, Volume 15. 2001","","","0","0","0","1"
"8005c47f-57a2-45c0-9ba9-14478fc2d6ac","966896bd-2913-4936-ba80-1ad2f8fc0bc8","46967040-7c7a-4255-a699-bcc434b8425b","206add8c-3eae-4d9c-872c-e15409d2a3d9","Cheek, M.R. & Jebb, M.H.P., Flora Malesiana - Nepenthaceae, Series I, Volume 15. 2001","","","0","0","0","1"
"34866ade-020c-4745-aef8-98b42d9efe3c","a0f4770e-5076-43e4-950f-01166e65669d","770c154c-9786-46cb-8a7f-fe1b593161fb","206add8c-3eae-4d9c-872c-e15409d2a3d9","Cheek, M.R. & Jebb, M.H.P., Flora Malesiana - Nepenthaceae, Series I, Volume 15. 2001","","","0","0","0","1"
"f0fc3929-0495-4e6c-951a-50bedaf072c2","41e0b3e2-9d4e-44ea-aa70-e6c28f65c739","34b38fb8-8110-477c-9668-ef104e04f517","50ebf275-2ac1-4ced-b9ed-c600747da333","Cheek, M.R. & Jebb, M.H.P., Typification and redelimitation of Nepenthes alata with notes on the N. alata group, and N. negros sp. nov. from the Philippines in Nordic Journal of Botany 31: 616-622. 2013","","","0","0","1",""
"87afd3f9-8223-45bd-8f04-6e3fc797ec2a","8f110cd5-1471-4a6f-b0e1-21383836fadb","504908e3-05f8-4e55-8b8e-2a47f1925f59","1ab2bcff-deec-4092-8aff-90daea84b7cc","Jebb, M.H.P. & Cheek, M.R., A skeletal revision of Nepenthes in Blumea 42(1): 1-106. 1997","","","0","0","0","1"
"fb665544-5cc7-416a-a73e-dde185980be3","c849a63b-e2be-473c-9a81-ec1e21da89d0","8cc93117-b614-4c95-afd8-ffa7dd79503a","206add8c-3eae-4d9c-872c-e15409d2a3d9","Cheek, M.R. & Jebb, M.H.P., Flora Malesiana - Nepenthaceae, Series I, Volume 15. 2001","","","0","0","0","1"
"9b87323a-e37e-4a3b-b74f-cd6d3b19b276","f5a676bc-8bc0-44db-bb4a-120ecf1e6494","c38ce7db-fe6f-466b-a3e2-0aa341499940","206add8c-3eae-4d9c-872c-e15409d2a3d9","Cheek, M.R. & Jebb, M.H.P., Flora Malesiana - Nepenthaceae, Series I, Volume 15. 2001","f8cb1788-548a-4d94-a4d3-1e0ead19ba12","von Regel, E.A., Gartenfl. 1881","1","0","0",""
"51a07a73-f368-47f4-92ee-132573bdabc7","34178b84-84ef-48b8-b420-a0665402d8d4","ce6cadf1-435e-47d9-be71-10d98e9889b0","206add8c-3eae-4d9c-872c-e15409d2a3d9","Cheek, M.R. & Jebb, M.H.P., Flora Malesiana - Nepenthaceae, Series I, Volume 15. 2001","","","0","0","0","1"
"84820c5b-b294-41e1-94d8-cc9068c3109f","616ee37f-75d3-410c-af94-0da70474ef65","d0c7aa9f-6ca5-4d63-bef3-37906082c9a0","206add8c-3eae-4d9c-872c-e15409d2a3d9","Cheek, M.R. & Jebb, M.H.P., Flora Malesiana - Nepenthaceae, Series I, Volume 15. 2001","","","0","0","0","1"
"fd5a8615-6c77-4de4-b185-59a86c33fdba","616ee37f-75d3-410c-af94-0da70474ef65","a6d22ce8-9cab-4a72-a706-c6fc22058c3e","512011c1-11e8-40f3-9363-4e3488fbcabc","McPherson, S., Pitcher Plants of the Old World 1. 2009","","","0","0","0","1"
"c2686648-7ccc-4990-8f67-1b3c4f32c111","f1e7d2a9-1f4b-4893-9d69-f224914a73df","7d163e37-f73e-44c1-813c-49afbeeffb35","206add8c-3eae-4d9c-872c-e15409d2a3d9","Cheek, M.R. & Jebb, M.H.P., Flora Malesiana - Nepenthaceae, Series I, Volume 15. 2001","","","0","0","0","1"
"9ea17363-21f4-46cf-9500-940d8dcb04ee","25c13624-3eaa-4625-b1c3-0bfe6fb33ec7","4628840f-2b14-40e3-a386-f26753dc0e18","","","","","0","0","0","1"
"e58ba4f4-4b30-40f3-bd52-3d5cd1a5ad87","671f2545-b389-4cd7-a519-b0a0d9fb9036","03b002a0-703e-42af-8f2b-e8e292ee5103","56239fb8-65c2-4604-94e5-54f8071aa315","Berendsohn, W.G., Compilation of Nepenthes data for the Caryophyllales taxonomic backbone. 2017+","","","0","0","0","1"
"9db47104-a546-420b-b70a-1edfea615675","a0f6cd60-dc52-40da-b122-8c7b2b538bdb","f9330f84-2e46-4aaa-a5c7-4efe13b9c0d2","206add8c-3eae-4d9c-872c-e15409d2a3d9","Cheek, M.R. & Jebb, M.H.P., Flora Malesiana - Nepenthaceae, Series I, Volume 15. 2001","","","0","0","0","1"
"3f739a2b-cf5f-422a-ab89-29e769fc30d8","842409ec-cc1f-4525-9c2f-e9d7425cdd6f","ea5accdc-5ffc-4f8e-b5e6-5aca869b83f3","206add8c-3eae-4d9c-872c-e15409d2a3d9","Cheek, M.R. & Jebb, M.H.P., Flora Malesiana - Nepenthaceae, Series I, Volume 15. 2001","","","0","0","0","1"
"7f7f0941-688b-4e81-8221-c5ef5af010c7","c30f4ed6-c9e5-4f10-a958-84cb47451d44","0e851b67-4b81-49a3-a8df-ab66b038f7e0","206add8c-3eae-4d9c-872c-e15409d2a3d9","Cheek, M.R. & Jebb, M.H.P., Flora Malesiana - Nepenthaceae, Series I, Volume 15. 2001","","","0","0","0","1"
"3b21b109-a6b7-4518-9e5c-256da5180637","966896bd-2913-4936-ba80-1ad2f8fc0bc8","4664a9e8-a27a-43bd-864c-d7616cbe82c5","206add8c-3eae-4d9c-872c-e15409d2a3d9","Cheek, M.R. & Jebb, M.H.P., Flora Malesiana - Nepenthaceae, Series I, Volume 15. 2001","","","0","0","0","1"
"c501e514-90ef-4d13-9984-eeca5e2d78b0","26155c63-e1ae-4181-8879-067e2a177891","0f16e915-3486-46f0-a5c9-39fd471d95cf","206add8c-3eae-4d9c-872c-e15409d2a3d9","Cheek, M.R. & Jebb, M.H.P., Flora Malesiana - Nepenthaceae, Series I, Volume 15. 2001","","","0","0","0","1"
"8a8ccd7c-ff40-4889-9e56-9c676d02bc56","c29e1d83-b2b2-46fb-ac8c-ce48cc3d6d86","f9031d0c-2795-41af-be72-add22b584e8f","206add8c-3eae-4d9c-872c-e15409d2a3d9","Cheek, M.R. & Jebb, M.H.P., Flora Malesiana - Nepenthaceae, Series I, Volume 15. 2001","","","0","0","0","1"
"53359db1-f7ee-472c-a4ba-aa122f342fba","a0f6cd60-dc52-40da-b122-8c7b2b538bdb","4ede1c25-eaa0-4d7f-8448-3b2973eb89c3","206add8c-3eae-4d9c-872c-e15409d2a3d9","Cheek, M.R. & Jebb, M.H.P., Flora Malesiana - Nepenthaceae, Series I, Volume 15. 2001","","","0","0","0","1"
"7d108570-ac8f-49e4-b80b-22fb91d04350","a0f6cd60-dc52-40da-b122-8c7b2b538bdb","03feeba0-fe64-4030-b2f0-8f2cc4983272","206add8c-3eae-4d9c-872c-e15409d2a3d9","Cheek, M.R. & Jebb, M.H.P., Flora Malesiana - Nepenthaceae, Series I, Volume 15. 2001","","","0","0","0","1"
"d6405541-56f0-45f5-bc63-e470726a5a71","500ddb98-728b-4929-9836-c53ea6b3df70","8f1743cf-fd13-4f7e-85c3-f4c3cf733ea4","206add8c-3eae-4d9c-872c-e15409d2a3d9","Cheek, M.R. & Jebb, M.H.P., Flora Malesiana - Nepenthaceae, Series I, Volume 15. 2001","","","0","0","0","1"
"82176009-655d-4cf0-acd0-fd93b0307613","d3474215-8bc7-4931-bbf9-2a117fda2039","c345ac04-a25d-4dc8-80da-1c11a5331181","921b315e-b59f-4d59-8e2f-779055190e64","McPherson, S., Pitcher Plants of the Old World 2. 2009","","","0","0","0","1"
"14d89c69-67dd-490c-a225-d93ede131d7c","6a32a743-3ae2-4cd4-bd4f-97b4f4a133f2","a582f98b-9a08-4b7b-91b5-e6196fad50ee","56239fb8-65c2-4604-94e5-54f8071aa315","Berendsohn, W.G., Compilation of Nepenthes data for the Caryophyllales taxonomic backbone. 2017+","","","0","0","0","1"
"0dcf19ee-b578-448c-a0e1-7dda21a6fd02","2cf267ed-66d4-43a8-a98b-826a30872f21","e7d1822d-1c9b-4147-bddb-7d6d235242c6","206add8c-3eae-4d9c-872c-e15409d2a3d9","Cheek, M.R. & Jebb, M.H.P., Flora Malesiana - Nepenthaceae, Series I, Volume 15. 2001","","","0","0","0","1"
"2413e9fe-7091-425e-bf60-522b4cfee875","8f110cd5-1471-4a6f-b0e1-21383836fadb","2690fa73-6edf-4d82-8620-5c3b2dce2b67","1ab2bcff-deec-4092-8aff-90daea84b7cc","Jebb, M.H.P. & Cheek, M.R., A skeletal revision of Nepenthes in Blumea 42(1): 1-106. 1997","","","0","0","0","1"
"e77be31f-da6a-4536-88d8-ad790218d870","616ee37f-75d3-410c-af94-0da70474ef65","c204961a-38c3-4002-9fed-7f425cdfe1b8","512011c1-11e8-40f3-9363-4e3488fbcabc","McPherson, S., Pitcher Plants of the Old World 1. 2009","","","0","0","0","1"
"d37dffe1-9361-4d7d-b846-ec2e843c4bcc","f6962536-ed51-44c9-bb5c-104b576d5b79","76bc3793-7b1a-4194-aaab-db096c8c1851","206add8c-3eae-4d9c-872c-e15409d2a3d9","Cheek, M.R. & Jebb, M.H.P., Flora Malesiana - Nepenthaceae, Series I, Volume 15. 2001","","","0","0","0","1"
"39bb07dd-0683-41b3-9a98-3fdbcde8c174","a924e211-5a50-45e8-a249-33a638798eea","33723039-974c-45e9-bc1f-5b5e55f74139","206add8c-3eae-4d9c-872c-e15409d2a3d9","Cheek, M.R. & Jebb, M.H.P., Flora Malesiana - Nepenthaceae, Series I, Volume 15. 2001","","","0","0","0","1"
"cbb2b319-2381-489e-ba6f-9a8d685736ca","30a53619-0035-4396-9115-c767f5748b33","d2d8fe9d-2333-4b70-8af5-76a277fc7a86","206add8c-3eae-4d9c-872c-e15409d2a3d9","Cheek, M.R. & Jebb, M.H.P., Flora Malesiana - Nepenthaceae, Series I, Volume 15. 2001","","","0","0","0","1"
"cec7fc3a-04ed-43df-ada0-54f14427c001","f5a676bc-8bc0-44db-bb4a-120ecf1e6494","c38ce7db-fe6f-466b-a3e2-0aa341499940","","","e6c64dce-7f02-4def-b447-bed7cb5e1cd1","Sims, J., Bot. Mag. 1826","0","0","1",""
"d0ff6079-029d-4908-9b60-5dcb06f26f41","919079db-abdb-4b20-8d83-d47842102c39","19e3f638-2163-4705-a6bb-a9eddd79e5c3","1ab2bcff-deec-4092-8aff-90daea84b7cc","Jebb, M.H.P. & Cheek, M.R., A skeletal revision of Nepenthes in Blumea 42(1): 1-106. 1997","","","0","0","0","1"
"51a2b514-003e-4f77-8333-83645adf5a5e","616ee37f-75d3-410c-af94-0da70474ef65","8d9c45c6-3997-46a7-84d6-97ca97d0b145","512011c1-11e8-40f3-9363-4e3488fbcabc","McPherson, S., Pitcher Plants of the Old World 1. 2009","","","0","0","0","1"
"f66e86b1-3c67-4a00-9bea-102eee7fcee2","6a32a743-3ae2-4cd4-bd4f-97b4f4a133f2","696685f3-0f33-46b1-95f3-933bd777404f","56239fb8-65c2-4604-94e5-54f8071aa315","Berendsohn, W.G., Compilation of Nepenthes data for the Caryophyllales taxonomic backbone. 2017+","","","0","0","0","1"
"0e561b54-f076-4a23-95c2-5cc9de56980d","919079db-abdb-4b20-8d83-d47842102c39","7017488f-7dd2-4e1c-baf3-2bb753d85c75","1ab2bcff-deec-4092-8aff-90daea84b7cc","Jebb, M.H.P. & Cheek, M.R., A skeletal revision of Nepenthes in Blumea 42(1): 1-106. 1997","","","0","0","0","1"
"52cc1830-a7ff-4372-91de-9cb82d173361","bcd0ec1f-3d36-4f6f-9736-49ed8b5d9137","a6a677b7-feaf-4ebd-9016-13ad746d0855","206add8c-3eae-4d9c-872c-e15409d2a3d9","Cheek, M.R. & Jebb, M.H.P., Flora Malesiana - Nepenthaceae, Series I, Volume 15. 2001","","","0","0","0","1"
"d38d8dfa-d7e9-4190-9dd2-bf72886faee1","2cf267ed-66d4-43a8-a98b-826a30872f21","4ebc4446-3008-4afe-9570-20f233aea214","206add8c-3eae-4d9c-872c-e15409d2a3d9","Cheek, M.R. & Jebb, M.H.P., Flora Malesiana - Nepenthaceae, Series I, Volume 15. 2001","","","0","0","0","1"
"1bdba146-2975-4b8e-82d6-7248f56bc65a","c30f4ed6-c9e5-4f10-a958-84cb47451d44","34d0ce1c-a9ec-4065-940d-ea729eee0a91","206add8c-3eae-4d9c-872c-e15409d2a3d9","Cheek, M.R. & Jebb, M.H.P., Flora Malesiana - Nepenthaceae, Series I, Volume 15. 2001","","","0","0","0","1"
"7a0f9c16-6bda-4498-b996-f375099f551d","919079db-abdb-4b20-8d83-d47842102c39","138b0a73-aa5d-44d3-bb0a-23ca899f8612","1ab2bcff-deec-4092-8aff-90daea84b7cc","Jebb, M.H.P. & Cheek, M.R., A skeletal revision of Nepenthes in Blumea 42(1): 1-106. 1997","","","0","0","0","1"
"a4fb8703-df0c-4ff5-9cac-2877e3b667a6","30800db7-0923-4332-a700-323f8a6d8dd9","34b38fb8-8110-477c-9668-ef104e04f517","206add8c-3eae-4d9c-872c-e15409d2a3d9","Cheek, M.R. & Jebb, M.H.P., Flora Malesiana - Nepenthaceae, Series I, Volume 15. 2001","c70f2cef-fe88-4164-8d86-baa922e0d12c","Tamin, R. & Hotta, M. - in Hotta, M., Diversity and Dynamics of Plant Life in Sumatra. 1986","0","0","1",""
"e80fac9b-160f-4fd5-9c8b-43f99f8104fa","c849a63b-e2be-473c-9a81-ec1e21da89d0","2625eb5b-89bb-4967-812c-b685b3c92d00","206add8c-3eae-4d9c-872c-e15409d2a3d9","Cheek, M.R. & Jebb, M.H.P., Flora Malesiana - Nepenthaceae, Series I, Volume 15. 2001","","","0","0","0","1"
"b465cf0a-fa4e-4088-bb54-1b4abdc0a808","671f2545-b389-4cd7-a519-b0a0d9fb9036","cb2902ce-0d8f-4212-88e1-dc7ca1f8cade","56239fb8-65c2-4604-94e5-54f8071aa315","Berendsohn, W.G., Compilation of Nepenthes data for the Caryophyllales taxonomic backbone. 2017+","","","0","0","0","1"
"57ea4376-6263-4c1d-a23a-ee9c9c2e2a90","6a32a743-3ae2-4cd4-bd4f-97b4f4a133f2","6f16da69-a692-43a9-81bc-9939743dd9c9","56239fb8-65c2-4604-94e5-54f8071aa315","Berendsohn, W.G., Compilation of Nepenthes data for the Caryophyllales taxonomic backbone. 2017+","","","0","0","0","1"
"73f74842-1544-4d81-b7b2-1a9fbb4554cf","61dd747f-2409-4a09-850d-28770acc280d","f184961f-4d3f-4644-b21f-4149f6d6ecb6","206add8c-3eae-4d9c-872c-e15409d2a3d9","Cheek, M.R. & Jebb, M.H.P., Flora Malesiana - Nepenthaceae, Series I, Volume 15. 2001","","","0","0","0","1"
"a9f6c8bc-de68-4316-9ceb-40527e33a34f","f6962536-ed51-44c9-bb5c-104b576d5b79","c867db83-ff3c-4098-be51-b14178dc0177","206add8c-3eae-4d9c-872c-e15409d2a3d9","Cheek, M.R. & Jebb, M.H.P., Flora Malesiana - Nepenthaceae, Series I, Volume 15. 2001","","","0","0","0","1"
"5f2c373a-5f2c-4021-b19b-007a8646294f","3531ac7c-5d81-4c1f-b559-ade08d8a40cf","1c906cac-0928-48be-ab41-ee3378bb764c","206add8c-3eae-4d9c-872c-e15409d2a3d9","Cheek, M.R. & Jebb, M.H.P., Flora Malesiana - Nepenthaceae, Series I, Volume 15. 2001","","","0","0","0","1"
"c14963fb-7f64-41e9-a762-e56c468ee02d","616ee37f-75d3-410c-af94-0da70474ef65","773bc2b5-cbc9-4636-be6a-4eb1f070156e","512011c1-11e8-40f3-9363-4e3488fbcabc","McPherson, S., Pitcher Plants of the Old World 1. 2009","","","0","0","0","1"
"32de6266-4138-4ab9-aeba-6af627b45a8e","8746d8c3-fa0a-4d6f-9fdb-11b77fb0a8fd","66e665b7-8473-4aef-a17e-aace34e8544b","206add8c-3eae-4d9c-872c-e15409d2a3d9","Cheek, M.R. & Jebb, M.H.P., Flora Malesiana - Nepenthaceae, Series I, Volume 15. 2001","","","0","0","0","1"
"716e2bcb-0e75-4a33-a753-95150ff23fec","966896bd-2913-4936-ba80-1ad2f8fc0bc8","7a779026-a570-458a-a590-d245074d3606","206add8c-3eae-4d9c-872c-e15409d2a3d9","Cheek, M.R. & Jebb, M.H.P., Flora Malesiana - Nepenthaceae, Series I, Volume 15. 2001","","","0","0","0","1"
"c8d1f0b5-f9b3-49c7-9d38-c28fe7cc30b8","cc72c096-3a56-4b47-ad97-68cb82300e21","56ae6478-c581-47f0-927f-4e3b3e0c25d5","206add8c-3eae-4d9c-872c-e15409d2a3d9","Cheek, M.R. & Jebb, M.H.P., Flora Malesiana - Nepenthaceae, Series I, Volume 15. 2001","","","0","0","0","1"
"20478439-3af9-4a17-911d-78793783bbdc","42513eef-9429-434a-afba-acdc6b7bdc0c","d7f660d7-ccc4-4014-8607-46b0dd351964","206add8c-3eae-4d9c-872c-e15409d2a3d9","Cheek, M.R. & Jebb, M.H.P., Flora Malesiana - Nepenthaceae, Series I, Volume 15. 2001","","","0","0","0","1"
"8e6e6b16-b9a4-45c8-bb5e-d5bf4e6097db","a0f6cd60-dc52-40da-b122-8c7b2b538bdb","c1f276e9-3079-4935-936c-375b2c1e8079","206add8c-3eae-4d9c-872c-e15409d2a3d9","Cheek, M.R. & Jebb, M.H.P., Flora Malesiana - Nepenthaceae, Series I, Volume 15. 2001","","","0","0","0","1"
"2290d994-d195-4524-b486-cfb46c21567c","8e38447d-3278-4ce0-b5c7-92dac7711bc1","5fe4837a-8dad-462d-a627-afd3ae2740c0","206add8c-3eae-4d9c-872c-e15409d2a3d9","Cheek, M.R. & Jebb, M.H.P., Flora Malesiana - Nepenthaceae, Series I, Volume 15. 2001","","","0","0","0","1"
"075627a5-a7d2-4baf-ad4b-bf74c0265233","616ee37f-75d3-410c-af94-0da70474ef65","8d9af159-b1f4-46bc-a5fc-335809a7db17","512011c1-11e8-40f3-9363-4e3488fbcabc","McPherson, S., Pitcher Plants of the Old World 1. 2009","","","0","0","0","1"
"58532aef-31bf-4631-a34e-c4fcc3c13700","616ee37f-75d3-410c-af94-0da70474ef65","a1056b71-d382-47b2-8b50-7f9780283c9e","206add8c-3eae-4d9c-872c-e15409d2a3d9","Cheek, M.R. & Jebb, M.H.P., Flora Malesiana - Nepenthaceae, Series I, Volume 15. 2001","","","0","0","0","1"
"dc192875-da8e-4579-a1b9-3810e559b9fd","61dd747f-2409-4a09-850d-28770acc280d","d90e62c2-f423-4332-beb3-471e8c8051df","206add8c-3eae-4d9c-872c-e15409d2a3d9","Cheek, M.R. & Jebb, M.H.P., Flora Malesiana - Nepenthaceae, Series I, Volume 15. 2001","d541f08e-a3b3-4fef-8373-3267d1fb84c5","Kondo, K. & Kondo, M., Carn. Pl. of the World in Colour. 1983","0","0","1",""
"70c74111-b93e-45b9-bc42-ccd06dd4065e","42513eef-9429-434a-afba-acdc6b7bdc0c","79107264-3717-461b-ac34-f26e1b9a7af8","206add8c-3eae-4d9c-872c-e15409d2a3d9","Cheek, M.R. & Jebb, M.H.P., Flora Malesiana - Nepenthaceae, Series I, Volume 15. 2001","","","0","0","0","1"
"2c500f4d-2421-4008-bc0c-5d7ff7882ab2","2cf267ed-66d4-43a8-a98b-826a30872f21","0f40bd42-a126-444c-9ba9-11b60f72c803","206add8c-3eae-4d9c-872c-e15409d2a3d9","Cheek, M.R. & Jebb, M.H.P., Flora Malesiana - Nepenthaceae, Series I, Volume 15. 2001","","","0","0","0","1"
"9e18f066-912e-4d9e-9086-05adb6abf983","842409ec-cc1f-4525-9c2f-e9d7425cdd6f","cddd15a3-7a0d-4ca5-b955-be0289b645b5","206add8c-3eae-4d9c-872c-e15409d2a3d9","Cheek, M.R. & Jebb, M.H.P., Flora Malesiana - Nepenthaceae, Series I, Volume 15. 2001","","","0","0","0","1"
"9f248088-b957-424d-ac4e-5b8c8fcb7618","966896bd-2913-4936-ba80-1ad2f8fc0bc8","cb08a3fd-d5c4-45fe-bf97-5b1073c4b65f","206add8c-3eae-4d9c-872c-e15409d2a3d9","Cheek, M.R. & Jebb, M.H.P., Flora Malesiana - Nepenthaceae, Series I, Volume 15. 2001","","","0","0","0","1"
"46434418-70a5-471b-ad8a-1622ecc8e4f6","cfefdfbf-4195-400b-a9fd-458ecda0ccda","1cac860c-f539-4fa4-9aff-d5262055a3eb","4610f56a-fbf5-49eb-a334-2ef30318e2d0","Clarke, C.M., Nepenthes of Sumatra and Peninsular Malaysia. 2001","","","0","0","0","1"
"3bbda0d1-6786-4e15-9667-40953239e10e","c849a63b-e2be-473c-9a81-ec1e21da89d0","c7e42c0d-d65d-404b-8649-476dd67ec1f6","206add8c-3eae-4d9c-872c-e15409d2a3d9","Cheek, M.R. & Jebb, M.H.P., Flora Malesiana - Nepenthaceae, Series I, Volume 15. 2001","","","0","0","0","1"
"355a8853-ff6b-45a5-b890-f105347698d1","919079db-abdb-4b20-8d83-d47842102c39","04df5fb7-c553-4c20-9825-2aff59281d94","1ab2bcff-deec-4092-8aff-90daea84b7cc","Jebb, M.H.P. & Cheek, M.R., A skeletal revision of Nepenthes in Blumea 42(1): 1-106. 1997","","","0","0","0","1"
"0432bd55-6e23-4393-a49c-1a5784be70f8","616ee37f-75d3-410c-af94-0da70474ef65","867559dd-0dcd-47b9-bf7a-fe0f1371c63f","512011c1-11e8-40f3-9363-4e3488fbcabc","McPherson, S., Pitcher Plants of the Old World 1. 2009","","","0","0","0","1"
"67c46f97-dc3f-409f-83bd-045c8eb5bfb9","63a62be1-aaa7-4e54-ba9c-22791eb46a5a","2f5a65b1-8d07-4fac-b3fc-6e4f9aa0f60a","206add8c-3eae-4d9c-872c-e15409d2a3d9","Cheek, M.R. & Jebb, M.H.P., Flora Malesiana - Nepenthaceae, Series I, Volume 15. 2001","","","0","0","0","1"
"bc3173f0-2e29-414c-b194-1818370ebcc1","26155c63-e1ae-4181-8879-067e2a177891","dcf804e6-9974-42ba-ba86-f991fc69813b","206add8c-3eae-4d9c-872c-e15409d2a3d9","Cheek, M.R. & Jebb, M.H.P., Flora Malesiana - Nepenthaceae, Series I, Volume 15. 2001","","","0","0","0","1"
"2f7fbafd-802d-4b93-a3a0-3d62e69b81a1","616ee37f-75d3-410c-af94-0da70474ef65","011361e6-4797-4e30-bba9-a6284278c5b6","206add8c-3eae-4d9c-872c-e15409d2a3d9","Cheek, M.R. & Jebb, M.H.P., Flora Malesiana - Nepenthaceae, Series I, Volume 15. 2001","","","0","0","0","1"
"38f44529-48eb-4b39-8fe1-21bdeba378c4","2cf267ed-66d4-43a8-a98b-826a30872f21","0231f64f-9d1b-4815-87c2-1e4379c292e0","206add8c-3eae-4d9c-872c-e15409d2a3d9","Cheek, M.R. & Jebb, M.H.P., Flora Malesiana - Nepenthaceae, Series I, Volume 15. 2001","","","0","0","0","1"
"b0c874c3-425f-4371-9202-7b63ee2c79e0","616ee37f-75d3-410c-af94-0da70474ef65","eca86ec4-e511-4011-a3db-051f621cbf89","206add8c-3eae-4d9c-872c-e15409d2a3d9","Cheek, M.R. & Jebb, M.H.P., Flora Malesiana - Nepenthaceae, Series I, Volume 15. 2001","","","0","0","0","1"
"dc55cd31-6a56-40c1-ad06-0c5ae9268695","671f2545-b389-4cd7-a519-b0a0d9fb9036","135e7c4b-10e3-4e0f-a2a4-91ce14b02001","56239fb8-65c2-4604-94e5-54f8071aa315","Berendsohn, W.G., Compilation of Nepenthes data for the Caryophyllales taxonomic backbone. 2017+","","","0","0","0","1"
"b525b656-9334-4d67-86c1-309872de3eef","3531ac7c-5d81-4c1f-b559-ade08d8a40cf","5cb57a86-5f7a-4c10-be89-30f168345211","206add8c-3eae-4d9c-872c-e15409d2a3d9","Cheek, M.R. & Jebb, M.H.P., Flora Malesiana - Nepenthaceae, Series I, Volume 15. 2001","","","0","0","0","1"
"64a943b6-7ced-4feb-bf52-3f08ec192ab9","a0f4770e-5076-43e4-950f-01166e65669d","d90e62c2-f423-4332-beb3-471e8c8051df","206add8c-3eae-4d9c-872c-e15409d2a3d9","Cheek, M.R. & Jebb, M.H.P., Flora Malesiana - Nepenthaceae, Series I, Volume 15. 2001","f4875869-69cf-4f58-bfce-c098618705b1","Beccari, O., Malesia 1. 1878","1","0","0",""
"9ce06376-64f4-49c3-a14e-93049b36072e","842409ec-cc1f-4525-9c2f-e9d7425cdd6f","0b29f19f-725d-4c06-9d93-92a9ca8d34c0","206add8c-3eae-4d9c-872c-e15409d2a3d9","Cheek, M.R. & Jebb, M.H.P., Flora Malesiana - Nepenthaceae, Series I, Volume 15. 2001","","","0","0","0","1"
"fa240abb-b81a-4f52-86ff-12d58f4894f3","842409ec-cc1f-4525-9c2f-e9d7425cdd6f","db4093c4-a7dc-4205-9796-246a55fda803","206add8c-3eae-4d9c-872c-e15409d2a3d9","Cheek, M.R. & Jebb, M.H.P., Flora Malesiana - Nepenthaceae, Series I, Volume 15. 2001","f4875869-69cf-4f58-bfce-c098618705b1","Beccari, O., Malesia 1. 1878","0","0","1",""
"22f4a4d0-e3fb-42b1-86fc-7d69693312eb","c29e1d83-b2b2-46fb-ac8c-ce48cc3d6d86","c8c2f323-b14f-405c-b26a-7f0fee3af91e","206add8c-3eae-4d9c-872c-e15409d2a3d9","Cheek, M.R. & Jebb, M.H.P., Flora Malesiana - Nepenthaceae, Series I, Volume 15. 2001","508203e6-dd45-43de-9acb-532d1b655013","Hooker, W.J., Nepenthes villosa - villous pitcher plant in Bot. Mag: t. 5080. 1858","0","0","1",""
"79d12c90-c958-4101-a31c-f9f8bc94c297","671f2545-b389-4cd7-a519-b0a0d9fb9036","adb5d542-7bfc-4be8-9f26-ebde664d362c","206add8c-3eae-4d9c-872c-e15409d2a3d9","Cheek, M.R. & Jebb, M.H.P., Flora Malesiana - Nepenthaceae, Series I, Volume 15. 2001","","","0","0","0","1"
"16034ac1-4efa-4313-bc81-8931a56f4383","2fd58529-59da-4ea6-927d-5a51a6204dc7","a91329ad-35fe-455c-bdef-6e81d70899ce","206add8c-3eae-4d9c-872c-e15409d2a3d9","Cheek, M.R. & Jebb, M.H.P., Flora Malesiana - Nepenthaceae, Series I, Volume 15. 2001","","","0","0","0","1"
"1f0b7166-ad5b-4b5b-b459-c920059359f0","581ec809-ebc6-4739-b3ac-ccd5ce621402","f75994ce-4e25-4c87-87ba-70174f5b688a","1ab2bcff-deec-4092-8aff-90daea84b7cc","Jebb, M.H.P. & Cheek, M.R., A skeletal revision of Nepenthes in Blumea 42(1): 1-106. 1997","","","0","0","0","1"
"16c83b3a-2836-40b2-ad4c-99ee901df2e3","079c8693-15e4-441b-acd0-cb0c07a060a8","5645165d-3cf9-47dd-8090-748a6228441d","206add8c-3eae-4d9c-872c-e15409d2a3d9","Cheek, M.R. & Jebb, M.H.P., Flora Malesiana - Nepenthaceae, Series I, Volume 15. 2001","","","0","0","0","1"
"5acf0dfd-788b-4b30-9e29-8369fe8c27da","6a32a743-3ae2-4cd4-bd4f-97b4f4a133f2","6589bb3c-46ae-4911-a2bd-27e8d540e529","56239fb8-65c2-4604-94e5-54f8071aa315","Berendsohn, W.G., Compilation of Nepenthes data for the Caryophyllales taxonomic backbone. 2017+","","","0","0","0","1"
"de930c93-b206-4cce-b005-a6b0bb3febe6","c30f4ed6-c9e5-4f10-a958-84cb47451d44","13cb6e0b-f3d1-4fe3-b994-c9898bb51d5a","206add8c-3eae-4d9c-872c-e15409d2a3d9","Cheek, M.R. & Jebb, M.H.P., Flora Malesiana - Nepenthaceae, Series I, Volume 15. 2001","","","0","0","0","1"
"d6b2a2ca-2ff8-483c-a98f-39ef38543263","8f110cd5-1471-4a6f-b0e1-21383836fadb","b059a129-1941-4e92-935f-7181c422c8c9","206add8c-3eae-4d9c-872c-e15409d2a3d9","Cheek, M.R. & Jebb, M.H.P., Flora Malesiana - Nepenthaceae, Series I, Volume 15. 2001","c75ce6bb-5951-4a4d-bbcb-daaf64b30dfa","Jeannenay, A., Nouv. Caléd. Agric. 1894","0","0","1",""
"08193198-2295-435c-9060-38f1c5001960","8f110cd5-1471-4a6f-b0e1-21383836fadb","4e6867a4-9092-432a-80c7-c5c9cd236730","1ab2bcff-deec-4092-8aff-90daea84b7cc","Jebb, M.H.P. & Cheek, M.R., A skeletal revision of Nepenthes in Blumea 42(1): 1-106. 1997","","","0","0","0","1"
"5f31674c-a4e5-46f4-9fb2-5dee5fac6073","c849a63b-e2be-473c-9a81-ec1e21da89d0","77ce5744-1d85-45fe-84de-292dcd97c6c1","206add8c-3eae-4d9c-872c-e15409d2a3d9","Cheek, M.R. & Jebb, M.H.P., Flora Malesiana - Nepenthaceae, Series I, Volume 15. 2001","","","0","0","0","1"
"9477bc61-2252-4108-9ce9-c0d3b1bdfe87","6c380595-7309-4de0-9d4c-38ca4dae1c98","7b24b4b9-a768-4a2b-bb3e-faa80bb322c8","4610f56a-fbf5-49eb-a334-2ef30318e2d0","Clarke, C.M., Nepenthes of Sumatra and Peninsular Malaysia. 2001","","","0","0","0","1"
"d01c2529-fbe8-478b-8aa0-786ac9dbd216","8f110cd5-1471-4a6f-b0e1-21383836fadb","64c61795-93d0-433c-84a5-5c066b67325e","206add8c-3eae-4d9c-872c-e15409d2a3d9","Cheek, M.R. & Jebb, M.H.P., Flora Malesiana - Nepenthaceae, Series I, Volume 15. 2001","8e8a2205-8885-427c-a32a-67705840260b","Guillemin, H. in Ann. Mus. Col. Mars., sér. 2, 9. 1911","0","0","1",""
"a8e72b33-6963-46bc-942f-d7a7a9af0753","2cf267ed-66d4-43a8-a98b-826a30872f21","60a2c3a7-8805-4f39-b218-bbe3dda9396f","206add8c-3eae-4d9c-872c-e15409d2a3d9","Cheek, M.R. & Jebb, M.H.P., Flora Malesiana - Nepenthaceae, Series I, Volume 15. 2001","","","0","0","0","1"
"73854e54-6dfe-4853-a185-e685c1dcb0f5","2cf267ed-66d4-43a8-a98b-826a30872f21","a20781b7-6891-4ef6-84c0-4a80da12e97e","206add8c-3eae-4d9c-872c-e15409d2a3d9","Cheek, M.R. & Jebb, M.H.P., Flora Malesiana - Nepenthaceae, Series I, Volume 15. 2001","","","0","0","0","1"
"5fe9403c-8361-456a-a0d0-38fef70a4e8f","4430f7cc-14a7-4079-88ba-fb5586746c28","95bf3b28-5683-4d51-81a0-c372736203e2","206add8c-3eae-4d9c-872c-e15409d2a3d9","Cheek, M.R. & Jebb, M.H.P., Flora Malesiana - Nepenthaceae, Series I, Volume 15. 2001","","","0","0","0","1"
"5f793b72-c715-4768-ba8e-b658e4b623a8","2cf267ed-66d4-43a8-a98b-826a30872f21","8c27378d-3259-41ee-aec9-e15b38cc365f","206add8c-3eae-4d9c-872c-e15409d2a3d9","Cheek, M.R. & Jebb, M.H.P., Flora Malesiana - Nepenthaceae, Series I, Volume 15. 2001","","","0","0","0","1"
"1bd29c4e-cd92-4b9b-aa84-d29669ba7e9e","bbeaa2d8-63d8-48be-a7b3-508b05dd20a4","9c23724c-2960-4cd6-b2fd-7e75fc98ceb4","77f5494d-71a3-40c8-8340-e2149911946c","Scharmann, M. & Grafe, T.U., Reinstatement of Nepenthes hemsleyana (Nepenthaceae), an endemic pitcher plant from Borneo, with a discussion of associated Nepenthes taxa in Blumea 58(1): 8-12. 2013","","","0","0","0","1"
"21242889-e12e-4ab7-a135-7b2575707b75","3531ac7c-5d81-4c1f-b559-ade08d8a40cf","d1947313-9dbd-4ec1-9e32-d82a49340336","206add8c-3eae-4d9c-872c-e15409d2a3d9","Cheek, M.R. & Jebb, M.H.P., Flora Malesiana - Nepenthaceae, Series I, Volume 15. 2001","","","0","0","0","1"
"81e709de-1e2f-4f0e-a6c7-f33bd3be1dae","2365f166-3943-400f-a157-10d113df55f1","57ac35e6-72e9-48f8-a65a-dea7f7a71042","206add8c-3eae-4d9c-872c-e15409d2a3d9","Cheek, M.R. & Jebb, M.H.P., Flora Malesiana - Nepenthaceae, Series I, Volume 15. 2001","","","0","0","0","1"
"8a54b927-6e48-45fa-8778-c30f7e2c5ad7","53d8bdee-f688-4c98-a90a-ef794bc23845","64c61795-93d0-433c-84a5-5c066b67325e","206add8c-3eae-4d9c-872c-e15409d2a3d9","Cheek, M.R. & Jebb, M.H.P., Flora Malesiana - Nepenthaceae, Series I, Volume 15. 2001","ba7fcbc6-e846-43c8-b07c-0492417ed1a0","Ridley, H.N. in J. Linn. Soc., Bot. 38. 1908","0","0","1",""
"b5a20c0f-7ab3-4d81-88a6-f258aabed043","90d47d8d-0f76-47d9-a0c8-20b4361080a4","d3d2b5f7-bde8-4d93-b1ab-e5990c84bd92","16c55dba-7ba9-4e64-87bf-1ea8d4ad67cc","Cheek, M.R. & Jebb, M.H.P., Identification and typification of Nepenthes blancoi, with N. abalata sp. nov. from the western Visayas, Philippines in Nordic Journal of Botany 31(2): 151-156. 2013","ad3f4098-ae74-4213-aab8-24b50c710001","Macfarlane, J.M. - in Engler, A., Pflanzenreich IV. 111 (Heft 36). 1908","1","0","1",""
"6ab5cce5-1bc1-47f7-83ef-77b6a59ff2d8","d778ee69-3708-446b-984c-3e616fefec88","b6f27366-1cd6-4eb5-be1e-07e11c5d2eb5","56239fb8-65c2-4604-94e5-54f8071aa315","Berendsohn, W.G., Compilation of Nepenthes data for the Caryophyllales taxonomic backbone. 2017+","","","0","0","0","1"
"143b412f-6574-4005-8c9e-6ba74d757661","9ad65c6d-441b-4083-8955-75ff07f05d3f","479afd86-d6ae-423c-aef7-f151f1fa2082","206add8c-3eae-4d9c-872c-e15409d2a3d9","Cheek, M.R. & Jebb, M.H.P., Flora Malesiana - Nepenthaceae, Series I, Volume 15. 2001","e757e9d9-d463-4f22-8310-d3189f344284","Ridley, H.N. in Trans. Linn. Soc. London, Bot. 9. 1916","0","0","1",""
"9942e054-1e1e-4a07-be07-5ac227460755","f6962536-ed51-44c9-bb5c-104b576d5b79","b7394d3c-16a7-40ad-a5d5-34901e2c3e38","206add8c-3eae-4d9c-872c-e15409d2a3d9","Cheek, M.R. & Jebb, M.H.P., Flora Malesiana - Nepenthaceae, Series I, Volume 15. 2001","","","0","0","0","1"
"e73abce4-80fc-400e-a048-2f5db82fd172","f8ae43e4-a639-4441-a525-58ea0ab36476","d590840d-4872-445b-b144-06f3b7e58243","206add8c-3eae-4d9c-872c-e15409d2a3d9","Cheek, M.R. & Jebb, M.H.P., Flora Malesiana - Nepenthaceae, Series I, Volume 15. 2001","","","0","0","0","1"
"fb916d26-77fd-4fb6-842c-6d8462078c8e","a0f6cd60-dc52-40da-b122-8c7b2b538bdb","0b27141b-ad9c-4160-a744-a4e3c453c27e","206add8c-3eae-4d9c-872c-e15409d2a3d9","Cheek, M.R. & Jebb, M.H.P., Flora Malesiana - Nepenthaceae, Series I, Volume 15. 2001","","","0","0","0","1"
"23d2e591-bbab-483f-8293-150f086a9954","919079db-abdb-4b20-8d83-d47842102c39","6dc41d29-a09c-43bd-9728-c30b9ff7d12f","1ab2bcff-deec-4092-8aff-90daea84b7cc","Jebb, M.H.P. & Cheek, M.R., A skeletal revision of Nepenthes in Blumea 42(1): 1-106. 1997","","","0","0","0","1"
"48d6e84b-a00d-4c06-9ad8-8caface703d6","671f2545-b389-4cd7-a519-b0a0d9fb9036","56c6712d-8378-46f5-865d-691e5510e585","56239fb8-65c2-4604-94e5-54f8071aa315","Berendsohn, W.G., Compilation of Nepenthes data for the Caryophyllales taxonomic backbone. 2017+","","","0","0","0","1"
"b88faeaf-6d6a-4ab2-a4b5-4c77ccd1dbdf","cfefdfbf-4195-400b-a9fd-458ecda0ccda","6839eeb7-41b1-46c5-bb68-a7cfd9b258c4","4610f56a-fbf5-49eb-a334-2ef30318e2d0","Clarke, C.M., Nepenthes of Sumatra and Peninsular Malaysia. 2001","","","0","0","0","1"
"28b5345a-0149-4cb1-ae82-889cc70a91c6","cfefdfbf-4195-400b-a9fd-458ecda0ccda","db4093c4-a7dc-4205-9796-246a55fda803","","","","","0","0","1",""
"7a6db4cf-fadc-4615-9dda-b2ff0564c810","6c380595-7309-4de0-9d4c-38ca4dae1c98","8d251dd7-d4aa-4e7c-81c6-c299037affad","4610f56a-fbf5-49eb-a334-2ef30318e2d0","Clarke, C.M., Nepenthes of Sumatra and Peninsular Malaysia. 2001","","","0","0","0","1"
"2ba4a0d6-4b44-4b6a-9a75-ed3b6901f551","53d8bdee-f688-4c98-a90a-ef794bc23845","cb274c0e-e559-40f6-9f58-f7bee8799af1","206add8c-3eae-4d9c-872c-e15409d2a3d9","Cheek, M.R. & Jebb, M.H.P., Flora Malesiana - Nepenthaceae, Series I, Volume 15. 2001","","","0","0","0","1"
"f80e6a10-45cb-4117-8051-a35c50d53257","6a32a743-3ae2-4cd4-bd4f-97b4f4a133f2","c1ad1f1e-fcee-4f45-8033-f06c2c38ed05","56239fb8-65c2-4604-94e5-54f8071aa315","Berendsohn, W.G., Compilation of Nepenthes data for the Caryophyllales taxonomic backbone. 2017+","","","0","0","0","1"
"bdd0a733-d4be-4cc4-97b2-485218fefb87","616ee37f-75d3-410c-af94-0da70474ef65","c38ce7db-fe6f-466b-a3e2-0aa341499940","512011c1-11e8-40f3-9363-4e3488fbcabc","McPherson, S., Pitcher Plants of the Old World 1. 2009","","","0","0","0","1"
"5a2e0825-b560-492b-a8f7-d4bd9e12722d","f5a676bc-8bc0-44db-bb4a-120ecf1e6494","c38ce7db-fe6f-466b-a3e2-0aa341499940","","","30f5b096-6936-47a3-989e-3a78451a72ce","Hooker, J.D. - in de Candolle, A.L.P.P., Prodr. 17. 1873","0","0","1",""
"cde8e1e1-9890-40b0-ada1-01f5c922de64","46325539-e6b9-4db6-949e-ab222b25b775","86def446-b223-4481-a2aa-8cd911ee1786","dbe85af3-fc34-466e-a032-8283fb1e4539","Mey, F.S., Introduction to the pitcher plants (Nepenthes) of Cambodia in Cambodian Journal of Natural History 2010(2): 106-117. 2010","","","0","0","0","1"
"af7222c3-1cbf-471f-ac40-f7a7eff083c9","6a32a743-3ae2-4cd4-bd4f-97b4f4a133f2","276005e9-4c55-447c-a12c-4a52f8eb4290","56239fb8-65c2-4604-94e5-54f8071aa315","Berendsohn, W.G., Compilation of Nepenthes data for the Caryophyllales taxonomic backbone. 2017+","","","0","0","0","1"
"af6eaa39-1cfc-42c6-8b8d-0282b7d8929c","f8ae43e4-a639-4441-a525-58ea0ab36476","360cca0d-72d6-4e2b-bdcf-179af9e56b53","206add8c-3eae-4d9c-872c-e15409d2a3d9","Cheek, M.R. & Jebb, M.H.P., Flora Malesiana - Nepenthaceae, Series I, Volume 15. 2001","","","0","0","0","1"
"e4ee435b-ef2e-43d2-8c2c-8543225e2b1c","17e37aa2-2801-4d4b-88c9-e1723b0364c0","b4a4e7dd-05f0-49f4-af24-f75a1d83c5d8","206add8c-3eae-4d9c-872c-e15409d2a3d9","Cheek, M.R. & Jebb, M.H.P., Flora Malesiana - Nepenthaceae, Series I, Volume 15. 2001","","","0","0","0","1"
"2c8abc48-d02c-4767-a57e-565bf1aece15","6a32a743-3ae2-4cd4-bd4f-97b4f4a133f2","5405ac03-7513-4b61-87b7-42ed435f0095","56239fb8-65c2-4604-94e5-54f8071aa315","Berendsohn, W.G., Compilation of Nepenthes data for the Caryophyllales taxonomic backbone. 2017+","","","0","0","0","1"
"aa35ce3a-b050-4914-abc3-ae7e71b39b94","a0f6cd60-dc52-40da-b122-8c7b2b538bdb","ca299388-558f-432c-868f-25d27e306cd7","206add8c-3eae-4d9c-872c-e15409d2a3d9","Cheek, M.R. & Jebb, M.H.P., Flora Malesiana - Nepenthaceae, Series I, Volume 15. 2001","","","0","0","0","1"
"9263186f-3d60-40b0-b61e-0dc730007438","581ec809-ebc6-4739-b3ac-ccd5ce621402","b4d9d810-d47d-4d53-a7d9-de2c2e3478a2","1ab2bcff-deec-4092-8aff-90daea84b7cc","Jebb, M.H.P. & Cheek, M.R., A skeletal revision of Nepenthes in Blumea 42(1): 1-106. 1997","","","0","0","0","1"
"0d925e5d-8d22-44bc-98c5-c9bfc6daeb55","4430f7cc-14a7-4079-88ba-fb5586746c28","a6c786eb-6188-40e2-adc6-366a6e67d03c","206add8c-3eae-4d9c-872c-e15409d2a3d9","Cheek, M.R. & Jebb, M.H.P., Flora Malesiana - Nepenthaceae, Series I, Volume 15. 2001","","","0","0","0","1"
"4f351121-9c49-4648-9ee0-922cec4a3fbf","61dd747f-2409-4a09-850d-28770acc280d","0a944d6f-142b-4020-bb4b-7a4b2499b9ff","206add8c-3eae-4d9c-872c-e15409d2a3d9","Cheek, M.R. & Jebb, M.H.P., Flora Malesiana - Nepenthaceae, Series I, Volume 15. 2001","","","0","0","0","1"
"fe135d18-4e3e-4e87-816c-6147206e0643","c849a63b-e2be-473c-9a81-ec1e21da89d0","109495db-4a79-4069-b26e-0a1025be91ab","206add8c-3eae-4d9c-872c-e15409d2a3d9","Cheek, M.R. & Jebb, M.H.P., Flora Malesiana - Nepenthaceae, Series I, Volume 15. 2001","","","0","0","0","1"
"646c3fe5-e38d-4024-9374-3cc7802d56d1","26155c63-e1ae-4181-8879-067e2a177891","8e8eaa9d-c4f3-4bf2-b401-2b588829291f","206add8c-3eae-4d9c-872c-e15409d2a3d9","Cheek, M.R. & Jebb, M.H.P., Flora Malesiana - Nepenthaceae, Series I, Volume 15. 2001","","","0","0","0","1"
"9d9b74fe-b1de-441a-bb1a-f843f82af824","c30f4ed6-c9e5-4f10-a958-84cb47451d44","67f0e84a-c079-4133-96ab-7673d5f65658","206add8c-3eae-4d9c-872c-e15409d2a3d9","Cheek, M.R. & Jebb, M.H.P., Flora Malesiana - Nepenthaceae, Series I, Volume 15. 2001","","","0","0","0","1"
"ab98aa61-c4d8-422b-bdad-673245079dae","d367fd34-2197-4a3f-9c0a-28d775a928fa","44b62dc6-58e3-4471-9f6a-56a5c7e98249","dbe85af3-fc34-466e-a032-8283fb1e4539","Mey, F.S., Introduction to the pitcher plants (Nepenthes) of Cambodia in Cambodian Journal of Natural History 2010(2): 106-117. 2010","","","0","0","0","1"
"1c73cca4-82a7-4ceb-8a46-c1045c3c2cc0","f6962536-ed51-44c9-bb5c-104b576d5b79","964b50a7-e093-4139-8393-cdeedbd943a0","206add8c-3eae-4d9c-872c-e15409d2a3d9","Cheek, M.R. & Jebb, M.H.P., Flora Malesiana - Nepenthaceae, Series I, Volume 15. 2001","94529d8c-059d-4bd5-859d-7e3c7a71c9c3","Miquel, F.A.W., Plantae junghuhnianae: enumeratio plantarum, quas, in insulis Java et Sumatra. 1852","0","0","1",""
"980ea2e2-6d35-48b7-b7db-838f8da39fa5","581ec809-ebc6-4739-b3ac-ccd5ce621402","78d77ce1-4874-4e79-8b0e-1f0145b338d9","","","2792adb2-bffa-41d2-9f4c-85dc69be0fec","Bréon, M. in Belgique Hort. 5. 1855","0","0","1",""
"97245437-c1da-4477-987d-5794ad358e68","43ad795e-847b-41e0-ac37-9cdd1e4bb3d0","1d43a3d5-4417-499b-b4b8-d1ecb3f39463","206add8c-3eae-4d9c-872c-e15409d2a3d9","Cheek, M.R. & Jebb, M.H.P., Flora Malesiana - Nepenthaceae, Series I, Volume 15. 2001","","","0","0","0","1"
"f127868f-ef8e-4d6d-9705-c8b2f35e90ce","b0b48d86-349b-48f2-af44-a52b469a5142","6eb99a94-97bb-4652-9da8-8a8dd83eda3c","206add8c-3eae-4d9c-872c-e15409d2a3d9","Cheek, M.R. & Jebb, M.H.P., Flora Malesiana - Nepenthaceae, Series I, Volume 15. 2001","9b134beb-533c-4d5a-a5a4-17e8dd63897d","Kondo, K. & Kondo, M., Carniv. Pl. World","0","0","1",""
"2a268196-d205-4f98-bd26-b7ea27748eb8","8f110cd5-1471-4a6f-b0e1-21383836fadb","43715d82-7c2d-40a4-a3b9-954dbf4d8d31","1ab2bcff-deec-4092-8aff-90daea84b7cc","Jebb, M.H.P. & Cheek, M.R., A skeletal revision of Nepenthes in Blumea 42(1): 1-106. 1997","","","0","0","0","1"
"2d6957f7-96d7-4372-b634-fd180a5ae5f3","24394a13-b20b-4f53-bcb2-90a9fdd17253","64c61795-93d0-433c-84a5-5c066b67325e","206add8c-3eae-4d9c-872c-e15409d2a3d9","Cheek, M.R. & Jebb, M.H.P., Flora Malesiana - Nepenthaceae, Series I, Volume 15. 2001","c70f2cef-fe88-4164-8d86-baa922e0d12c","Tamin, R. & Hotta, M. - in Hotta, M., Diversity and Dynamics of Plant Life in Sumatra. 1986","1","0","1",""
"8a042ce1-c105-4db4-a3a4-5b813a45fb2b","1adc6e68-6f08-48ea-8362-8646ca561c00","8b5f7ab1-1dab-4bcd-ad6b-217499ef6972","1ab2bcff-deec-4092-8aff-90daea84b7cc","Jebb, M.H.P. & Cheek, M.R., A skeletal revision of Nepenthes in Blumea 42(1): 1-106. 1997","","","0","0","0","1"
"4d18e226-1927-4d5c-a93b-22cea3c0ccd3","687a529d-ae7b-4963-923a-13dddf4f8fe8","04f366c7-9cbc-4f21-8a0d-4478d06a1f72","4610f56a-fbf5-49eb-a334-2ef30318e2d0","Clarke, C.M., Nepenthes of Sumatra and Peninsular Malaysia. 2001","","","0","0","0","1"
"05191549-83ec-490c-a0ad-ab1444ca7b01","c849a63b-e2be-473c-9a81-ec1e21da89d0","06759de8-f05f-4f08-9b56-bb9ad91c3688","206add8c-3eae-4d9c-872c-e15409d2a3d9","Cheek, M.R. & Jebb, M.H.P., Flora Malesiana - Nepenthaceae, Series I, Volume 15. 2001","","","0","0","0","1"
"3a32c3e0-6407-45ab-86bc-25cb9f2a5ca0","c849a63b-e2be-473c-9a81-ec1e21da89d0","078bca3d-5d48-42de-9e65-5b82e03e195d","206add8c-3eae-4d9c-872c-e15409d2a3d9","Cheek, M.R. & Jebb, M.H.P., Flora Malesiana - Nepenthaceae, Series I, Volume 15. 2001","","","0","0","0","1"
"30c3768a-a0f7-4ac8-a99b-48083dc26831","966896bd-2913-4936-ba80-1ad2f8fc0bc8","2f77a8e0-02a1-4349-a2fa-a8333152384d","206add8c-3eae-4d9c-872c-e15409d2a3d9","Cheek, M.R. & Jebb, M.H.P., Flora Malesiana - Nepenthaceae, Series I, Volume 15. 2001","","","0","0","0","1"
"886b32d4-95e2-4487-91b1-4593ca8860e3","c30f4ed6-c9e5-4f10-a958-84cb47451d44","f5c62475-eb2b-478f-bd6b-66f743358d9b","206add8c-3eae-4d9c-872c-e15409d2a3d9","Cheek, M.R. & Jebb, M.H.P., Flora Malesiana - Nepenthaceae, Series I, Volume 15. 2001","","","0","0","0","1"
"4c30e564-6182-4093-be35-faaf9acf8e23","dcf4f8ee-afaa-41bf-8a07-422aba5ea7b0","9eca449e-ea04-4ca7-8247-aeba3647075a","206add8c-3eae-4d9c-872c-e15409d2a3d9","Cheek, M.R. & Jebb, M.H.P., Flora Malesiana - Nepenthaceae, Series I, Volume 15. 2001","","","0","0","0","1"
"87686533-68ef-4b34-b3cd-33fde915acb7","d778ee69-3708-446b-984c-3e616fefec88","3c876a8a-cd2b-4e9a-a894-b5d275481663","206add8c-3eae-4d9c-872c-e15409d2a3d9","Cheek, M.R. & Jebb, M.H.P., Flora Malesiana - Nepenthaceae, Series I, Volume 15. 2001","","","0","0","0","1"
"407cce9c-fe90-4b15-acbb-b6946e7cef91","6a32a743-3ae2-4cd4-bd4f-97b4f4a133f2","62126bd7-4fa6-4af4-96d4-9d40a19e7e9f","56239fb8-65c2-4604-94e5-54f8071aa315","Berendsohn, W.G., Compilation of Nepenthes data for the Caryophyllales taxonomic backbone. 2017+","","","0","0","0","1"
"7ddc8013-7969-4eaf-97d6-0a28dd255d31","bbeaa2d8-63d8-48be-a7b3-508b05dd20a4","7f202e84-fc4d-48ae-bfe9-31e032564d3f","6be7ad82-165a-4723-beb0-297e5af3ec6f","Clarke, C.M., Moran, J.A. & Lee, C.C., Nepenthes baramensis (Nepenthaceae) – a new species from north-western Borneo in Blumea 56(3): 229-233. 2011","","","0","0","0","1"
"cab2329c-b463-450e-8d52-4deae237e30e","c29e1d83-b2b2-46fb-ac8c-ce48cc3d6d86","03bedf4c-f980-450b-b280-d76e712a1569","206add8c-3eae-4d9c-872c-e15409d2a3d9","Cheek, M.R. & Jebb, M.H.P., Flora Malesiana - Nepenthaceae, Series I, Volume 15. 2001","a0a92a16-4325-4531-8bfa-4f2297eb7e07","Masters, M.T., New garden plants in Gard. Chron. n.s. 18: 808. 1882","0","0","1",""
"84c322d0-09aa-4ea7-8186-84e049f6333f","671f2545-b389-4cd7-a519-b0a0d9fb9036","88f9a7db-966a-41d6-87ab-9a1cad9fc216","206add8c-3eae-4d9c-872c-e15409d2a3d9","Cheek, M.R. & Jebb, M.H.P., Flora Malesiana - Nepenthaceae, Series I, Volume 15. 2001","","","0","0","0","1"
"8f6bbb87-2471-402e-84bf-dd72c443f865","90d47d8d-0f76-47d9-a0c8-20b4361080a4","34b38fb8-8110-477c-9668-ef104e04f517","16c55dba-7ba9-4e64-87bf-1ea8d4ad67cc","Cheek, M.R. & Jebb, M.H.P., Identification and typification of Nepenthes blancoi, with N. abalata sp. nov. from the western Visayas, Philippines in Nordic Journal of Botany 31(2): 151-156. 2013","206add8c-3eae-4d9c-872c-e15409d2a3d9","Cheek, M.R. & Jebb, M.H.P., Flora Malesiana - Nepenthaceae, Series I, Volume 15. 2001","1","0","1",""
"6865eea1-ce1c-4e95-9ba4-538e49dfdc80","c849a63b-e2be-473c-9a81-ec1e21da89d0","77d34aff-7681-474e-9d9d-03a1fce81b5a","206add8c-3eae-4d9c-872c-e15409d2a3d9","Cheek, M.R. & Jebb, M.H.P., Flora Malesiana - Nepenthaceae, Series I, Volume 15. 2001","","","0","0","0","1"
"279c2823-5e95-4226-9eb3-63a0fe481e2c","842409ec-cc1f-4525-9c2f-e9d7425cdd6f","db4093c4-a7dc-4205-9796-246a55fda803","","","2d86cc19-c3e0-4b37-90b1-e7e86773fd1e","Beccari, O., Malesia 3. 1886","0","0","1",""
"2e272820-c3bb-4f14-9ce7-a4c6fd88c386","616ee37f-75d3-410c-af94-0da70474ef65","2b5020f7-395b-4028-b6f8-5f4a07223548","512011c1-11e8-40f3-9363-4e3488fbcabc","McPherson, S., Pitcher Plants of the Old World 1. 2009","","","0","0","0","1"
"ea0601d3-1760-4689-98d6-f4913f0bfdfa","842409ec-cc1f-4525-9c2f-e9d7425cdd6f","09c0cca9-b07a-47ef-9a1e-4a7c937e46b9","206add8c-3eae-4d9c-872c-e15409d2a3d9","Cheek, M.R. & Jebb, M.H.P., Flora Malesiana - Nepenthaceae, Series I, Volume 15. 2001","","","0","0","0","1"
"d5075328-1bd2-47c3-b6f9-a89ca3c42aeb","842409ec-cc1f-4525-9c2f-e9d7425cdd6f","a1553c29-8def-4fc4-b0e4-f06e30465cf8","206add8c-3eae-4d9c-872c-e15409d2a3d9","Cheek, M.R. & Jebb, M.H.P., Flora Malesiana - Nepenthaceae, Series I, Volume 15. 2001","","","0","0","0","1"
"8fed5bd9-7ac5-4cf2-896c-121bd0dcede9","8f110cd5-1471-4a6f-b0e1-21383836fadb","03640e85-10e1-4911-a95f-8ccf158473f3","1ab2bcff-deec-4092-8aff-90daea84b7cc","Jebb, M.H.P. & Cheek, M.R., A skeletal revision of Nepenthes in Blumea 42(1): 1-106. 1997","","","0","0","0","1"
"0621feb8-d2e5-42fc-92f0-bfca876c3c45","a0f6cd60-dc52-40da-b122-8c7b2b538bdb","34b38fb8-8110-477c-9668-ef104e04f517","206add8c-3eae-4d9c-872c-e15409d2a3d9","Cheek, M.R. & Jebb, M.H.P., Flora Malesiana - Nepenthaceae, Series I, Volume 15. 2001","5204f8a2-d02a-4b96-b59b-a71e6eff1381","Kurata, S., Nepenthes of Mt Kinabalu, Sabah. 1976","0","0","1",""
"8b26f411-a76a-4701-ad93-1e152ad8978d","8f110cd5-1471-4a6f-b0e1-21383836fadb","8f281657-f5c2-48b5-a1fe-b0210ada789f","206add8c-3eae-4d9c-872c-e15409d2a3d9","Cheek, M.R. & Jebb, M.H.P., Flora Malesiana - Nepenthaceae, Series I, Volume 15. 2001","","","0","0","0","1"
"9c6f7424-484c-4e99-bae2-82aa174b4598","616ee37f-75d3-410c-af94-0da70474ef65","0cf8fa18-b0c7-4938-8ddf-e999f4610caa","206add8c-3eae-4d9c-872c-e15409d2a3d9","Cheek, M.R. & Jebb, M.H.P., Flora Malesiana - Nepenthaceae, Series I, Volume 15. 2001","","","0","0","0","1"
"8b9bb629-c1a8-4d3f-843f-991f668c95e2","c30f4ed6-c9e5-4f10-a958-84cb47451d44","df1cc299-6809-452d-9d17-0caad9977236","206add8c-3eae-4d9c-872c-e15409d2a3d9","Cheek, M.R. & Jebb, M.H.P., Flora Malesiana - Nepenthaceae, Series I, Volume 15. 2001","5a2c5190-12b4-4caa-92c1-e3c0adb6635a","Haberlandt, G., Bot. Tropenr. 1893","0","0","1",""
"5ce1e199-b518-4695-88b8-9e5cabfe6db0","1872ebab-129c-4fc0-8d3c-26a6cc77a19c","c8b56b1c-3146-412b-81a1-ff2190e78099","206add8c-3eae-4d9c-872c-e15409d2a3d9","Cheek, M.R. & Jebb, M.H.P., Flora Malesiana - Nepenthaceae, Series I, Volume 15. 2001","ad3f4098-ae74-4213-aab8-24b50c710001","Macfarlane, J.M. - in Engler, A., Pflanzenreich IV. 111 (Heft 36). 1908","1","0","1",""
"6434000a-3166-4f44-978c-9b9fd1b088fc","2cf267ed-66d4-43a8-a98b-826a30872f21","edb9e9ad-f4cd-4642-a49a-3b356988084e","206add8c-3eae-4d9c-872c-e15409d2a3d9","Cheek, M.R. & Jebb, M.H.P., Flora Malesiana - Nepenthaceae, Series I, Volume 15. 2001","","","0","0","0","1"
"869abff9-fb16-4959-b3b3-2cfafc697b49","b5b233a0-2718-4ee0-9896-bc0d01a136e0","855b7ef4-5059-46cd-9524-f1bb0bee06ed","","","","","0","0","0","1"
"ebdd1b70-ea8f-4515-9e95-d137efe90f77","6a32a743-3ae2-4cd4-bd4f-97b4f4a133f2","0c97de60-39ac-4a99-9904-1500749f9784","56239fb8-65c2-4604-94e5-54f8071aa315","Berendsohn, W.G., Compilation of Nepenthes data for the Caryophyllales taxonomic backbone. 2017+","","","0","0","0","1"
"13dd12ad-b1f9-4f7a-88f7-43977318f83d","8f110cd5-1471-4a6f-b0e1-21383836fadb","59bec65b-f723-4156-9321-8643ea859a44","1ab2bcff-deec-4092-8aff-90daea84b7cc","Jebb, M.H.P. & Cheek, M.R., A skeletal revision of Nepenthes in Blumea 42(1): 1-106. 1997","","","0","0","0","1"
"6bc2a74f-e2a1-466a-995c-d2ee14a382f4","616ee37f-75d3-410c-af94-0da70474ef65","149f71f0-0666-437f-af88-939b140f1168","512011c1-11e8-40f3-9363-4e3488fbcabc","McPherson, S., Pitcher Plants of the Old World 1. 2009","","","0","0","0","1"
"cc76b134-102b-4020-9bc4-38ae90e6323c","c29e1d83-b2b2-46fb-ac8c-ce48cc3d6d86","c044c464-c6b0-4322-9f05-f995e9ae81f2","206add8c-3eae-4d9c-872c-e15409d2a3d9","Cheek, M.R. & Jebb, M.H.P., Flora Malesiana - Nepenthaceae, Series I, Volume 15. 2001","","","0","0","0","1"
"f966144e-7a0a-4efd-965c-c681f826b808","616ee37f-75d3-410c-af94-0da70474ef65","dc4bc11f-bd09-445b-900c-058a5352a1bb","206add8c-3eae-4d9c-872c-e15409d2a3d9","Cheek, M.R. & Jebb, M.H.P., Flora Malesiana - Nepenthaceae, Series I, Volume 15. 2001","","","0","0","0","1"
"ee41be11-9c53-42f6-b133-0589e277a3db","791ab48d-bdeb-45a6-85b0-d618586038e2","12190299-da3e-4abb-ad46-f59f3a998e74","206add8c-3eae-4d9c-872c-e15409d2a3d9","Cheek, M.R. & Jebb, M.H.P., Flora Malesiana - Nepenthaceae, Series I, Volume 15. 2001","","","0","0","0","1"
"25d87ddc-6dff-4bbe-8f60-419297a17de5","8fe61a1e-3d4d-44f5-8044-f99d33aae03b","9323f7e3-13ea-4557-a648-6debe2bfcd61","206add8c-3eae-4d9c-872c-e15409d2a3d9","Cheek, M.R. & Jebb, M.H.P., Flora Malesiana - Nepenthaceae, Series I, Volume 15. 2001","","","0","0","0","1"
"d7cbe285-8603-4c3e-b391-f3ed499ea4fa","919079db-abdb-4b20-8d83-d47842102c39","cc1c08f3-f9b8-4234-a71c-748f5cff8295","1ab2bcff-deec-4092-8aff-90daea84b7cc","Jebb, M.H.P. & Cheek, M.R., A skeletal revision of Nepenthes in Blumea 42(1): 1-106. 1997","","","0","0","0","1"
"14ae2ff7-8ac3-4f25-8ca0-c85fd512e2f9","6a32a743-3ae2-4cd4-bd4f-97b4f4a133f2","7b8e4249-716e-4470-a5b4-1b9fc8a8a755","56239fb8-65c2-4604-94e5-54f8071aa315","Berendsohn, W.G., Compilation of Nepenthes data for the Caryophyllales taxonomic backbone. 2017+","","","0","0","0","1"
"1a1c3d79-cb64-4fe4-9095-0c110d452a0b","2cf267ed-66d4-43a8-a98b-826a30872f21","10ca0802-1320-417d-b625-94b5cddd714d","206add8c-3eae-4d9c-872c-e15409d2a3d9","Cheek, M.R. & Jebb, M.H.P., Flora Malesiana - Nepenthaceae, Series I, Volume 15. 2001","","","0","0","0","1"
"cbba4096-519b-4306-ab20-37401fb0e9ed","c9348609-d5f8-4efd-b622-462bc0dc6150","41692004-46e9-4547-b96d-43536d5ee4d0","1a2f62b3-92a0-48f3-91b3-88fff4e12030","Cheek, M.R. & Jebb, M.H.P., Typification and redelimitation of Nepenthes alata with notes on the N. alata group, and N. negros sp. nov. from the Philippines in Nordic Journal of Botany 31(5): 616-622. 2013","","","0","0","0","1"
"6e50f9f2-9cd4-4985-9f1f-113e18299753","671f2545-b389-4cd7-a519-b0a0d9fb9036","6715c5e8-12f1-4849-aadd-dd1fd8cc6cb4","206add8c-3eae-4d9c-872c-e15409d2a3d9","Cheek, M.R. & Jebb, M.H.P., Flora Malesiana - Nepenthaceae, Series I, Volume 15. 2001","","","0","0","0","1"
"66d0c298-3477-4451-95db-9ec3ba1de6b6","1adc6e68-6f08-48ea-8362-8646ca561c00","6f96b22f-0bf5-43df-9d89-d5872c5f58bd","1ab2bcff-deec-4092-8aff-90daea84b7cc","Jebb, M.H.P. & Cheek, M.R., A skeletal revision of Nepenthes in Blumea 42(1): 1-106. 1997","","","0","0","0","1"
"f70e1fb8-7771-4e2c-af4c-ebbfaf706244","966896bd-2913-4936-ba80-1ad2f8fc0bc8","577d865f-e2d1-4120-ae16-e96bec458704","206add8c-3eae-4d9c-872c-e15409d2a3d9","Cheek, M.R. & Jebb, M.H.P., Flora Malesiana - Nepenthaceae, Series I, Volume 15. 2001","","","0","0","0","1"
"47ddb4a3-22e2-430c-bf4a-2929e96fbc2a","bbeaa2d8-63d8-48be-a7b3-508b05dd20a4","0cd266bd-c2be-434d-b14b-f23e276449e6","77f5494d-71a3-40c8-8340-e2149911946c","Scharmann, M. & Grafe, T.U., Reinstatement of Nepenthes hemsleyana (Nepenthaceae), an endemic pitcher plant from Borneo, with a discussion of associated Nepenthes taxa in Blumea 58(1): 8-12. 2013","","","0","0","0","1"
"69a1bce7-57d9-4097-be18-ba21f7dc5834","1872ebab-129c-4fc0-8d3c-26a6cc77a19c","c8b56b1c-3146-412b-81a1-ff2190e78099","","","3f227101-7076-4583-ae7d-5a954d2e3e7b","Hotta, M. in Acta Phytotax. Geobot. 22. 1966","0","1","1",""
"a9381fa8-6ba1-4e1b-82db-d2f1afea96f8","cc82138c-5ee2-4332-9aa9-a09c637a0a7f","d2d8fe9d-2333-4b70-8af5-76a277fc7a86","f1432afc-5dae-4b2a-a401-6503a5235fb0","Cheek, M.R. & Jebb, M.H.P., Expansion of the Nepenthes alata group Nepenthaceae), Philippines, and descriptions of three new species in Blumea 59: 144-154. 2014","a3512051-3bc2-439a-8ddb-db4b6c60f4a3","Macfarlane, J.M., The Philippine species of Nepenthes in Philippine Journal of Science 33. 1927","1","0","1",""
"393b0934-f1dd-4967-932d-96265cfcb549","25c13624-3eaa-4625-b1c3-0bfe6fb33ec7","0dd5be1d-07f4-4626-8eda-6a73e33dbfd5","206add8c-3eae-4d9c-872c-e15409d2a3d9","Cheek, M.R. & Jebb, M.H.P., Flora Malesiana - Nepenthaceae, Series I, Volume 15. 2001","","","0","0","0","1"
"37b20665-670d-435c-805c-d97756f4b965","8746d8c3-fa0a-4d6f-9fdb-11b77fb0a8fd","2b6a3acb-1bdb-440e-9b42-2583cdd2d6e2","206add8c-3eae-4d9c-872c-e15409d2a3d9","Cheek, M.R. & Jebb, M.H.P., Flora Malesiana - Nepenthaceae, Series I, Volume 15. 2001","3e970731-d23f-4d09-8bb3-e8193154e05e","Danser, B.H. in Bull. Jard. Bot. Buitenzorg, sér. 3, 9. 1928","1","0","1",""
"b20a3cea-acd5-4204-8800-7acfb98be07e","079c8693-15e4-441b-acd0-cb0c07a060a8","cf47a9b9-9e74-4ffa-90f0-ca09a16b1a3d","206add8c-3eae-4d9c-872c-e15409d2a3d9","Cheek, M.R. & Jebb, M.H.P., Flora Malesiana - Nepenthaceae, Series I, Volume 15. 2001","","","0","0","0","1"
"587fa950-8af7-42e8-8102-5822e3834d71","616ee37f-75d3-410c-af94-0da70474ef65","3a973652-daf0-4b49-84f4-aee0e842c4b3","206add8c-3eae-4d9c-872c-e15409d2a3d9","Cheek, M.R. & Jebb, M.H.P., Flora Malesiana - Nepenthaceae, Series I, Volume 15. 2001","","","0","0","0","1"
"b2c4c344-b0f9-4a0e-bbf9-9d348a9cc3c0","52fd6a7a-eb6d-4dab-9424-773b2870bd80","24fafa2b-42b6-47c6-afa5-4772d979315a","dbe85af3-fc34-466e-a032-8283fb1e4539","Mey, F.S., Introduction to the pitcher plants (Nepenthes) of Cambodia in Cambodian Journal of Natural History 2010(2): 106-117. 2010","","","0","0","0","1"
"2973edbb-9cfc-417c-8b61-775dd35efe6e","a0f6cd60-dc52-40da-b122-8c7b2b538bdb","db4093c4-a7dc-4205-9796-246a55fda803","206add8c-3eae-4d9c-872c-e15409d2a3d9","Cheek, M.R. & Jebb, M.H.P., Flora Malesiana - Nepenthaceae, Series I, Volume 15. 2001","ad3f4098-ae74-4213-aab8-24b50c710001","Macfarlane, J.M. - in Engler, A., Pflanzenreich IV. 111 (Heft 36). 1908","0","0","1",""
"7131627f-63f7-48c3-9a93-6ff7d0cea47b","671f2545-b389-4cd7-a519-b0a0d9fb9036","df1cc299-6809-452d-9d17-0caad9977236","206add8c-3eae-4d9c-872c-e15409d2a3d9","Cheek, M.R. & Jebb, M.H.P., Flora Malesiana - Nepenthaceae, Series I, Volume 15. 2001","41bf40b9-c762-4751-bb71-c85ca758f7c1","Low, H., Sarawak, its Inhabitants and Productions. 1848","0","0","1",""
"24f54b07-8b2a-4b6b-bef6-4e6034d0d92e","66dbed76-de46-45d4-959a-9f11093833a8","2a91a42e-dfdd-46eb-9680-5a2e5cb8b3b8","ba82ed4d-800a-4618-bdf6-20f1e07547ae","Cheek, M.R., Nomen novum Nepenthes in Pl. Carnivora 36(2): 44-45. 2014","","","0","0","0","1"
"6b99f34c-a354-453f-8f9d-88acd84c9731","53d8bdee-f688-4c98-a90a-ef794bc23845","34b38fb8-8110-477c-9668-ef104e04f517","206add8c-3eae-4d9c-872c-e15409d2a3d9","Cheek, M.R. & Jebb, M.H.P., Flora Malesiana - Nepenthaceae, Series I, Volume 15. 2001","399f6a0d-e964-4b04-8d96-107930696bed","Shivas, R.G., Pitcher Plants of Peninsula Malaysia & Singapore. 1984","0","0","1",""
"d9387719-5967-47bf-a21a-5f1e68a0da28","2cf267ed-66d4-43a8-a98b-826a30872f21","1be95cf3-7044-4fca-88e1-f3b62d8930e5","206add8c-3eae-4d9c-872c-e15409d2a3d9","Cheek, M.R. & Jebb, M.H.P., Flora Malesiana - Nepenthaceae, Series I, Volume 15. 2001","","","0","0","0","1"
"3d94bda9-18d5-41e8-b112-f677fd34f396","b90ee945-f7c9-43fa-88a4-f23aa18bbd12","a9f181d5-94d5-4495-ba4a-337569786fd8","206add8c-3eae-4d9c-872c-e15409d2a3d9","Cheek, M.R. & Jebb, M.H.P., Flora Malesiana - Nepenthaceae, Series I, Volume 15. 2001","","","0","0","0","1"
"3ef4d4d2-98a3-4770-96de-b01d2a95be2f","f5a676bc-8bc0-44db-bb4a-120ecf1e6494","78d77ce1-4874-4e79-8b0e-1f0145b338d9","","","b2a96e75-350a-470a-93f5-73e9a2ba3c47","Rafinesque, C.S., Fl. Tellur. 4. 1838","0","0","1",""
"7bfdc6a9-6ed8-479a-98ae-9dad399b94e6","cc82138c-5ee2-4332-9aa9-a09c637a0a7f","34b38fb8-8110-477c-9668-ef104e04f517","f1432afc-5dae-4b2a-a401-6503a5235fb0","Cheek, M.R. & Jebb, M.H.P., Expansion of the Nepenthes alata group Nepenthaceae), Philippines, and descriptions of three new species in Blumea 59: 144-154. 2014","efc4017c-3bac-4519-a4dd-afa8113e9e97","Danser, B.H., The Nepenthaceae of the Netherlands Indies in Bull. Jard. Bot. Buitenzorg, sér. 3, 9: 249-438. 1928","1","0","1",""
"a7736865-fd17-40e6-84ac-338b227ff5b2","5c93a068-581c-4cc1-b8ff-15d1b2a3084f","6c27b773-25be-4fb0-a083-46fa36470844","14fa104a-5c27-4bc5-b827-8a5d0f5d20c9","McPherson, S., New Nepenthes 1. 2011","","","0","0","0","1"
"4c27b73e-1960-4bbf-8aa2-3667da9b116a","3531ac7c-5d81-4c1f-b559-ade08d8a40cf","38c8d376-076a-4703-b42d-ae360c0c8bf6","206add8c-3eae-4d9c-872c-e15409d2a3d9","Cheek, M.R. & Jebb, M.H.P., Flora Malesiana - Nepenthaceae, Series I, Volume 15. 2001","","","0","0","0","1"
"408e84f3-abf7-4ac7-984b-f2030badbe33","616ee37f-75d3-410c-af94-0da70474ef65","b32b66ca-5396-42b0-ad64-15e872ad3a1e","512011c1-11e8-40f3-9363-4e3488fbcabc","McPherson, S., Pitcher Plants of the Old World 1. 2009","","","0","0","0","1"
"9c72774d-7d9a-4dbc-9919-8a8e07ac7eb4","a0f6cd60-dc52-40da-b122-8c7b2b538bdb","54608674-05ee-4089-a213-3aa432ab24c8","206add8c-3eae-4d9c-872c-e15409d2a3d9","Cheek, M.R. & Jebb, M.H.P., Flora Malesiana - Nepenthaceae, Series I, Volume 15. 2001","","","0","0","0","1"
"ace408e1-f717-49ea-b417-1e660c875995","919079db-abdb-4b20-8d83-d47842102c39","0614bf4c-b10e-4052-a61b-93bde2ab2b9d","1ab2bcff-deec-4092-8aff-90daea84b7cc","Jebb, M.H.P. & Cheek, M.R., A skeletal revision of Nepenthes in Blumea 42(1): 1-106. 1997","","","0","0","0","1"
"38ad68db-012c-4bdc-b0e1-4e279a69f156","c849a63b-e2be-473c-9a81-ec1e21da89d0","813ecad8-47f8-4822-9d3c-1f67d66ac48b","206add8c-3eae-4d9c-872c-e15409d2a3d9","Cheek, M.R. & Jebb, M.H.P., Flora Malesiana - Nepenthaceae, Series I, Volume 15. 2001","","","0","0","0","1"
"364816c6-04ee-4a42-863e-c56ae39dcb54","f5a676bc-8bc0-44db-bb4a-120ecf1e6494","78d77ce1-4874-4e79-8b0e-1f0145b338d9","","","6fd3a5c1-dc40-4020-bd26-a8c3a95f700f","Graham, R. in Edinb. N. Phil. Journ. 1827. 1827","0","0","1",""
"610ff975-e8ad-4b62-8c4f-de39f99f2120","842409ec-cc1f-4525-9c2f-e9d7425cdd6f","04f30c5d-05db-4812-959d-7c1292b6c285","206add8c-3eae-4d9c-872c-e15409d2a3d9","Cheek, M.R. & Jebb, M.H.P., Flora Malesiana - Nepenthaceae, Series I, Volume 15. 2001","","","0","0","0","1"
"995c0806-3467-4ec5-b6ab-580d5be031cc","63a62be1-aaa7-4e54-ba9c-22791eb46a5a","8ebf7a66-3e6b-42ff-b29d-74297d6cfd65","206add8c-3eae-4d9c-872c-e15409d2a3d9","Cheek, M.R. & Jebb, M.H.P., Flora Malesiana - Nepenthaceae, Series I, Volume 15. 2001","","","0","0","0","1"
"83312415-2683-4d40-a7ba-7565f2822f39","6a32a743-3ae2-4cd4-bd4f-97b4f4a133f2","87526742-3e1b-4bbf-b1c4-7f9905b7f84d","56239fb8-65c2-4604-94e5-54f8071aa315","Berendsohn, W.G., Compilation of Nepenthes data for the Caryophyllales taxonomic backbone. 2017+","","","0","0","0","1"
"8cb969c4-80af-422d-9c0b-e4ce12bf0150","616ee37f-75d3-410c-af94-0da70474ef65","0ef5a59e-1b58-4240-a211-c2616487c769","512011c1-11e8-40f3-9363-4e3488fbcabc","McPherson, S., Pitcher Plants of the Old World 1. 2009","","","0","0","0","1"
"8f4431a1-7c8b-4f88-8f04-78e153d69b8f","cfefdfbf-4195-400b-a9fd-458ecda0ccda","14b68e73-e20a-4e5a-90c3-6de3fc373b63","4610f56a-fbf5-49eb-a334-2ef30318e2d0","Clarke, C.M., Nepenthes of Sumatra and Peninsular Malaysia. 2001","","","0","0","0","1"
"d180c389-dfad-4128-92f6-76f7a1595599","616ee37f-75d3-410c-af94-0da70474ef65","54ab4901-e3a6-462e-afe6-e6490f1d31ab","512011c1-11e8-40f3-9363-4e3488fbcabc","McPherson, S., Pitcher Plants of the Old World 1. 2009","","","0","0","0","1"
"38dcbda3-a304-4add-91b5-d9e10cb02619","c29e1d83-b2b2-46fb-ac8c-ce48cc3d6d86","7c66f3c2-71ec-4e98-897d-11459d054bbb","63e3cbe3-0717-46c8-9ef0-61f59f7c8a08","Anonymous, Kew Names and Taxonomic Backbone - The International Plant Names Index and World Checklist of Selected Plant Families. 2017+ - http://powo.science.kew.org/","","","0","0","0","1"
"9ebe5750-859a-4eb8-8e99-b60a34bf02ac","d778ee69-3708-446b-984c-3e616fefec88","8e224429-fe9b-4917-bbbf-e561a074a897","206add8c-3eae-4d9c-872c-e15409d2a3d9","Cheek, M.R. & Jebb, M.H.P., Flora Malesiana - Nepenthaceae, Series I, Volume 15. 2001","","","0","0","0","1"
"305222c7-8ce0-427e-8fe0-ee4f817bd163","c29e1d83-b2b2-46fb-ac8c-ce48cc3d6d86","0dcdd860-1b08-472a-964a-41d1b74a2642","206add8c-3eae-4d9c-872c-e15409d2a3d9","Cheek, M.R. & Jebb, M.H.P., Flora Malesiana - Nepenthaceae, Series I, Volume 15. 2001","","","0","0","0","1"
"2935f763-518e-476d-af40-a10b53a88353","7c6b1596-3c35-4b7c-ad91-fed63b8fc274","5d5b90dc-7b68-44bc-b20b-43b3942dea00","206add8c-3eae-4d9c-872c-e15409d2a3d9","Cheek, M.R. & Jebb, M.H.P., Flora Malesiana - Nepenthaceae, Series I, Volume 15. 2001","","","0","0","0","1"
"16ff7630-d828-46da-88e3-2864a313e89b","616ee37f-75d3-410c-af94-0da70474ef65","fa6ee0fc-b5c0-4b36-919c-481869eb2abf","206add8c-3eae-4d9c-872c-e15409d2a3d9","Cheek, M.R. & Jebb, M.H.P., Flora Malesiana - Nepenthaceae, Series I, Volume 15. 2001","","","0","0","0","1"
"36641c53-b6ac-4129-85bd-4e83e10771dd","c30f4ed6-c9e5-4f10-a958-84cb47451d44","c38ce7db-fe6f-466b-a3e2-0aa341499940","206add8c-3eae-4d9c-872c-e15409d2a3d9","Cheek, M.R. & Jebb, M.H.P., Flora Malesiana - Nepenthaceae, Series I, Volume 15. 2001","d6c56a12-3ee6-434a-ac2f-6f8d37451cca","Miquel, F.A.W., Flora van Nederlandsch Indie 1(1). 1858","0","0","1",""
"9395d728-62cc-4218-9dc7-46a206b5f7c0","fb987766-3ea5-45e0-a606-ca9b9d1253cf","d3d2b5f7-bde8-4d93-b1ab-e5990c84bd92","50ebf275-2ac1-4ced-b9ed-c600747da333","Cheek, M.R. & Jebb, M.H.P., Typification and redelimitation of Nepenthes alata with notes on the N. alata group, and N. negros sp. nov. from the Philippines in Nordic Journal of Botany 31: 616-622. 2013","","","0","0","0","1"
"3cca57a9-7f6f-4e8f-ba33-5e3008ebff39","c849a63b-e2be-473c-9a81-ec1e21da89d0","78d77ce1-4874-4e79-8b0e-1f0145b338d9","206add8c-3eae-4d9c-872c-e15409d2a3d9","Cheek, M.R. & Jebb, M.H.P., Flora Malesiana - Nepenthaceae, Series I, Volume 15. 2001","adcfa511-540e-4a78-836d-722101f10788","Jack, W. in Comp. Bot. Mag. 1. 1835","0","0","1",""
"441c994d-daf0-4663-baf6-2686a908d8fe","671f2545-b389-4cd7-a519-b0a0d9fb9036","62b23dec-b477-4a41-a12c-b1052e48e881","206add8c-3eae-4d9c-872c-e15409d2a3d9","Cheek, M.R. & Jebb, M.H.P., Flora Malesiana - Nepenthaceae, Series I, Volume 15. 2001","","","0","0","0","1"
"1279f17d-def5-4dde-9b9b-5a722cfebe1f","919079db-abdb-4b20-8d83-d47842102c39","16ae81ea-77bb-4890-bc8a-b51aa3e2576c","1ab2bcff-deec-4092-8aff-90daea84b7cc","Jebb, M.H.P. & Cheek, M.R., A skeletal revision of Nepenthes in Blumea 42(1): 1-106. 1997","","","0","0","0","1"
