"Taxon_ID","Classification_ID","ClassificationName","Name_Fk","Parent_Fk","SecReference_Fk","SecReference","SortIndex","Excluded","ExcludedNotes","Published","Unplaced"
"46a58d80-4563-4f05-a99b-68759e5fd6f8","a245793a-a70f-4fcf-a626-dd4aa6d2aa1c","Caryophyllales.org","7f1a2150-e198-4309-9988-fc421b98d284","079c8693-15e4-441b-acd0-cb0c07a060a8","fe3aae40-5ce6-480f-a109-c81d96e43387","Cheek, M.R. & Jebb, M.H.P., Nepenthes ultra (Nepenthaceae), a new species from Luzon, Philippines in Blumea 58: 241-244. 2013","181","0","","1","0"
"bcd0ec1f-3d36-4f6f-9736-49ed8b5d9137","a245793a-a70f-4fcf-a626-dd4aa6d2aa1c","Caryophyllales.org","08cfecaa-bcc7-459a-9824-09d1308d27d1","079c8693-15e4-441b-acd0-cb0c07a060a8","206add8c-3eae-4d9c-872c-e15409d2a3d9","Cheek, M.R. & Jebb, M.H.P., Flora Malesiana - Nepenthaceae, Series I, Volume 15. 2001","117","0","","1","0"
"b7a5cc18-152f-4983-be85-f49d763a2afc","a245793a-a70f-4fcf-a626-dd4aa6d2aa1c","Caryophyllales.org","72f262da-760b-46ef-b8f2-708fa23432bf","79b1f27b-a863-4bfd-96b9-fced65e851ec","17ffcbc7-7f80-42cd-a95e-25d0289c9f71","IPNI, Name Records. 1999+","248","0","","1","0"
"541af341-6341-4eb1-a8dc-e6ea42a5560b","a245793a-a70f-4fcf-a626-dd4aa6d2aa1c","Caryophyllales.org","c0027047-90bd-4098-9df9-b8ecca312d85","79b1f27b-a863-4bfd-96b9-fced65e851ec","b40f0688-2920-42b6-9d8f-6aaaa90c1eb4","Dean, R. in Fl. Mag. n.s. 10. 1881","251","0","","1","0"
"3445411e-9408-4cfb-9cf2-382ca60efe11","a245793a-a70f-4fcf-a626-dd4aa6d2aa1c","Caryophyllales.org","2c85f986-09eb-415a-9a12-65809f6ece06","79b1f27b-a863-4bfd-96b9-fced65e851ec","fece6ee7-8a26-453d-aa06-7f9c22ead58d","Masters, M.T., The cultivated species of Nepenthes in Gard. Chron. 1872: 540-542. 1872","237","0","","1","0"
"6d0b4e17-e6ce-46c6-8778-1f526d811436","a245793a-a70f-4fcf-a626-dd4aa6d2aa1c","Caryophyllales.org","d331a989-4440-47bc-9973-68964ed65e27","f7dc4038-353a-4832-bf85-1b6c3d8729c0","56239fb8-65c2-4604-94e5-54f8071aa315","Berendsohn, W.G., Compilation of Nepenthes data for the Caryophyllales taxonomic backbone. 2017+","216","1","A duplicate name in the WFO backbone data (has WFO-ID)","1","0"
"299b3121-e872-417b-94f4-37f2c76dcc72","a245793a-a70f-4fcf-a626-dd4aa6d2aa1c","Caryophyllales.org","8598b193-29f9-49ce-8484-c95e0d547414","f7dc4038-353a-4832-bf85-1b6c3d8729c0","17ffcbc7-7f80-42cd-a95e-25d0289c9f71","IPNI, Name Records. 1999+","211","1","Note IPNI: ""(err.cal.Hookeriana)"" - the error apparently happened in Index Kewensis, no error in Malesia 3: 3.","1","0"
"a36c4993-5b2a-42fb-ab95-a4266e17c382","a245793a-a70f-4fcf-a626-dd4aa6d2aa1c","Caryophyllales.org","87479ab1-f012-4f79-9f59-4cd687749acd","21ce6679-e2ac-4c5d-94ad-06a9758888e8","1ab2bcff-deec-4092-8aff-90daea84b7cc","Jebb, M.H.P. & Cheek, M.R., A skeletal revision of Nepenthes in Blumea 42(1): 1-106. 1997","226","1","Excluded original spelling for Nepenthes glabrata J.R.Turnbull & A.T.Middleton","1","0"
"3b86fffe-a6e2-44d9-a710-9b5559b54689","a245793a-a70f-4fcf-a626-dd4aa6d2aa1c","Caryophyllales.org","8c25ce17-7fc3-4e82-ac47-082adcbfb302","079c8693-15e4-441b-acd0-cb0c07a060a8","4610f56a-fbf5-49eb-a334-2ef30318e2d0","Clarke, C.M., Nepenthes of Sumatra and Peninsular Malaysia. 2001","75","0","","1","0"
"377b2095-25f3-4c4e-b76f-9bff9463275f","a245793a-a70f-4fcf-a626-dd4aa6d2aa1c","Caryophyllales.org","68b6f10e-43ad-4292-8d22-e014a98f4f0c","079c8693-15e4-441b-acd0-cb0c07a060a8","5dae7d25-e305-44b6-881c-bff4dc61f248","Clarke, C.M., Troy Davis & Tamin, R., Nepenthes izumiae (Nepenthaceae): a new species from Sumatra in Blumea 48(1): 179-182. 2003","74","0","","1","0"
"d2cd7a0e-d749-4d73-90f6-3a872965e30a","a245793a-a70f-4fcf-a626-dd4aa6d2aa1c","Caryophyllales.org","03829f39-e62d-4033-8dcd-c51a95aec8e9","079c8693-15e4-441b-acd0-cb0c07a060a8","ea2409e6-dc4a-4645-931c-be9f3c22b8d4","Lee, C.C., Bourke, G., Taylor, W. & al. - Nepenthes appendiculata, a new pitcher plant from Sarawak in McPherson, S., New Nepenthes 1. 2011","15","0","","1","0"
"301d7e82-0d8c-4af9-a3be-38cfbbc22172","a245793a-a70f-4fcf-a626-dd4aa6d2aa1c","Caryophyllales.org","528e3720-22e7-4c04-9e50-86af05401fe1","079c8693-15e4-441b-acd0-cb0c07a060a8","fee02558-5f10-4cb4-93ed-05889673bc37","Clarke, C.M. & Kruger, R., Nepenthes rowanae (Nepenthaceae), a remarkable species from Cape York, Australia in Carniv. Pl. Newslett. 34(2): 36-41. 2005","151","0","","1","0"
"8fe61a1e-3d4d-44f5-8044-f99d33aae03b","a245793a-a70f-4fcf-a626-dd4aa6d2aa1c","Caryophyllales.org","0b9be8b6-0c9f-4bd2-a3e8-bc8688226abe","079c8693-15e4-441b-acd0-cb0c07a060a8","206add8c-3eae-4d9c-872c-e15409d2a3d9","Cheek, M.R. & Jebb, M.H.P., Flora Malesiana - Nepenthaceae, Series I, Volume 15. 2001","107","0","","1","0"
"2e6a44ba-6a33-4cf7-8504-809916e82fca","a245793a-a70f-4fcf-a626-dd4aa6d2aa1c","Caryophyllales.org","9d321898-7504-409d-afef-be557a4884b1","079c8693-15e4-441b-acd0-cb0c07a060a8","d4ab33ae-b799-4cda-a6fc-9bf1bccc19db","Catalano, M., Nepenthes della Thailandia: diario di viaggio. 2010","34","0","","1","0"
"653a2417-6199-449d-8d4a-1b8641856331","a245793a-a70f-4fcf-a626-dd4aa6d2aa1c","Caryophyllales.org","74a2ce1e-3fe1-4fe4-82b8-06966ff0fff6","079c8693-15e4-441b-acd0-cb0c07a060a8","14fa104a-5c27-4bc5-b827-8a5d0f5d20c9","McPherson, S., New Nepenthes 1. 2011","127","0","","1","0"
"61dd747f-2409-4a09-850d-28770acc280d","a245793a-a70f-4fcf-a626-dd4aa6d2aa1c","Caryophyllales.org","88f6005c-d425-45ec-852c-d5e7fddf7f13","079c8693-15e4-441b-acd0-cb0c07a060a8","206add8c-3eae-4d9c-872c-e15409d2a3d9","Cheek, M.R. & Jebb, M.H.P., Flora Malesiana - Nepenthaceae, Series I, Volume 15. 2001","54","0","","1","0"
"daf6e0e7-5734-4dfd-a88f-88e181a44343","a245793a-a70f-4fcf-a626-dd4aa6d2aa1c","Caryophyllales.org","cbbf70f0-23dc-4844-8780-6c2e93abcbb3","079c8693-15e4-441b-acd0-cb0c07a060a8","e8b326e4-8b3d-4d10-b7f6-5cc25f29e4f7","Nerz, J. & Wistuba, A., Nepenthes mantalingajanensis (Nepenthaceae), eine bemerkenswerte neue Spezies aus Palawan (Philippinen) in Das Taublatt 59(3): 17-25. 2007","100","0","","1","0"
"8f110cd5-1471-4a6f-b0e1-21383836fadb","a245793a-a70f-4fcf-a626-dd4aa6d2aa1c","Caryophyllales.org","5bc9f4bd-b289-4737-b1f7-c3c435ff1a79","079c8693-15e4-441b-acd0-cb0c07a060a8","1ab2bcff-deec-4092-8aff-90daea84b7cc","Jebb, M.H.P. & Cheek, M.R., A skeletal revision of Nepenthes in Blumea 42(1): 1-106. 1997","185","0","","1","0"
"5868cc94-4ac3-4a1b-8daf-ceae91ead415","a245793a-a70f-4fcf-a626-dd4aa6d2aa1c","Caryophyllales.org","4ceebfc8-2e97-447f-b4db-0eb6f45400b5","079c8693-15e4-441b-acd0-cb0c07a060a8","206add8c-3eae-4d9c-872c-e15409d2a3d9","Cheek, M.R. & Jebb, M.H.P., Flora Malesiana - Nepenthaceae, Series I, Volume 15. 2001","17","0","","1","0"
"ef5d1e47-1740-451a-9406-da7c8ff560a2","a245793a-a70f-4fcf-a626-dd4aa6d2aa1c","Caryophyllales.org","105723dd-e15a-4b8c-8830-f0739edf06c5","079c8693-15e4-441b-acd0-cb0c07a060a8","206add8c-3eae-4d9c-872c-e15409d2a3d9","Cheek, M.R. & Jebb, M.H.P., Flora Malesiana - Nepenthaceae, Series I, Volume 15. 2001","30","0","","1","0"
"25c13624-3eaa-4625-b1c3-0bfe6fb33ec7","a245793a-a70f-4fcf-a626-dd4aa6d2aa1c","Caryophyllales.org","8ebc65e6-79d1-4758-b096-f0de7c209b63","079c8693-15e4-441b-acd0-cb0c07a060a8","56239fb8-65c2-4604-94e5-54f8071aa315","Berendsohn, W.G., Compilation of Nepenthes data for the Caryophyllales taxonomic backbone. 2017+","81","0","","1","0"
"e6ac33fa-1435-4f87-8604-7a5b5f0d99c7","a245793a-a70f-4fcf-a626-dd4aa6d2aa1c","Caryophyllales.org","35b24d8c-0453-40c1-8839-8d7e37caf878","f7dc4038-353a-4832-bf85-1b6c3d8729c0","9fcebd89-2fcb-4a86-8d7f-f94c6bd5376d","Bentham, G., Flora australiensis: a description of the plants of the Australian territory 6. 1873","210","1","","1","0"
"a4b68d06-e638-4590-ba02-aca8b9553b68","a245793a-a70f-4fcf-a626-dd4aa6d2aa1c","Caryophyllales.org","ca495825-16cd-4098-9e74-240842ca5908","79b1f27b-a863-4bfd-96b9-fced65e851ec","b333924d-f708-4fe7-a600-fea4d97be7a6","Beck in Wiener Ill. Gart.-Zeitung 20. 1895","245","0","","1","0"
"500ddb98-728b-4929-9836-c53ea6b3df70","a245793a-a70f-4fcf-a626-dd4aa6d2aa1c","Caryophyllales.org","03bedf4c-f980-450b-b280-d76e712a1569","079c8693-15e4-441b-acd0-cb0c07a060a8","206add8c-3eae-4d9c-872c-e15409d2a3d9","Cheek, M.R. & Jebb, M.H.P., Flora Malesiana - Nepenthaceae, Series I, Volume 15. 2001","153","0","","1","0"
"655a645e-71a3-41f6-9188-0b31629cb185","a245793a-a70f-4fcf-a626-dd4aa6d2aa1c","Caryophyllales.org","2977fabf-df65-49a8-b28a-9bb74d651014","079c8693-15e4-441b-acd0-cb0c07a060a8","206add8c-3eae-4d9c-872c-e15409d2a3d9","Cheek, M.R. & Jebb, M.H.P., Flora Malesiana - Nepenthaceae, Series I, Volume 15. 2001","179","0","","1","0"
"d1a94ac6-c004-4e5a-b202-46072b70995c","a245793a-a70f-4fcf-a626-dd4aa6d2aa1c","Caryophyllales.org","1c7d80d0-fba7-49c6-adfe-c5974dbd42e4","079c8693-15e4-441b-acd0-cb0c07a060a8","206add8c-3eae-4d9c-872c-e15409d2a3d9","Cheek, M.R. & Jebb, M.H.P., Flora Malesiana - Nepenthaceae, Series I, Volume 15. 2001","39","0","","1","0"
"2b18f131-e023-4948-b0f0-6a80a13adf8f","a245793a-a70f-4fcf-a626-dd4aa6d2aa1c","Caryophyllales.org","6f515881-e00c-41f6-9176-35cc43f203b2","079c8693-15e4-441b-acd0-cb0c07a060a8","206add8c-3eae-4d9c-872c-e15409d2a3d9","Cheek, M.R. & Jebb, M.H.P., Flora Malesiana - Nepenthaceae, Series I, Volume 15. 2001","93","0","","1","0"
"ef4f8a70-b0a1-42fc-9a99-b0a4aa4f59a9","a245793a-a70f-4fcf-a626-dd4aa6d2aa1c","Caryophyllales.org","7b2c9379-d4b3-41e4-812f-5cd0ed453a17","079c8693-15e4-441b-acd0-cb0c07a060a8","ea93c46a-f44e-4370-88c6-2744d46dce3c","Cheek, M.R. & Jebb, M.H.P., The Nepenthes micramphora (Nepenthaceae) group, with two new species from Mindanao, Philippines in Phytotaxa 151(1): 25-34. 2013","4","0","","1","0"
"6961cb03-4358-4595-8707-ff91b5cc0b76","a245793a-a70f-4fcf-a626-dd4aa6d2aa1c","Caryophyllales.org","7037b352-bf07-421c-b807-c26d4b1e840e","79b1f27b-a863-4bfd-96b9-fced65e851ec","50bdf7d6-bca2-4c29-ab71-235df710c59b","Mast., Hybrid Nepenthes in Gard. Chron. n.s. 14. 1880","247","0","","1","0"
"1872ebab-129c-4fc0-8d3c-26a6cc77a19c","a245793a-a70f-4fcf-a626-dd4aa6d2aa1c","Caryophyllales.org","9e650f87-a11f-4297-a12c-f542e69ae0e5","079c8693-15e4-441b-acd0-cb0c07a060a8","206add8c-3eae-4d9c-872c-e15409d2a3d9","Cheek, M.R. & Jebb, M.H.P., Flora Malesiana - Nepenthaceae, Series I, Volume 15. 2001","68","0","","1","0"
"c82513ac-6a6e-44e6-ad84-78c237c3da38","a245793a-a70f-4fcf-a626-dd4aa6d2aa1c","Caryophyllales.org","f936fe2b-0719-4b8d-a5be-65b1c00c947a","79b1f27b-a863-4bfd-96b9-fced65e851ec","17ffcbc7-7f80-42cd-a95e-25d0289c9f71","IPNI, Name Records. 1999+","243","0","","1","0"
"8dc0d471-d997-4cc5-8800-5985caeb0320","a245793a-a70f-4fcf-a626-dd4aa6d2aa1c","Caryophyllales.org","4ca50c08-7a3d-4548-888e-7f646a336013","079c8693-15e4-441b-acd0-cb0c07a060a8","206add8c-3eae-4d9c-872c-e15409d2a3d9","Cheek, M.R. & Jebb, M.H.P., Flora Malesiana - Nepenthaceae, Series I, Volume 15. 2001","83","0","","1","0"
"82de50ef-80cb-4f9b-9113-641c6a37d04e","a245793a-a70f-4fcf-a626-dd4aa6d2aa1c","Caryophyllales.org","36ba0866-e398-42b0-9586-769be5e7731d","21ce6679-e2ac-4c5d-94ad-06a9758888e8","1ab2bcff-deec-4092-8aff-90daea84b7cc","Jebb, M.H.P. & Cheek, M.R., A skeletal revision of Nepenthes in Blumea 42(1): 1-106. 1997","224","1","Excluded original spelling for Nepenthes ×alisaputrana J.H.Adam & Wilcock","1","0"
"78e1d885-4e9a-404e-b373-de61504c6b6f","a245793a-a70f-4fcf-a626-dd4aa6d2aa1c","Caryophyllales.org","59f9f3cc-a24f-4dec-99c2-b211a1098c7c","079c8693-15e4-441b-acd0-cb0c07a060a8","d4d9d2fe-ef59-472e-85ef-2fff1bc577c1","Akhriadi, P., Hernawati, Primaldhi, A. & al., Nepenthes naga, a new species of Nepenthaceae from Bukit Barisan of Sumatra in Reinwardtia 12(5): 339-342. 2009","119","0","","1","0"
"98002238-4fec-4ac6-997b-1ee9c35c44d3","a245793a-a70f-4fcf-a626-dd4aa6d2aa1c","Caryophyllales.org","382ad849-8475-4e22-a8c2-d8e51010815e","f7dc4038-353a-4832-bf85-1b6c3d8729c0","56239fb8-65c2-4604-94e5-54f8071aa315","Berendsohn, W.G., Compilation of Nepenthes data for the Caryophyllales taxonomic backbone. 2017+","193","1","","1","0"
"638f1a99-bc84-4f9c-aeaa-2b2b11f2cb74","a245793a-a70f-4fcf-a626-dd4aa6d2aa1c","Caryophyllales.org","951aae19-ca46-4997-8019-7bca19b93b8f","99c101b9-8871-4a79-a1ed-b1a248034c44","17ffcbc7-7f80-42cd-a95e-25d0289c9f71","IPNI, Name Records. 1999+","264","0","","1","1"
"5af0f5cf-14bc-485c-ac63-0689ee18f328","a245793a-a70f-4fcf-a626-dd4aa6d2aa1c","Caryophyllales.org","175a4527-50a4-4bf2-88ee-4a7db153617b","079c8693-15e4-441b-acd0-cb0c07a060a8","206add8c-3eae-4d9c-872c-e15409d2a3d9","Cheek, M.R. & Jebb, M.H.P., Flora Malesiana - Nepenthaceae, Series I, Volume 15. 2001","88","0","","1","0"
"53ffd29e-de13-4800-8a99-5b95daa31d3d","a245793a-a70f-4fcf-a626-dd4aa6d2aa1c","Caryophyllales.org","bbd0116e-9fbb-4680-a579-e20107f7ef93","79b1f27b-a863-4bfd-96b9-fced65e851ec","50bdf7d6-bca2-4c29-ab71-235df710c59b","Mast., Hybrid Nepenthes in Gard. Chron. n.s. 14. 1880","239","0","","1","0"
"6a32a743-3ae2-4cd4-bd4f-97b4f4a133f2","a245793a-a70f-4fcf-a626-dd4aa6d2aa1c","Caryophyllales.org","df1cc299-6809-452d-9d17-0caad9977236","079c8693-15e4-441b-acd0-cb0c07a060a8","6be7ad82-165a-4723-beb0-297e5af3ec6f","Clarke, C.M., Moran, J.A. & Lee, C.C., Nepenthes baramensis (Nepenthaceae) – a new species from north-western Borneo in Blumea 56(3): 229-233. 2011","142","0","","1","0"
"671f2545-b389-4cd7-a519-b0a0d9fb9036","a245793a-a70f-4fcf-a626-dd4aa6d2aa1c","Caryophyllales.org","a30fd1ec-189b-4ebb-9b8f-5178ed0fa932","079c8693-15e4-441b-acd0-cb0c07a060a8","206add8c-3eae-4d9c-872c-e15409d2a3d9","Cheek, M.R. & Jebb, M.H.P., Flora Malesiana - Nepenthaceae, Series I, Volume 15. 2001","70","0","","1","0"
"a8332044-78f3-4416-9f5e-84cd2f69031b","a245793a-a70f-4fcf-a626-dd4aa6d2aa1c","Caryophyllales.org","997646f4-778f-49ae-9188-5f0d19889902","f7dc4038-353a-4832-bf85-1b6c3d8729c0","17ffcbc7-7f80-42cd-a95e-25d0289c9f71","IPNI, Name Records. 1999+","212","1","","1","0"
"b63072d4-bb86-4255-b64e-2d4c8165f88d","a245793a-a70f-4fcf-a626-dd4aa6d2aa1c","Caryophyllales.org","0ebc0a80-b5c2-4d95-b625-3bfd7be51ca5","079c8693-15e4-441b-acd0-cb0c07a060a8","206add8c-3eae-4d9c-872c-e15409d2a3d9","Cheek, M.R. & Jebb, M.H.P., Flora Malesiana - Nepenthaceae, Series I, Volume 15. 2001","177","0","","1","0"
"a924e211-5a50-45e8-a249-33a638798eea","a245793a-a70f-4fcf-a626-dd4aa6d2aa1c","Caryophyllales.org","ed10bc77-0b8c-4f55-803d-f8ccbf7b11ea","079c8693-15e4-441b-acd0-cb0c07a060a8","206add8c-3eae-4d9c-872c-e15409d2a3d9","Cheek, M.R. & Jebb, M.H.P., Flora Malesiana - Nepenthaceae, Series I, Volume 15. 2001","178","0","","1","0"
"6c380595-7309-4de0-9d4c-38ca4dae1c98","a245793a-a70f-4fcf-a626-dd4aa6d2aa1c","Caryophyllales.org","64c61795-93d0-433c-84a5-5c066b67325e","079c8693-15e4-441b-acd0-cb0c07a060a8","4610f56a-fbf5-49eb-a334-2ef30318e2d0","Clarke, C.M., Nepenthes of Sumatra and Peninsular Malaysia. 2001","28","0","","1","0"
"791ab48d-bdeb-45a6-85b0-d618586038e2","a245793a-a70f-4fcf-a626-dd4aa6d2aa1c","Caryophyllales.org","c7c857b7-a70a-4be5-9bc7-917edfaa3abf","079c8693-15e4-441b-acd0-cb0c07a060a8","206add8c-3eae-4d9c-872c-e15409d2a3d9","Cheek, M.R. & Jebb, M.H.P., Flora Malesiana - Nepenthaceae, Series I, Volume 15. 2001","56","0","","1","0"
"afd23672-12b2-403b-9171-8adedee32bfd","a245793a-a70f-4fcf-a626-dd4aa6d2aa1c","Caryophyllales.org","f25a03a3-2dd7-417b-92a3-49dc5d1134ab","079c8693-15e4-441b-acd0-cb0c07a060a8","206add8c-3eae-4d9c-872c-e15409d2a3d9","Cheek, M.R. & Jebb, M.H.P., Flora Malesiana - Nepenthaceae, Series I, Volume 15. 2001","115","0","","1","0"
"da219334-457f-4ad5-9e1d-b8eb5f2e59fe","a245793a-a70f-4fcf-a626-dd4aa6d2aa1c","Caryophyllales.org","a6cb3dda-604a-4f57-b23f-62da8cb38fe4","79b1f27b-a863-4bfd-96b9-fced65e851ec","17ffcbc7-7f80-42cd-a95e-25d0289c9f71","IPNI, Name Records. 1999+","252","0","","1","0"
"027027e3-68a2-4c55-bf5c-daf7132e6a35","a245793a-a70f-4fcf-a626-dd4aa6d2aa1c","Caryophyllales.org","e5190613-3246-43db-99bf-492c7b87f70f","079c8693-15e4-441b-acd0-cb0c07a060a8","f1432afc-5dae-4b2a-a401-6503a5235fb0","Cheek, M.R. & Jebb, M.H.P., Expansion of the Nepenthes alata group Nepenthaceae), Philippines, and descriptions of three new species in Blumea 59: 144-154. 2014","169","0","","1","0"
"17e37aa2-2801-4d4b-88c9-e1723b0364c0","a245793a-a70f-4fcf-a626-dd4aa6d2aa1c","Caryophyllales.org","170421db-147a-4f5d-9632-3b5df4f6ca2f","079c8693-15e4-441b-acd0-cb0c07a060a8","206add8c-3eae-4d9c-872c-e15409d2a3d9","Cheek, M.R. & Jebb, M.H.P., Flora Malesiana - Nepenthaceae, Series I, Volume 15. 2001","147","0","","1","0"
"ee9194a6-53a1-4048-aeba-86fd99b6b62d","a245793a-a70f-4fcf-a626-dd4aa6d2aa1c","Caryophyllales.org","1df09277-38a4-4925-826b-83fb2fe6f6fd","079c8693-15e4-441b-acd0-cb0c07a060a8","206add8c-3eae-4d9c-872c-e15409d2a3d9","Cheek, M.R. & Jebb, M.H.P., Flora Malesiana - Nepenthaceae, Series I, Volume 15. 2001","24","0","","1","0"
"82f5a7aa-5c68-4d26-9472-74abf500131e","a245793a-a70f-4fcf-a626-dd4aa6d2aa1c","Caryophyllales.org","e1742fb6-01b9-401d-ba95-d6ac367e6a36","f7dc4038-353a-4832-bf85-1b6c3d8729c0","206add8c-3eae-4d9c-872c-e15409d2a3d9","Cheek, M.R. & Jebb, M.H.P., Flora Malesiana - Nepenthaceae, Series I, Volume 15. 2001","215","1","","1","0"
"9cff31a0-d096-4edc-b363-19a0eed67c69","a245793a-a70f-4fcf-a626-dd4aa6d2aa1c","Caryophyllales.org","011234b8-e970-4b2e-a0ba-6e8fe01de285","079c8693-15e4-441b-acd0-cb0c07a060a8","206add8c-3eae-4d9c-872c-e15409d2a3d9","Cheek, M.R. & Jebb, M.H.P., Flora Malesiana - Nepenthaceae, Series I, Volume 15. 2001","52","0","","1","0"
"f01409a1-5474-4049-83ce-dc7f91acdb17","a245793a-a70f-4fcf-a626-dd4aa6d2aa1c","Caryophyllales.org","39fe51b0-e539-4b68-b6cf-68f93e81437d","79b1f27b-a863-4bfd-96b9-fced65e851ec","7d1cad6d-6d4a-4b7e-949a-910a04fddcf3","Anonymous, Report of Societies - Royal Horticultural - Flora Committee in Gard. Chron. n.s. 12. 1879","244","0","","1","0"
"619b1b83-60a1-4e31-b4ee-4e6156b13e10","a245793a-a70f-4fcf-a626-dd4aa6d2aa1c","Caryophyllales.org","83d7b84b-d83f-45eb-b1e3-7f150e89e6e8","f7dc4038-353a-4832-bf85-1b6c3d8729c0","8a1ce130-0690-4562-90a1-4980d521a24c","Gentil, T.A.L.F., Liste des plantes cultivées dans les serres chaudes et coloniales du Jardin Botanique de L'État a Bruxelles. 1907","198","1","","1","0"
"c5698ec5-3b2f-4d0e-9e64-7e7c8f002e91","a245793a-a70f-4fcf-a626-dd4aa6d2aa1c","Caryophyllales.org","b4ca1350-9152-46ec-be13-70ac21faa239","79b1f27b-a863-4bfd-96b9-fced65e851ec","17ffcbc7-7f80-42cd-a95e-25d0289c9f71","IPNI, Name Records. 1999+","256","1","An illeg. later homonym of N. x tiveyi Mast. ","1","0"
"cc72c096-3a56-4b47-ad97-68cb82300e21","a245793a-a70f-4fcf-a626-dd4aa6d2aa1c","Caryophyllales.org","8a30aa9a-d4bf-4b1c-be2e-44c60d219254","079c8693-15e4-441b-acd0-cb0c07a060a8","206add8c-3eae-4d9c-872c-e15409d2a3d9","Cheek, M.R. & Jebb, M.H.P., Flora Malesiana - Nepenthaceae, Series I, Volume 15. 2001","46","0","","1","0"
"8e4fee6a-edb8-4034-845b-896dd28d9048","a245793a-a70f-4fcf-a626-dd4aa6d2aa1c","Caryophyllales.org","b0d6b6ae-3ae6-40dd-b204-ca15f932a657","079c8693-15e4-441b-acd0-cb0c07a060a8","206add8c-3eae-4d9c-872c-e15409d2a3d9","Cheek, M.R. & Jebb, M.H.P., Flora Malesiana - Nepenthaceae, Series I, Volume 15. 2001","143","0","","1","0"
"c30f4ed6-c9e5-4f10-a958-84cb47451d44","a245793a-a70f-4fcf-a626-dd4aa6d2aa1c","Caryophyllales.org","964b50a7-e093-4139-8393-cdeedbd943a0","079c8693-15e4-441b-acd0-cb0c07a060a8","206add8c-3eae-4d9c-872c-e15409d2a3d9","Cheek, M.R. & Jebb, M.H.P., Flora Malesiana - Nepenthaceae, Series I, Volume 15. 2001","61","0","","1","0"
"42513eef-9429-434a-afba-acdc6b7bdc0c","a245793a-a70f-4fcf-a626-dd4aa6d2aa1c","Caryophyllales.org","f0f43a68-b3fc-4a74-a611-062efd5a16e5","079c8693-15e4-441b-acd0-cb0c07a060a8","206add8c-3eae-4d9c-872c-e15409d2a3d9","Cheek, M.R. & Jebb, M.H.P., Flora Malesiana - Nepenthaceae, Series I, Volume 15. 2001","63","0","","1","0"
"df94a2a7-4818-4708-aa04-1f437796b168","a245793a-a70f-4fcf-a626-dd4aa6d2aa1c","Caryophyllales.org","bcd651c6-bdac-4c68-be26-8a4b49683cdf","079c8693-15e4-441b-acd0-cb0c07a060a8","f2280a47-a745-4a44-a028-51590e07839c","Robinson, A.S., Nerz, J. & Wistuba, A. - Nepenthes epiphytica, a new pitcher plant from East Kalimantan in McPherson, S., New Nepenthes 1. 2011","48","0","","1","0"
"bfb8a471-1e34-48dd-a74c-aa06fb7ec562","a245793a-a70f-4fcf-a626-dd4aa6d2aa1c","Caryophyllales.org","6487d5d7-ebff-4dfd-b2e7-a066cd30c146","f7dc4038-353a-4832-bf85-1b6c3d8729c0","17ffcbc7-7f80-42cd-a95e-25d0289c9f71","IPNI, Name Records. 1999+","218","1","","1","0"
"ba202d19-7a1a-4608-b6d9-92d6508456e7","a245793a-a70f-4fcf-a626-dd4aa6d2aa1c","Caryophyllales.org","02452212-7eb6-4914-86fc-ac9d82e3843a","f7dc4038-353a-4832-bf85-1b6c3d8729c0","56239fb8-65c2-4604-94e5-54f8071aa315","Berendsohn, W.G., Compilation of Nepenthes data for the Caryophyllales taxonomic backbone. 2017+","195","1","Unclear, if this is still to be included in N. alata.","1","0"
"685572a6-f8cd-4cb0-b5dc-21e91855be88","a245793a-a70f-4fcf-a626-dd4aa6d2aa1c","Caryophyllales.org","5ae2238c-b57b-4f05-9310-a731cef203ed","079c8693-15e4-441b-acd0-cb0c07a060a8","921b315e-b59f-4d59-8e2f-779055190e64","McPherson, S., Pitcher Plants of the Old World 2. 2009","165","0","","1","0"
"79b1f27b-a863-4bfd-96b9-fced65e851ec","a245793a-a70f-4fcf-a626-dd4aa6d2aa1c","Caryophyllales.org","25febd56-749f-4327-bf71-826078af2ee5","fbc28372-1025-4067-87a9-c864ce29584f","56239fb8-65c2-4604-94e5-54f8071aa315","Berendsohn, W.G., Compilation of Nepenthes data for the Caryophyllales taxonomic backbone. 2017+","229","0","","1","0"
"b7395c5d-de70-4148-a7fb-fd95da4bb503","a245793a-a70f-4fcf-a626-dd4aa6d2aa1c","Caryophyllales.org","d948e17a-c428-4f6e-9463-37a8665b00db","079c8693-15e4-441b-acd0-cb0c07a060a8","86ef27dd-394e-4bdf-8f49-3ff8e32daf81","Catalano, M., Nepenthes rosea, una nuova specie dalla Thailandia peninsulare in AIPC Magazine 36: 24-31. 2014","150","0","","1","0"
"a0f4770e-5076-43e4-950f-01166e65669d","a245793a-a70f-4fcf-a626-dd4aa6d2aa1c","Caryophyllales.org","db4093c4-a7dc-4205-9796-246a55fda803","079c8693-15e4-441b-acd0-cb0c07a060a8","206add8c-3eae-4d9c-872c-e15409d2a3d9","Cheek, M.R. & Jebb, M.H.P., Flora Malesiana - Nepenthaceae, Series I, Volume 15. 2001","29","0","","1","0"
"2b6094ee-f7e2-4e57-9520-160ca8ed2271","a245793a-a70f-4fcf-a626-dd4aa6d2aa1c","Caryophyllales.org","a3f03713-ac8b-4c09-91d8-97ea2f38c4a5","079c8693-15e4-441b-acd0-cb0c07a060a8","605e7128-16a4-404e-9126-ab8d1c6ddb45","Schlauer, J. & Nepi, C., Notes on Nepenthes (Nepenthaceae) II: lectotypification of names based on material in the Herbarium Beccarianum (FI) in Webbia 55(1): 1-5. 2000","22","0","","1","0"
"bd7d07a0-e816-4016-be4e-889a59f1042e","a245793a-a70f-4fcf-a626-dd4aa6d2aa1c","Caryophyllales.org","c2d1095b-50a1-404a-b149-c12403f04146","f7dc4038-353a-4832-bf85-1b6c3d8729c0","17ffcbc7-7f80-42cd-a95e-25d0289c9f71","IPNI, Name Records. 1999+","194","1","","1","0"
"70dc6598-d39d-49c1-9ece-a440b69dc0b6","a245793a-a70f-4fcf-a626-dd4aa6d2aa1c","Caryophyllales.org","4da42dbb-3468-4b8f-b81d-79a924295b31","f7dc4038-353a-4832-bf85-1b6c3d8729c0","17ffcbc7-7f80-42cd-a95e-25d0289c9f71","IPNI, Name Records. 1999+","205","1","","1","0"
"f62756d9-94bb-4c1c-ace5-81c388afa643","a245793a-a70f-4fcf-a626-dd4aa6d2aa1c","Caryophyllales.org","41540040-0e56-47e5-933c-af8ebd7a6216","079c8693-15e4-441b-acd0-cb0c07a060a8","206add8c-3eae-4d9c-872c-e15409d2a3d9","Cheek, M.R. & Jebb, M.H.P., Flora Malesiana - Nepenthaceae, Series I, Volume 15. 2001","11","0","","1","0"
"f5a676bc-8bc0-44db-bb4a-120ecf1e6494","a245793a-a70f-4fcf-a626-dd4aa6d2aa1c","Caryophyllales.org","96a27c84-7513-47d5-b13e-92d2bc289553","079c8693-15e4-441b-acd0-cb0c07a060a8","1ab2bcff-deec-4092-8aff-90daea84b7cc","Jebb, M.H.P. & Cheek, M.R., A skeletal revision of Nepenthes in Blumea 42(1): 1-106. 1997","80","0","","1","0"
"9ddace6f-0c48-47da-84c4-52407842dcb9","a245793a-a70f-4fcf-a626-dd4aa6d2aa1c","Caryophyllales.org","880c6370-e7a5-446c-bcd5-8c91f28dc808","079c8693-15e4-441b-acd0-cb0c07a060a8","206add8c-3eae-4d9c-872c-e15409d2a3d9","Cheek, M.R. & Jebb, M.H.P., Flora Malesiana - Nepenthaceae, Series I, Volume 15. 2001","73","0","","1","0"
"24394a13-b20b-4f53-bcb2-90a9fdd17253","a245793a-a70f-4fcf-a626-dd4aa6d2aa1c","Caryophyllales.org","db9ef742-3de3-4ee0-9fa0-42f225f4eb57","079c8693-15e4-441b-acd0-cb0c07a060a8","206add8c-3eae-4d9c-872c-e15409d2a3d9","Cheek, M.R. & Jebb, M.H.P., Flora Malesiana - Nepenthaceae, Series I, Volume 15. 2001","72","0","","1","0"
"d3474215-8bc7-4931-bbf9-2a117fda2039","a245793a-a70f-4fcf-a626-dd4aa6d2aa1c","Caryophyllales.org","73aa492b-8bd3-48d8-8b53-bb24fac834ac","079c8693-15e4-441b-acd0-cb0c07a060a8","921b315e-b59f-4d59-8e2f-779055190e64","McPherson, S., Pitcher Plants of the Old World 2. 2009","105","0","","1","0"
"9f0d039c-5061-45c5-a0af-b96342a256b8","a245793a-a70f-4fcf-a626-dd4aa6d2aa1c","Caryophyllales.org","ecc6c01e-e0d9-43a6-8c42-bb782f8739e6","079c8693-15e4-441b-acd0-cb0c07a060a8","206add8c-3eae-4d9c-872c-e15409d2a3d9","Cheek, M.R. & Jebb, M.H.P., Flora Malesiana - Nepenthaceae, Series I, Volume 15. 2001","184","0","","1","0"
"75517d03-e765-4bfd-8763-d91a96a3491f","a245793a-a70f-4fcf-a626-dd4aa6d2aa1c","Caryophyllales.org","c112b328-d02f-42e3-94db-967680f0fef4","079c8693-15e4-441b-acd0-cb0c07a060a8","3a88d386-dbec-4595-9b3a-5932121c033e","Micheler, M., Gronemeyer, T., Wistuba, A. & al., Nepenthes viridis, eine neue Nepenthes Art von der Insel Dinagat, Philippinen in Taublatt 76(2): 4-14. 2013","187","0","","1","0"
"61e24916-1a3d-4e28-9971-fb4dd3b5cbbe","a245793a-a70f-4fcf-a626-dd4aa6d2aa1c","Caryophyllales.org","606240e1-20fa-4536-ae2a-b5d19025109f","99c101b9-8871-4a79-a1ed-b1a248034c44","17ffcbc7-7f80-42cd-a95e-25d0289c9f71","IPNI, Name Records. 1999+","262","0","","1","1"
"ef986dfc-2837-4cfc-9178-9ad1c1abb18c","a245793a-a70f-4fcf-a626-dd4aa6d2aa1c","Caryophyllales.org","e4868ad7-db0f-45a0-b09b-c0cf8e9163d7","79b1f27b-a863-4bfd-96b9-fced65e851ec","67195848-fcb2-4cd3-a049-6d96202d34be","Anonymous, Nepenthes atro-sanguinea x in Gard. Chron. n.s. 17. 1882","231","0","","1","0"
"842409ec-cc1f-4525-9c2f-e9d7425cdd6f","a245793a-a70f-4fcf-a626-dd4aa6d2aa1c","Caryophyllales.org","d90e62c2-f423-4332-beb3-471e8c8051df","079c8693-15e4-441b-acd0-cb0c07a060a8","206add8c-3eae-4d9c-872c-e15409d2a3d9","Cheek, M.R. & Jebb, M.H.P., Flora Malesiana - Nepenthaceae, Series I, Volume 15. 2001","104","0","","1","0"
"34178b84-84ef-48b8-b420-a0665402d8d4","a245793a-a70f-4fcf-a626-dd4aa6d2aa1c","Caryophyllales.org","a0b559b6-5512-4541-8e0a-efe75c9aa17a","079c8693-15e4-441b-acd0-cb0c07a060a8","206add8c-3eae-4d9c-872c-e15409d2a3d9","Cheek, M.R. & Jebb, M.H.P., Flora Malesiana - Nepenthaceae, Series I, Volume 15. 2001","136","0","","1","0"
"515b2043-9369-44eb-b86f-7c4079be4d18","a245793a-a70f-4fcf-a626-dd4aa6d2aa1c","Caryophyllales.org","15292632-b70f-4f91-8760-ae20d71c0538","616ee37f-75d3-410c-af94-0da70474ef65","14fa104a-5c27-4bc5-b827-8a5d0f5d20c9","McPherson, S., New Nepenthes 1. 2011","113","0","","1","0"
"2d816925-bff9-4293-b4ac-a591e3f24d60","a245793a-a70f-4fcf-a626-dd4aa6d2aa1c","Caryophyllales.org","5b9cf408-41ff-4bbc-a99f-1641dfe84cbf","079c8693-15e4-441b-acd0-cb0c07a060a8","206add8c-3eae-4d9c-872c-e15409d2a3d9","Cheek, M.R. & Jebb, M.H.P., Flora Malesiana - Nepenthaceae, Series I, Volume 15. 2001","180","0","","1","0"
"cfefdfbf-4195-400b-a9fd-458ecda0ccda","a245793a-a70f-4fcf-a626-dd4aa6d2aa1c","Caryophyllales.org","60144ac3-a6a7-404d-baeb-8818185ba48f","079c8693-15e4-441b-acd0-cb0c07a060a8","4610f56a-fbf5-49eb-a334-2ef30318e2d0","Clarke, C.M., Nepenthes of Sumatra and Peninsular Malaysia. 2001","163","0","","1","0"
"90d47d8d-0f76-47d9-a0c8-20b4361080a4","a245793a-a70f-4fcf-a626-dd4aa6d2aa1c","Caryophyllales.org","40ce0ce0-cc64-466e-97dd-69d5c22e7376","079c8693-15e4-441b-acd0-cb0c07a060a8","16c55dba-7ba9-4e64-87bf-1ea8d4ad67cc","Cheek, M.R. & Jebb, M.H.P., Identification and typification of Nepenthes blancoi, with N. abalata sp. nov. from the western Visayas, Philippines in Nordic Journal of Botany 31(2): 151-156. 2013","3","0","","1","0"
"146fc0fe-17b6-47ce-ab39-7710ad735f61","a245793a-a70f-4fcf-a626-dd4aa6d2aa1c","Caryophyllales.org","4493bff3-ccdb-48e1-9893-82e61135abf5","f7dc4038-353a-4832-bf85-1b6c3d8729c0","56239fb8-65c2-4604-94e5-54f8071aa315","Berendsohn, W.G., Compilation of Nepenthes data for the Caryophyllales taxonomic backbone. 2017+","209","1","","1","0"
"8746d8c3-fa0a-4d6f-9fdb-11b77fb0a8fd","a245793a-a70f-4fcf-a626-dd4aa6d2aa1c","Caryophyllales.org","7a3ad598-9838-4511-993f-84c986cdb405","079c8693-15e4-441b-acd0-cb0c07a060a8","206add8c-3eae-4d9c-872c-e15409d2a3d9","Cheek, M.R. & Jebb, M.H.P., Flora Malesiana - Nepenthaceae, Series I, Volume 15. 2001","144","0","","1","0"
"d367fd34-2197-4a3f-9c0a-28d775a928fa","a245793a-a70f-4fcf-a626-dd4aa6d2aa1c","Caryophyllales.org","ca793248-b416-43da-85ee-2a1cc8c70592","079c8693-15e4-441b-acd0-cb0c07a060a8","dbe85af3-fc34-466e-a032-8283fb1e4539","Mey, F.S., Introduction to the pitcher plants (Nepenthes) of Cambodia in Cambodian Journal of Natural History 2010(2): 106-117. 2010","158","0","","1","0"
"340f0814-404a-4e11-9cc8-51b973cd36df","a245793a-a70f-4fcf-a626-dd4aa6d2aa1c","Caryophyllales.org","f1a62521-f98b-452b-b269-642a5d238934","f7dc4038-353a-4832-bf85-1b6c3d8729c0","56239fb8-65c2-4604-94e5-54f8071aa315","Berendsohn, W.G., Compilation of Nepenthes data for the Caryophyllales taxonomic backbone. 2017+","221","1","An incorrect IPNI record, the name published is N. ampullaria f. vittata Hort. ex Beck.","1","0"
"3da9953f-5d3d-4b3d-8fe8-ee2e6b65d7a2","a245793a-a70f-4fcf-a626-dd4aa6d2aa1c","Caryophyllales.org","05ffd5a2-a98f-4b22-9413-d129e524c83a","079c8693-15e4-441b-acd0-cb0c07a060a8","6261c33c-828f-4470-ac78-a2c4fcda947d","Catalano, M., Nepenthes kongkandana, da ufficiosa ad ufficiale in AIPC Magazine 37: 5-11. 2015","84","0","","1","0"
"486fbaa5-2a04-42dc-a975-0cfaaac9c15a","a245793a-a70f-4fcf-a626-dd4aa6d2aa1c","Caryophyllales.org","792b7d8c-979c-427f-bf1f-6c4f0924f136","79b1f27b-a863-4bfd-96b9-fced65e851ec","17ffcbc7-7f80-42cd-a95e-25d0289c9f71","IPNI, Name Records. 1999+","236","0","","1","0"
"fb5db665-a1a6-41eb-b2ce-5c472e978d3d","a245793a-a70f-4fcf-a626-dd4aa6d2aa1c","Caryophyllales.org","2f473958-6509-4423-b4ce-66c871961aa9","079c8693-15e4-441b-acd0-cb0c07a060a8","206add8c-3eae-4d9c-872c-e15409d2a3d9","Cheek, M.R. & Jebb, M.H.P., Flora Malesiana - Nepenthaceae, Series I, Volume 15. 2001","37","0","","1","0"
"be51d6ac-481b-4326-b6cf-f9c659e8626b","a245793a-a70f-4fcf-a626-dd4aa6d2aa1c","Caryophyllales.org","3383cbba-6d37-4a37-b28e-a19d196cd27c","079c8693-15e4-441b-acd0-cb0c07a060a8","206add8c-3eae-4d9c-872c-e15409d2a3d9","Cheek, M.R. & Jebb, M.H.P., Flora Malesiana - Nepenthaceae, Series I, Volume 15. 2001","42","0","","1","0"
"3b812fa3-8141-4e33-90ee-b3fa25207898","a245793a-a70f-4fcf-a626-dd4aa6d2aa1c","Caryophyllales.org","de72a439-dca3-424c-9824-304d02ca58b7","f7dc4038-353a-4832-bf85-1b6c3d8729c0","17ffcbc7-7f80-42cd-a95e-25d0289c9f71","IPNI, Name Records. 1999+","204","1","","1","0"
"581ec809-ebc6-4739-b3ac-ccd5ce621402","a245793a-a70f-4fcf-a626-dd4aa6d2aa1c","Caryophyllales.org","3dd6c1b4-cf21-4b5c-a478-2e0b6abe82dc","079c8693-15e4-441b-acd0-cb0c07a060a8","1ab2bcff-deec-4092-8aff-90daea84b7cc","Jebb, M.H.P. & Cheek, M.R., A skeletal revision of Nepenthes in Blumea 42(1): 1-106. 1997","97","0","","1","0"
"74c654bc-0873-44fc-b0ea-043d57ba4f43","a245793a-a70f-4fcf-a626-dd4aa6d2aa1c","Caryophyllales.org","2858ad18-0a87-42db-a3af-04149cb3dea3","79b1f27b-a863-4bfd-96b9-fced65e851ec","56239fb8-65c2-4604-94e5-54f8071aa315","Berendsohn, W.G., Compilation of Nepenthes data for the Caryophyllales taxonomic backbone. 2017+","230","0","","1","0"
"654881f0-2f4c-430e-8248-a1baadb8f25e","a245793a-a70f-4fcf-a626-dd4aa6d2aa1c","Caryophyllales.org","e1820565-257e-4cf9-8004-361230d7725a","079c8693-15e4-441b-acd0-cb0c07a060a8","206add8c-3eae-4d9c-872c-e15409d2a3d9","Cheek, M.R. & Jebb, M.H.P., Flora Malesiana - Nepenthaceae, Series I, Volume 15. 2001","166","0","","1","0"
"5c93a068-581c-4cc1-b8ff-15d1b2a3084f","a245793a-a70f-4fcf-a626-dd4aa6d2aa1c","Caryophyllales.org","351e86b2-c689-42d8-83dc-57a7c4048c37","616ee37f-75d3-410c-af94-0da70474ef65","512011c1-11e8-40f3-9363-4e3488fbcabc","McPherson, S., Pitcher Plants of the Old World 1. 2009","112","0","","1","0"
"1adc6e68-6f08-48ea-8362-8646ca561c00","a245793a-a70f-4fcf-a626-dd4aa6d2aa1c","Caryophyllales.org","d32b4b45-e744-44f3-92a4-4301d721ca88","079c8693-15e4-441b-acd0-cb0c07a060a8","1ab2bcff-deec-4092-8aff-90daea84b7cc","Jebb, M.H.P. & Cheek, M.R., A skeletal revision of Nepenthes in Blumea 42(1): 1-106. 1997","134","0","","1","0"
"a887bd13-835b-4a45-926e-53e0f399325c","a245793a-a70f-4fcf-a626-dd4aa6d2aa1c","Caryophyllales.org","2ff38b8e-a449-454b-a718-756c8e6993c7","99c101b9-8871-4a79-a1ed-b1a248034c44","17ffcbc7-7f80-42cd-a95e-25d0289c9f71","IPNI, Name Records. 1999+","259","0","","1","1"
"9861e241-148b-4fcb-a264-f6bc4b5dcca8","a245793a-a70f-4fcf-a626-dd4aa6d2aa1c","Caryophyllales.org","2fe139ac-d8a0-4d8c-8da8-44eff85eec00","079c8693-15e4-441b-acd0-cb0c07a060a8","206add8c-3eae-4d9c-872c-e15409d2a3d9","Cheek, M.R. & Jebb, M.H.P., Flora Malesiana - Nepenthaceae, Series I, Volume 15. 2001","129","0","","1","0"
"63dc8bbe-1f18-4580-bf41-dd6c437af024","a245793a-a70f-4fcf-a626-dd4aa6d2aa1c","Caryophyllales.org","9c4b5330-11e1-4e57-82bc-9c07884fc398","079c8693-15e4-441b-acd0-cb0c07a060a8","11e2fd7c-c387-4591-aebe-87e8dba7eae8","Robinson, A.S., Nerz, J., Wistuba, A. & al. - Nepenthes lamii Jebb & Cheek, an emended description resulting from the separation of a two-species complex, and the introduction of Nepenthes monticola, a new species of highland pitcher plant from New Guinea in McPherson, S., New Nepenthes 1. 2011","116","0","","1","0"
"fb987766-3ea5-45e0-a606-ca9b9d1253cf","a245793a-a70f-4fcf-a626-dd4aa6d2aa1c","Caryophyllales.org","34b38fb8-8110-477c-9668-ef104e04f517","079c8693-15e4-441b-acd0-cb0c07a060a8","50ebf275-2ac1-4ced-b9ed-c600747da333","Cheek, M.R. & Jebb, M.H.P., Typification and redelimitation of Nepenthes alata with notes on the N. alata group, and N. negros sp. nov. from the Philippines in Nordic Journal of Botany 31: 616-622. 2013","8","0","","1","0"
"b7804928-4c70-40df-a6b6-1d0b803a3aef","a245793a-a70f-4fcf-a626-dd4aa6d2aa1c","Caryophyllales.org","eb77687d-c7c5-498b-b340-ed51b76f847c","79b1f27b-a863-4bfd-96b9-fced65e851ec","56239fb8-65c2-4604-94e5-54f8071aa315","Berendsohn, W.G., Compilation of Nepenthes data for the Caryophyllales taxonomic backbone. 2017+","255","1","An invalid name (lack of diagnosis) which nevertheless can be assigned as a synonym to N. x amabilis G.Nicholson, because the hybrid parents are stated.","1","0"
"a54878f3-c22e-4af0-8901-ac5018ba411f","a245793a-a70f-4fcf-a626-dd4aa6d2aa1c","Caryophyllales.org","92f52af6-1447-4976-9e42-4b70d41c1653","079c8693-15e4-441b-acd0-cb0c07a060a8","c9c587b3-79de-40b3-a354-6637823fe4b2","Gronemeyer, T., McPherson, S., Coritico, F. & al. - Nepenthes pulchra, a new pitcher plant species from Mount Kiamo, Mindanao in McPherson, S., New Nepenthes 1. 2011","140","0","","1","0"
"c59aaf4d-c554-49f2-aacc-f240d97208cf","a245793a-a70f-4fcf-a626-dd4aa6d2aa1c","Caryophyllales.org","c1c682fb-7844-4232-8231-5de6d81d6186","21ce6679-e2ac-4c5d-94ad-06a9758888e8","","","227","1","Excluded original spelling for Nepenthes hamata J.R.Turnbull & A.T.Middleton","1","0"
"f1bd33de-a4b1-46e7-8fe0-938850c0dc3b","a245793a-a70f-4fcf-a626-dd4aa6d2aa1c","Caryophyllales.org","f008d7ab-033d-4d0e-abcd-39bb30b39488","079c8693-15e4-441b-acd0-cb0c07a060a8","512011c1-11e8-40f3-9363-4e3488fbcabc","McPherson, S., Pitcher Plants of the Old World 1. 2009","41","0","","1","0"
"029b0473-07e4-4857-9414-2d965b51ff55","a245793a-a70f-4fcf-a626-dd4aa6d2aa1c","Caryophyllales.org","591d25da-c31d-46c1-8616-dae7582043b6","079c8693-15e4-441b-acd0-cb0c07a060a8","4610f56a-fbf5-49eb-a334-2ef30318e2d0","Clarke, C.M., Nepenthes of Sumatra and Peninsular Malaysia. 2001","45","0","","1","0"
"1e6a5742-61f8-4117-941d-0cb08ca4b46c","a245793a-a70f-4fcf-a626-dd4aa6d2aa1c","Caryophyllales.org","2bdac0fe-6209-40fd-806a-2d7c36c8da6a","f7dc4038-353a-4832-bf85-1b6c3d8729c0","17ffcbc7-7f80-42cd-a95e-25d0289c9f71","IPNI, Name Records. 1999+","197","1","Invalid name (no hybrid parent cited).","1","0"
"a0f6cd60-dc52-40da-b122-8c7b2b538bdb","a245793a-a70f-4fcf-a626-dd4aa6d2aa1c","Caryophyllales.org","e465ca4d-9d94-46b4-9b93-e76da5ad633b","079c8693-15e4-441b-acd0-cb0c07a060a8","206add8c-3eae-4d9c-872c-e15409d2a3d9","Cheek, M.R. & Jebb, M.H.P., Flora Malesiana - Nepenthaceae, Series I, Volume 15. 2001","161","0","","1","0"
"82631b1e-bcde-4194-969c-51240e8f7a02","a245793a-a70f-4fcf-a626-dd4aa6d2aa1c","Caryophyllales.org","c8c2f323-b14f-405c-b26a-7f0fee3af91e","079c8693-15e4-441b-acd0-cb0c07a060a8","206add8c-3eae-4d9c-872c-e15409d2a3d9","Cheek, M.R. & Jebb, M.H.P., Flora Malesiana - Nepenthaceae, Series I, Volume 15. 2001","186","0","","1","0"
"bc16bd5e-482e-44fa-a098-79469419cb8e","a245793a-a70f-4fcf-a626-dd4aa6d2aa1c","Caryophyllales.org","0eb041bf-3e00-47d9-a2f0-92f5bf68f23a","79b1f27b-a863-4bfd-96b9-fced65e851ec","17ffcbc7-7f80-42cd-a95e-25d0289c9f71","IPNI, Name Records. 1999+","250","0","","1","0"
"c3dd06e4-c87f-4488-a3fe-a6e9fdfbb42f","a245793a-a70f-4fcf-a626-dd4aa6d2aa1c","Caryophyllales.org","33b65fef-692b-4e54-8485-42c716c480e5","99c101b9-8871-4a79-a1ed-b1a248034c44","17ffcbc7-7f80-42cd-a95e-25d0289c9f71","IPNI, Name Records. 1999+","266","0","","1","1"
"0ba8fd5b-2ec5-451a-a05d-5fa5f509f05b","a245793a-a70f-4fcf-a626-dd4aa6d2aa1c","Caryophyllales.org","5da43dec-3794-46ca-ba7e-8279f4c3c043","21ce6679-e2ac-4c5d-94ad-06a9758888e8","1ab2bcff-deec-4092-8aff-90daea84b7cc","Jebb, M.H.P. & Cheek, M.R., A skeletal revision of Nepenthes in Blumea 42(1): 1-106. 1997","225","1","Excluded original spelling for Nepenthes eymae Sh.Kurata","1","0"
"5a64b500-9a30-47c3-89bc-985b0c3e66fb","a245793a-a70f-4fcf-a626-dd4aa6d2aa1c","Caryophyllales.org","210cc222-fbef-4eaf-aeac-7ebae495a938","079c8693-15e4-441b-acd0-cb0c07a060a8","23295d72-a062-444e-96b9-d7c9205d494c","Lee, C.C., Nepenthes platychila (Nepenthaceae), a new species of pitcher plant from Sarawak, Borneo in Gard. Bull. Singapore 54(2): 257-261. 2002","139","0","","1","0"
"e587298b-8372-4472-9adf-b7b62f5fd64d","a245793a-a70f-4fcf-a626-dd4aa6d2aa1c","Caryophyllales.org","9cbf2ccf-5340-4f1d-9aff-8c9549a8a0e2","079c8693-15e4-441b-acd0-cb0c07a060a8","d01bc99e-d936-4f4b-ba14-428f08e04799","Cheek, M.R. & Jebb, M.H.P., Recircumscription of the Nepenthes alata group (Caryophyllales: Nepenthaceae), in the Philippines, with four new species in European Journal of Taxonomy 69. 2013","90","0","","1","0"
"23505db3-495a-42d9-9bc9-9eeb5146e6ef","a245793a-a70f-4fcf-a626-dd4aa6d2aa1c","Caryophyllales.org","37289fb0-2b89-49ce-9c2f-ce5317fff023","079c8693-15e4-441b-acd0-cb0c07a060a8","dcb2cbbb-40ec-40bf-88fe-77ecaab9010b","Mey, F.S. - Nepenthes thorelii, emended description and novel ecological data resulting from its rediscovery in Tay Ninh, Vietnam in McPherson, S., New Nepenthes 1. 2011","174","0","","1","0"
"8b099c6b-3f57-4199-909f-8a1fd3d1b1c7","a245793a-a70f-4fcf-a626-dd4aa6d2aa1c","Caryophyllales.org","c0ddaf0f-8fee-4f5d-9b53-d059ca6dc735","079c8693-15e4-441b-acd0-cb0c07a060a8","921b315e-b59f-4d59-8e2f-779055190e64","McPherson, S., Pitcher Plants of the Old World 2. 2009","170","0","","1","0"
"e80da179-387b-412b-a2db-12415f232294","a245793a-a70f-4fcf-a626-dd4aa6d2aa1c","Caryophyllales.org","5c31aac7-c215-4ddb-8cf8-e9998876655a","79b1f27b-a863-4bfd-96b9-fced65e851ec","b905b3ca-af8a-46b9-acbb-8bd1ee7e432e","Masters, M.T., New garden plants - Nepenthes rubro-maculata x, Hort. Veitch, N. wrigleana x, Hort.Veitch in Gard. Chron. n.s. 17: 143. 1882","254","0","","1","0"
"dcf4f8ee-afaa-41bf-8a07-422aba5ea7b0","a245793a-a70f-4fcf-a626-dd4aa6d2aa1c","Caryophyllales.org","8a0a4688-0474-4dcf-8d37-62a45839c4c7","079c8693-15e4-441b-acd0-cb0c07a060a8","206add8c-3eae-4d9c-872c-e15409d2a3d9","Cheek, M.R. & Jebb, M.H.P., Flora Malesiana - Nepenthaceae, Series I, Volume 15. 2001","95","0","","1","0"
"8ebe9c48-7139-4b3e-8e46-8837cda360ba","a245793a-a70f-4fcf-a626-dd4aa6d2aa1c","Caryophyllales.org","b1a03f56-e27f-4375-9c1c-a4627674a3f9","079c8693-15e4-441b-acd0-cb0c07a060a8","206add8c-3eae-4d9c-872c-e15409d2a3d9","Cheek, M.R. & Jebb, M.H.P., Flora Malesiana - Nepenthaceae, Series I, Volume 15. 2001","101","0","","1","0"
"2c0da28a-ff9a-4787-a7e0-02d4189570bd","a245793a-a70f-4fcf-a626-dd4aa6d2aa1c","Caryophyllales.org","b13d17ae-5573-4e3a-9137-7e700d6db1f7","f7dc4038-353a-4832-bf85-1b6c3d8729c0","206add8c-3eae-4d9c-872c-e15409d2a3d9","Cheek, M.R. & Jebb, M.H.P., Flora Malesiana - Nepenthaceae, Series I, Volume 15. 2001","199","1","","1","0"
"2f4ced44-e50d-45da-bc16-749ff33a4b69","a245793a-a70f-4fcf-a626-dd4aa6d2aa1c","Caryophyllales.org","ec6f98b8-fea2-42d0-a3e6-64523245020f","f7dc4038-353a-4832-bf85-1b6c3d8729c0","17ffcbc7-7f80-42cd-a95e-25d0289c9f71","IPNI, Name Records. 1999+","201","1","","1","0"
"079c8693-15e4-441b-acd0-cb0c07a060a8","a245793a-a70f-4fcf-a626-dd4aa6d2aa1c","Caryophyllales.org","1ca066f4-57ed-4dd7-81ed-2758b2c6daf5","fbc28372-1025-4067-87a9-c864ce29584f","1ab2bcff-deec-4092-8aff-90daea84b7cc","Jebb, M.H.P. & Cheek, M.R., A skeletal revision of Nepenthes in Blumea 42(1): 1-106. 1997","2","0","","1","0"
"21e5f643-51e8-442e-b6d9-154b4cc72f1c","a245793a-a70f-4fcf-a626-dd4aa6d2aa1c","Caryophyllales.org","88a63ac3-e7a1-41a1-b759-c9e19dc07586","99c101b9-8871-4a79-a1ed-b1a248034c44","17ffcbc7-7f80-42cd-a95e-25d0289c9f71","IPNI, Name Records. 1999+","258","0","","1","1"
"43ad795e-847b-41e0-ac37-9cdd1e4bb3d0","a245793a-a70f-4fcf-a626-dd4aa6d2aa1c","Caryophyllales.org","3712b036-a9e9-4790-a5a1-7ec898415169","079c8693-15e4-441b-acd0-cb0c07a060a8","206add8c-3eae-4d9c-872c-e15409d2a3d9","Cheek, M.R. & Jebb, M.H.P., Flora Malesiana - Nepenthaceae, Series I, Volume 15. 2001","32","0","","1","0"
"fa15aba9-b447-4b57-a5bb-aad9943aae93","a245793a-a70f-4fcf-a626-dd4aa6d2aa1c","Caryophyllales.org","ea623b5a-2b71-40e4-92f8-f387ac4d5c6c","079c8693-15e4-441b-acd0-cb0c07a060a8","f5a82a63-1a12-4cd5-b140-bfaad91516a5","Lagunday, N. E., Acma, F. M., Cabana, V. G. & al., Two new Nepenthes species from the unexplored mountains of Central Mindanao, Philippines in Philippine Journal of Science 146(2): 159-165. 2017","98","0","","1","0"
"6e3ff7ce-199b-4de4-9655-be6720b0a255","a245793a-a70f-4fcf-a626-dd4aa6d2aa1c","Caryophyllales.org","b1d3fa06-8d74-40e6-acab-4bedebc3f716","f7dc4038-353a-4832-bf85-1b6c3d8729c0","206add8c-3eae-4d9c-872c-e15409d2a3d9","Cheek, M.R. & Jebb, M.H.P., Flora Malesiana - Nepenthaceae, Series I, Volume 15. 2001","217","1","","1","0"
"cf95a543-3c07-438f-be6a-9d731eb90e01","a245793a-a70f-4fcf-a626-dd4aa6d2aa1c","Caryophyllales.org","09cf8e3f-5194-4afb-a8af-ff34400b5746","079c8693-15e4-441b-acd0-cb0c07a060a8","116e3871-0abf-4869-ac83-229738db5bc9","Gronemeyer, T., Suarez, W., Nuytemans, H. & al., Two new Nepenthes species from the Philippines and an emended description of Nepenthes ramos in Plants (Basel) 5(2) (23): 1-15. 2016","7","0","","1","0"
"55d77d9f-c3e5-45be-ba08-0216399e387a","a245793a-a70f-4fcf-a626-dd4aa6d2aa1c","Caryophyllales.org","e3b2b938-d4f7-4f91-8b6b-d2836c7c026d","079c8693-15e4-441b-acd0-cb0c07a060a8","2416defd-d3ec-4c83-bf4f-ff5c4da62c47","Lee, C.C., Hernawati & Akhriadi,  Two new species of Nepenthes (Nepenthaceae) from North Sumatra in Blumea 51(3): 561-568. 2006","91","0","","1","0"
"37d36a34-d30a-4e61-b54e-22a543e213f8","a245793a-a70f-4fcf-a626-dd4aa6d2aa1c","Caryophyllales.org","39394dc7-b18d-4535-a8cc-6ef34936a4be","079c8693-15e4-441b-acd0-cb0c07a060a8","1ab2bcff-deec-4092-8aff-90daea84b7cc","Jebb, M.H.P. & Cheek, M.R., A skeletal revision of Nepenthes in Blumea 42(1): 1-106. 1997","103","0","","1","0"
"a6e834e2-c603-4cb6-b459-36e1fbe4d227","a245793a-a70f-4fcf-a626-dd4aa6d2aa1c","Caryophyllales.org","81a80954-c267-4504-8b6a-eb6f727db9c2","079c8693-15e4-441b-acd0-cb0c07a060a8","5c51cc54-ccf5-41d0-8ca2-d874d4d45eb8","Lee, C.C., McPherson, S., Bourke, G. & al., Nepenthes pitopangii (Nepenthaceae), a New Species from Central Sulawesi, Indonesia in Gard. Bull. Singapore 61(1). 2009","138","0","","1","0"
"4430f7cc-14a7-4079-88ba-fb5586746c28","a245793a-a70f-4fcf-a626-dd4aa6d2aa1c","Caryophyllales.org","b08b0daa-a999-4cf0-9b1b-6c03bd5e957e","079c8693-15e4-441b-acd0-cb0c07a060a8","206add8c-3eae-4d9c-872c-e15409d2a3d9","Cheek, M.R. & Jebb, M.H.P., Flora Malesiana - Nepenthaceae, Series I, Volume 15. 2001","31","0","","1","0"
"1c0e32b5-c1b8-4194-80c7-10df8ee31e2a","a245793a-a70f-4fcf-a626-dd4aa6d2aa1c","Caryophyllales.org","79b9eb33-ec21-49f1-8d6a-cb95f65616ca","99c101b9-8871-4a79-a1ed-b1a248034c44","17ffcbc7-7f80-42cd-a95e-25d0289c9f71","IPNI, Name Records. 1999+","265","0","","1","1"
"07653eea-ab9e-482b-ad38-b4fa84558802","a245793a-a70f-4fcf-a626-dd4aa6d2aa1c","Caryophyllales.org","8707a888-73c1-4c88-ae1f-7154694db353","079c8693-15e4-441b-acd0-cb0c07a060a8","d01bc99e-d936-4f4b-ba14-428f08e04799","Cheek, M.R. & Jebb, M.H.P., Recircumscription of the Nepenthes alata group (Caryophyllales: Nepenthaceae), in the Philippines, with four new species in European Journal of Taxonomy 69. 2013","82","0","","1","0"
"919079db-abdb-4b20-8d83-d47842102c39","a245793a-a70f-4fcf-a626-dd4aa6d2aa1c","Caryophyllales.org","78d77ce1-4874-4e79-8b0e-1f0145b338d9","079c8693-15e4-441b-acd0-cb0c07a060a8","1ab2bcff-deec-4092-8aff-90daea84b7cc","Jebb, M.H.P. & Cheek, M.R., A skeletal revision of Nepenthes in Blumea 42(1): 1-106. 1997","44","0","","1","0"
"46325539-e6b9-4db6-949e-ab222b25b775","a245793a-a70f-4fcf-a626-dd4aa6d2aa1c","Caryophyllales.org","d006fd2b-51e2-4fa9-98de-7a6b6e068ee4","079c8693-15e4-441b-acd0-cb0c07a060a8","0db7cd5b-d6e1-4aaa-9356-7588ff6fa6c0","Mey, F.S., Nepenthes bokorensis - a new species of Nepenthaceae from Cambodia in Carniflora Australis 7(1): 6-15. 2009","27","0","","1","0"
"80c7ba4e-6a4c-4bc2-81a7-7b5e7ab68ba7","a245793a-a70f-4fcf-a626-dd4aa6d2aa1c","Caryophyllales.org","9dbd4a90-c9c0-4212-9577-1277f4fe5353","79b1f27b-a863-4bfd-96b9-fced65e851ec","bc97a1c4-3b81-48af-939c-0ee78c9fbddf","Masters, M.T., New garden plants - Nepenthes courtii x, Hort. Veitch in Gard. Chron. n.s. 16: 844, 845. 1881","233","0","","1","0"
"f7dc4038-353a-4832-bf85-1b6c3d8729c0","a245793a-a70f-4fcf-a626-dd4aa6d2aa1c","Caryophyllales.org","f2a31e97-f2b6-4aec-a4d7-38b9eca81ee3","fbc28372-1025-4067-87a9-c864ce29584f","","","191","0","","1","0"
"c1156a99-2e85-405a-b787-a15b86f50f89","a245793a-a70f-4fcf-a626-dd4aa6d2aa1c","Caryophyllales.org","86c4747b-67f4-45b7-86da-5b15aef392f4","079c8693-15e4-441b-acd0-cb0c07a060a8","6d7d9554-a24f-443e-bb46-c51503ea0e69","Catalano, M., Una nuova specie di Nepenthes dal Vietnam in AIPC Magazine 46: 17-23. 2017","168","0","","1","0"
"ce397e4c-f6d7-4b73-b014-12221f90ad05","a245793a-a70f-4fcf-a626-dd4aa6d2aa1c","Caryophyllales.org","2d987390-e7d4-4e24-9c5f-11957e5ccca5","079c8693-15e4-441b-acd0-cb0c07a060a8","56b7569e-b511-492f-97ae-f07be04b7a3e","Cheek, M.R., Nepenthes (Nepenthaceae) of Halmahera, Indonesia in Blumea 59(3): 215-225. 2015","189","0","","1","0"
"b7e0335a-a152-462b-bb11-52be8fa4ce2f","a245793a-a70f-4fcf-a626-dd4aa6d2aa1c","Caryophyllales.org","cac6c818-0107-4a5a-8dd1-d6f2a22fc313","079c8693-15e4-441b-acd0-cb0c07a060a8","a8a6e1dc-3a0f-4d10-b48b-6a350a5200fc","Cheek, M.R. & Jebb, M.H.P., Nepenthes minima (Nepenthaceae), a new pyrophytic grassland species from Sulawesi, Indonesia in Blumea 61: 181-185. 2016","109","0","","1","0"
"2fd58529-59da-4ea6-927d-5a51a6204dc7","a245793a-a70f-4fcf-a626-dd4aa6d2aa1c","Caryophyllales.org","b613704c-bb7d-4671-ab95-db4dfe498203","079c8693-15e4-441b-acd0-cb0c07a060a8","206add8c-3eae-4d9c-872c-e15409d2a3d9","Cheek, M.R. & Jebb, M.H.P., Flora Malesiana - Nepenthaceae, Series I, Volume 15. 2001","96","0","","1","0"
"4417b60a-39a4-43bf-8028-21fff4630b77","a245793a-a70f-4fcf-a626-dd4aa6d2aa1c","Caryophyllales.org","e0252a7c-5580-49cd-83ef-72102862c306","079c8693-15e4-441b-acd0-cb0c07a060a8","56b7569e-b511-492f-97ae-f07be04b7a3e","Cheek, M.R., Nepenthes (Nepenthaceae) of Halmahera, Indonesia in Blumea 59(3): 215-225. 2015","62","0","","1","0"
"b80dc892-5ef7-4b3f-9ce1-7a340d7c1ca7","a245793a-a70f-4fcf-a626-dd4aa6d2aa1c","Caryophyllales.org","479afd86-d6ae-423c-aef7-f151f1fa2082","079c8693-15e4-441b-acd0-cb0c07a060a8","206add8c-3eae-4d9c-872c-e15409d2a3d9","Cheek, M.R. & Jebb, M.H.P., Flora Malesiana - Nepenthaceae, Series I, Volume 15. 2001","122","0","","1","0"
"ed1586e8-7dea-473e-b67b-6f738e1d65a2","a245793a-a70f-4fcf-a626-dd4aa6d2aa1c","Caryophyllales.org","2bf70865-a0da-4e4b-a88c-59fb5ebe3d2f","079c8693-15e4-441b-acd0-cb0c07a060a8","d01bc99e-d936-4f4b-ba14-428f08e04799","Cheek, M.R. & Jebb, M.H.P., Recircumscription of the Nepenthes alata group (Caryophyllales: Nepenthaceae), in the Philippines, with four new species in European Journal of Taxonomy 69. 2013","64","0","","1","0"
"9ad65c6d-441b-4083-8955-75ff07f05d3f","a245793a-a70f-4fcf-a626-dd4aa6d2aa1c","Caryophyllales.org","b25096c3-1fe4-4ded-a306-4046854e561a","079c8693-15e4-441b-acd0-cb0c07a060a8","206add8c-3eae-4d9c-872c-e15409d2a3d9","Cheek, M.R. & Jebb, M.H.P., Flora Malesiana - Nepenthaceae, Series I, Volume 15. 2001","130","0","","1","0"
"b5b233a0-2718-4ee0-9896-bc0d01a136e0","a245793a-a70f-4fcf-a626-dd4aa6d2aa1c","Caryophyllales.org","8dc8e2d2-2e11-4f62-a498-2eef8b401b4b","079c8693-15e4-441b-acd0-cb0c07a060a8","206add8c-3eae-4d9c-872c-e15409d2a3d9","Cheek, M.R. & Jebb, M.H.P., Flora Malesiana - Nepenthaceae, Series I, Volume 15. 2001","155","0","","1","0"
"0ddab04b-fa72-43cc-affa-6a06e18fa65f","a245793a-a70f-4fcf-a626-dd4aa6d2aa1c","Caryophyllales.org","5bfe3452-e96f-443f-8563-0b7088dfb6c1","079c8693-15e4-441b-acd0-cb0c07a060a8","4610f56a-fbf5-49eb-a334-2ef30318e2d0","Clarke, C.M., Nepenthes of Sumatra and Peninsular Malaysia. 2001","141","0","","1","0"
"a460b59b-1004-4da6-97de-40d3227ada6c","a245793a-a70f-4fcf-a626-dd4aa6d2aa1c","Caryophyllales.org","de52ced8-3b34-4dac-81d9-f394df332d21","f7dc4038-353a-4832-bf85-1b6c3d8729c0","56239fb8-65c2-4604-94e5-54f8071aa315","Berendsohn, W.G., Compilation of Nepenthes data for the Caryophyllales taxonomic backbone. 2017+","220","1","Misapplied name, non. N. villosa Hook.f. 1852","1","0"
"9fab5c60-ce7e-42b2-b51b-0eecea3913ad","a245793a-a70f-4fcf-a626-dd4aa6d2aa1c","Caryophyllales.org","5e548b35-8160-458c-9e85-f11280cf688a","079c8693-15e4-441b-acd0-cb0c07a060a8","3af3b784-a6cf-478b-9b52-089ff487a7f1","Cheek, M.R. & Jebb, M.H.P., A new section in Nepenthes (Nepenthaceae) and a new species from Sulawesi in Blumea 61: 59-62. 2016","102","0","","1","0"
"7c6b1596-3c35-4b7c-ad91-fed63b8fc274","a245793a-a70f-4fcf-a626-dd4aa6d2aa1c","Caryophyllales.org","bb02d077-3d52-4d02-b48d-fa678d8ee4e1","079c8693-15e4-441b-acd0-cb0c07a060a8","206add8c-3eae-4d9c-872c-e15409d2a3d9","Cheek, M.R. & Jebb, M.H.P., Flora Malesiana - Nepenthaceae, Series I, Volume 15. 2001","5","0","","1","0"
"63a21259-90a5-43c4-9d09-3ecc1acc33ca","a245793a-a70f-4fcf-a626-dd4aa6d2aa1c","Caryophyllales.org","217e1dc5-3388-4470-9d91-e4288fca80a2","f7dc4038-353a-4832-bf85-1b6c3d8729c0","206add8c-3eae-4d9c-872c-e15409d2a3d9","Cheek, M.R. & Jebb, M.H.P., Flora Malesiana - Nepenthaceae, Series I, Volume 15. 2001","196","1","","1","0"
"56c98927-4442-47de-ae30-9ec7c51bdfe4","a245793a-a70f-4fcf-a626-dd4aa6d2aa1c","Caryophyllales.org","a3bea5cb-f95c-447f-acd3-f690fd7a15c0","079c8693-15e4-441b-acd0-cb0c07a060a8","4610f56a-fbf5-49eb-a334-2ef30318e2d0","Clarke, C.M., Nepenthes of Sumatra and Peninsular Malaysia. 2001","172","0","","1","0"
"c849a63b-e2be-473c-9a81-ec1e21da89d0","a245793a-a70f-4fcf-a626-dd4aa6d2aa1c","Caryophyllales.org","d59fff30-e190-48a7-b048-189c0f273ac6","079c8693-15e4-441b-acd0-cb0c07a060a8","206add8c-3eae-4d9c-872c-e15409d2a3d9","Cheek, M.R. & Jebb, M.H.P., Flora Malesiana - Nepenthaceae, Series I, Volume 15. 2001","59","0","","1","0"
"aac25934-c053-4a8e-9f2a-16a94c50d65e","a245793a-a70f-4fcf-a626-dd4aa6d2aa1c","Caryophyllales.org","412f3770-d235-421a-9c6a-f39736cbba6a","079c8693-15e4-441b-acd0-cb0c07a060a8","575dd782-2785-4e9a-995c-20dc898f114b","Wistuba, A., Nerz, J. & Fleischmann, A.S., Nepenthes flava, a new species of Nepenthaceae from the northern part of Sumatra in Blumea 52(1): 159-163. 2007","53","0","","1","0"
"d778ee69-3708-446b-984c-3e616fefec88","a245793a-a70f-4fcf-a626-dd4aa6d2aa1c","Caryophyllales.org","233cd192-ab8d-45af-a949-569b452dd4f9","079c8693-15e4-441b-acd0-cb0c07a060a8","206add8c-3eae-4d9c-872c-e15409d2a3d9","Cheek, M.R. & Jebb, M.H.P., Flora Malesiana - Nepenthaceae, Series I, Volume 15. 2001","146","0","","1","0"
"2fed98d0-5802-4c4f-a5da-0856e1e021a6","a245793a-a70f-4fcf-a626-dd4aa6d2aa1c","Caryophyllales.org","72f9944b-4404-4909-a38f-902a054d2691","079c8693-15e4-441b-acd0-cb0c07a060a8","ea93c46a-f44e-4370-88c6-2744d46dce3c","Cheek, M.R. & Jebb, M.H.P., The Nepenthes micramphora (Nepenthaceae) group, with two new species from Mindanao, Philippines in Phytotaxa 151(1): 25-34. 2013","36","0","","1","0"
"f6962536-ed51-44c9-bb5c-104b576d5b79","a245793a-a70f-4fcf-a626-dd4aa6d2aa1c","Caryophyllales.org","6eb99a94-97bb-4652-9da8-8a8dd83eda3c","079c8693-15e4-441b-acd0-cb0c07a060a8","206add8c-3eae-4d9c-872c-e15409d2a3d9","Cheek, M.R. & Jebb, M.H.P., Flora Malesiana - Nepenthaceae, Series I, Volume 15. 2001","132","0","","1","0"
"4e90c47a-83c0-442f-a926-c2af91bfa942","a245793a-a70f-4fcf-a626-dd4aa6d2aa1c","Caryophyllales.org","d34cd442-c515-4a49-aefd-85e968315adb","079c8693-15e4-441b-acd0-cb0c07a060a8","206add8c-3eae-4d9c-872c-e15409d2a3d9","Cheek, M.R. & Jebb, M.H.P., Flora Malesiana - Nepenthaceae, Series I, Volume 15. 2001","128","0","","1","0"
"b59b0b0b-156d-4129-8dbf-9c9af88764c6","a245793a-a70f-4fcf-a626-dd4aa6d2aa1c","Caryophyllales.org","c1f15a87-ee2b-42a1-a6a9-cab4862d7733","079c8693-15e4-441b-acd0-cb0c07a060a8","9d627c3b-e215-4d70-abe6-ad30bfccee5d","Robinson, A.S., Fleischmann, A.S., McPherson, S. & al., A spectacular new species of Nepenthes L. (Nepenthaceae) pitcher plant from central Palawan, Philippines. in Bot. J. Linn. Soc. 159(2): 195-202. 2009","19","0","","1","0"
"0515c330-8781-434d-babe-e69e690762e7","a245793a-a70f-4fcf-a626-dd4aa6d2aa1c","Caryophyllales.org","ae514bbf-00b7-4fc7-b200-0193b5461a9f","079c8693-15e4-441b-acd0-cb0c07a060a8","f5a82a63-1a12-4cd5-b140-bfaad91516a5","Lagunday, N. E., Acma, F. M., Cabana, V. G. & al., Two new Nepenthes species from the unexplored mountains of Central Mindanao, Philippines in Philippine Journal of Science 146(2): 159-165. 2017","99","0","","1","0"
"c29e1d83-b2b2-46fb-ac8c-ce48cc3d6d86","a245793a-a70f-4fcf-a626-dd4aa6d2aa1c","Caryophyllales.org","37b8c95b-7f5b-4705-860c-64167c958207","079c8693-15e4-441b-acd0-cb0c07a060a8","206add8c-3eae-4d9c-872c-e15409d2a3d9","Cheek, M.R. & Jebb, M.H.P., Flora Malesiana - Nepenthaceae, Series I, Volume 15. 2001","183","0","","1","0"
"0d6f80fc-61b0-4893-a3a2-23988e048392","a245793a-a70f-4fcf-a626-dd4aa6d2aa1c","Caryophyllales.org","4ca71440-cead-416c-bfdd-2858c1e10008","079c8693-15e4-441b-acd0-cb0c07a060a8","d4ab33ae-b799-4cda-a6fc-9bf1bccc19db","Catalano, M., Nepenthes della Thailandia: diario di viaggio. 2010","79","0","","1","0"
"3f390054-da91-4f76-85d4-085e127be957","a245793a-a70f-4fcf-a626-dd4aa6d2aa1c","Caryophyllales.org","30860caf-1022-451b-83a4-5a8754634cc2","079c8693-15e4-441b-acd0-cb0c07a060a8","206add8c-3eae-4d9c-872c-e15409d2a3d9","Cheek, M.R. & Jebb, M.H.P., Flora Malesiana - Nepenthaceae, Series I, Volume 15. 2001","16","0","","1","0"
"825aea69-5847-483a-b176-07d2e56a1e81","a245793a-a70f-4fcf-a626-dd4aa6d2aa1c","Caryophyllales.org","37d37253-a0a6-4656-b491-38403b1a5668","079c8693-15e4-441b-acd0-cb0c07a060a8","206add8c-3eae-4d9c-872c-e15409d2a3d9","Cheek, M.R. & Jebb, M.H.P., Flora Malesiana - Nepenthaceae, Series I, Volume 15. 2001","159","0","","1","0"
"d4130cb4-ad91-4767-bb96-5a709c29b3ab","a245793a-a70f-4fcf-a626-dd4aa6d2aa1c","Caryophyllales.org","dc9055e4-43eb-4e3b-8994-dfcb28f0d0e9","f7dc4038-353a-4832-bf85-1b6c3d8729c0","17ffcbc7-7f80-42cd-a95e-25d0289c9f71","IPNI, Name Records. 1999+","207","1","","1","0"
"7bbdd08b-519e-41c3-a8e8-e261f0598a05","a245793a-a70f-4fcf-a626-dd4aa6d2aa1c","Caryophyllales.org","009f62c7-1fef-40a8-960a-fdb59e7c01a1","079c8693-15e4-441b-acd0-cb0c07a060a8","512011c1-11e8-40f3-9363-4e3488fbcabc","McPherson, S., Pitcher Plants of the Old World 1. 2009","71","0","","1","0"
"1d9eeacf-9797-4675-bb09-5a73ff5c620a","a245793a-a70f-4fcf-a626-dd4aa6d2aa1c","Caryophyllales.org","4283d750-17fb-4e62-a1ac-05ac390b6b48","079c8693-15e4-441b-acd0-cb0c07a060a8","0d4b0fc3-8a9d-43df-a5bc-b6e453444e67","McPherson, S., Bourke, G., Cervancia, J. & al., Nepenthes leonardoi (Nepenthaceae), a new pitcher plant species from Palawan, Philippines in Carniflora Australis 8(1): 4-19. 2011","89","0","","1","0"
"dc73704a-4416-4741-a82f-cff606149b06","a245793a-a70f-4fcf-a626-dd4aa6d2aa1c","Caryophyllales.org","f46cc61e-2427-45d4-8687-1792a0d47a5f","616ee37f-75d3-410c-af94-0da70474ef65","14fa104a-5c27-4bc5-b827-8a5d0f5d20c9","McPherson, S., New Nepenthes 1. 2011","114","0","","1","0"
"3d15cc46-7acb-4b6f-bf78-d0340b0a0e36","a245793a-a70f-4fcf-a626-dd4aa6d2aa1c","Caryophyllales.org","fdd49e8e-53c6-4341-a32b-47c1f8f1e7ed","079c8693-15e4-441b-acd0-cb0c07a060a8","512011c1-11e8-40f3-9363-4e3488fbcabc","McPherson, S., Pitcher Plants of the Old World 1. 2009","57","0","","1","0"
"1dbf6c71-5c59-4548-b076-bf2bfd5d41f9","a245793a-a70f-4fcf-a626-dd4aa6d2aa1c","Caryophyllales.org","9b2f01b2-d323-4cc2-a668-b7fd4ad4bbdb","079c8693-15e4-441b-acd0-cb0c07a060a8","26174d87-d8b5-4728-8fd1-3bc492dab47e","Schuiteman, A. & de Vogel, E.F., Nepenthes vogelii (Nepenthaceae): a new species from Sarawak in Blumea 47(3): 537-540. 2002","188","0","","1","0"
"dc9378ed-d90a-4023-acd1-62603ab42c20","a245793a-a70f-4fcf-a626-dd4aa6d2aa1c","Caryophyllales.org","e64c59a4-13c3-4840-bc9e-10d782b0e148","99c101b9-8871-4a79-a1ed-b1a248034c44","17ffcbc7-7f80-42cd-a95e-25d0289c9f71","IPNI, Name Records. 1999+","263","0","","1","1"
"67dc6e07-b49f-4c7b-937b-7b80816382e8","a245793a-a70f-4fcf-a626-dd4aa6d2aa1c","Caryophyllales.org","47ab9149-e00c-4b90-90c4-655119dce2a2","f7dc4038-353a-4832-bf85-1b6c3d8729c0","17ffcbc7-7f80-42cd-a95e-25d0289c9f71","IPNI, Name Records. 1999+","213","1","","1","0"
"75846ccc-c721-4381-ac18-1d01d2b62131","a245793a-a70f-4fcf-a626-dd4aa6d2aa1c","Caryophyllales.org","0d56c7ff-6e2f-406c-9b8c-67ea3514da55","079c8693-15e4-441b-acd0-cb0c07a060a8","206add8c-3eae-4d9c-872c-e15409d2a3d9","Cheek, M.R. & Jebb, M.H.P., Flora Malesiana - Nepenthaceae, Series I, Volume 15. 2001","137","0","","1","0"
"40038a40-eb63-4d8e-ab81-e94969a56596","a245793a-a70f-4fcf-a626-dd4aa6d2aa1c","Caryophyllales.org","69946992-a118-4b5e-ad24-2352db1461ac","079c8693-15e4-441b-acd0-cb0c07a060a8","4f447296-fd4a-47ea-bf04-86f525dffbd0","Wilson, G. W. & Venter, S., Nepenthes parvula (Nepenthaceae), a new species from Cape York, Queensland, Australia in Phytotaxa 277(2): 199-204. 2016","131","0","","1","0"
"cee85996-0d41-4834-8c71-c00ec2818b8b","a245793a-a70f-4fcf-a626-dd4aa6d2aa1c","Caryophyllales.org","66d708f1-2569-419d-94f8-18f38782c148","079c8693-15e4-441b-acd0-cb0c07a060a8","206add8c-3eae-4d9c-872c-e15409d2a3d9","Cheek, M.R. & Jebb, M.H.P., Flora Malesiana - Nepenthaceae, Series I, Volume 15. 2001","43","0","","1","0"
"248e1637-83ac-4724-9b9c-9585a936999a","a245793a-a70f-4fcf-a626-dd4aa6d2aa1c","Caryophyllales.org","bf422327-75b4-4e97-8d2a-dc5ccb26447c","99c101b9-8871-4a79-a1ed-b1a248034c44","17ffcbc7-7f80-42cd-a95e-25d0289c9f71","IPNI, Name Records. 1999+","261","0","","1","1"
"7467c6b6-38c3-4f59-82cb-dfdca021fac8","a245793a-a70f-4fcf-a626-dd4aa6d2aa1c","Caryophyllales.org","b2517703-c881-4d71-8990-d98f27c86d7a","f7dc4038-353a-4832-bf85-1b6c3d8729c0","17ffcbc7-7f80-42cd-a95e-25d0289c9f71","IPNI, Name Records. 1999+","203","1","","1","0"
"e3142ef2-1bef-49ec-b829-2454afd7c354","a245793a-a70f-4fcf-a626-dd4aa6d2aa1c","Caryophyllales.org","fce0530c-96db-47aa-92f3-b721a5415fb4","79b1f27b-a863-4bfd-96b9-fced65e851ec","efcbf95d-53a8-420a-8f42-7c360453cd2d","Masters, M.T., New garden plants. Nepenthes lanata [& N. spp.] in Gard. Chron. n.s. 17. 1882","246","0","","1","0"
"49393410-0267-4768-b2a7-dee172638e6c","a245793a-a70f-4fcf-a626-dd4aa6d2aa1c","Caryophyllales.org","8874d934-39b0-4727-9324-e6ba8ee7d3e6","79b1f27b-a863-4bfd-96b9-fced65e851ec","17ffcbc7-7f80-42cd-a95e-25d0289c9f71","IPNI, Name Records. 1999+","235","0","","1","0"
"7e1deccf-4de2-4fed-b5c5-418ea8c20704","a245793a-a70f-4fcf-a626-dd4aa6d2aa1c","Caryophyllales.org","ac6ecb5b-48d4-4ea5-94de-767cac647f2b","079c8693-15e4-441b-acd0-cb0c07a060a8","206add8c-3eae-4d9c-872c-e15409d2a3d9","Cheek, M.R. & Jebb, M.H.P., Flora Malesiana - Nepenthaceae, Series I, Volume 15. 2001","47","0","","1","0"
"e8ea515f-5856-42b3-94d4-cb64f47d2202","a245793a-a70f-4fcf-a626-dd4aa6d2aa1c","Caryophyllales.org","14c54bb3-e383-4311-8b51-7ae4b9acdd20","079c8693-15e4-441b-acd0-cb0c07a060a8","d4ab33ae-b799-4cda-a6fc-9bf1bccc19db","Catalano, M., Nepenthes della Thailandia: diario di viaggio. 2010","14","0","","1","0"
"15ffbb90-e1a5-4972-b892-5239e95a18b9","a245793a-a70f-4fcf-a626-dd4aa6d2aa1c","Caryophyllales.org","ad8846a3-7228-49b9-91d6-feb367b7436d","f7dc4038-353a-4832-bf85-1b6c3d8729c0","17ffcbc7-7f80-42cd-a95e-25d0289c9f71","IPNI, Name Records. 1999+","219","1","","1","0"
"966896bd-2913-4936-ba80-1ad2f8fc0bc8","a245793a-a70f-4fcf-a626-dd4aa6d2aa1c","Caryophyllales.org","10b73693-ebd7-47dc-b53d-81c6c43a27d0","079c8693-15e4-441b-acd0-cb0c07a060a8","206add8c-3eae-4d9c-872c-e15409d2a3d9","Cheek, M.R. & Jebb, M.H.P., Flora Malesiana - Nepenthaceae, Series I, Volume 15. 2001","9","0","","1","0"
"26155c63-e1ae-4181-8879-067e2a177891","a245793a-a70f-4fcf-a626-dd4aa6d2aa1c","Caryophyllales.org","c8b56b1c-3146-412b-81a1-ff2190e78099","079c8693-15e4-441b-acd0-cb0c07a060a8","206add8c-3eae-4d9c-872c-e15409d2a3d9","Cheek, M.R. & Jebb, M.H.P., Flora Malesiana - Nepenthaceae, Series I, Volume 15. 2001","67","0","","1","0"
"b90ee945-f7c9-43fa-88a4-f23aa18bbd12","a245793a-a70f-4fcf-a626-dd4aa6d2aa1c","Caryophyllales.org","339a3ea3-ae33-4db9-bf43-3dfa7fd626db","079c8693-15e4-441b-acd0-cb0c07a060a8","206add8c-3eae-4d9c-872c-e15409d2a3d9","Cheek, M.R. & Jebb, M.H.P., Flora Malesiana - Nepenthaceae, Series I, Volume 15. 2001","118","0","","1","0"
"9887a7d3-8b63-4771-ae94-e92e6e149a34","a245793a-a70f-4fcf-a626-dd4aa6d2aa1c","Caryophyllales.org","3bed9c87-aa94-40ce-a2e1-eaed43ea306e","079c8693-15e4-441b-acd0-cb0c07a060a8","3718e938-430f-4e6a-ad0e-2304022330a1","Cheek, M.R., Tandang, D.N. & Pelser, P.B., Nepenthes barcelonae (Nepenthaceae), a new species from Luzon, Philippines in Phytotaxa 222(2): 145-150. 2015","20","0","","1","0"
"66f0fab7-f22c-4e5e-8a6a-c992a1ea6d1e","a245793a-a70f-4fcf-a626-dd4aa6d2aa1c","Caryophyllales.org","3734753e-54f4-4e8d-bef2-36fe7bdad32a","079c8693-15e4-441b-acd0-cb0c07a060a8","58789887-a53c-4d60-91d3-a677ff8b8042","McPherson, S., Carnivorous plants and their habitats 2. 2010","55","0","","1","0"
"454b1b89-db83-4c8f-9cb4-31212595459f","a245793a-a70f-4fcf-a626-dd4aa6d2aa1c","Caryophyllales.org","57ccf298-9e60-4be4-b649-440f845e2640","f7dc4038-353a-4832-bf85-1b6c3d8729c0","17ffcbc7-7f80-42cd-a95e-25d0289c9f71","IPNI, Name Records. 1999+","202","1","","1","0"
"2bcfdcc0-c815-47c0-96ba-49b0dcc8dbba","a245793a-a70f-4fcf-a626-dd4aa6d2aa1c","Caryophyllales.org","a290891e-bd0e-4674-934f-1ce85219762b","079c8693-15e4-441b-acd0-cb0c07a060a8","d01bc99e-d936-4f4b-ba14-428f08e04799","Cheek, M.R. & Jebb, M.H.P., Recircumscription of the Nepenthes alata group (Caryophyllales: Nepenthaceae), in the Philippines, with four new species in European Journal of Taxonomy 69. 2013","38","0","","1","0"
"66dbed76-de46-45d4-959a-9f11093833a8","a245793a-a70f-4fcf-a626-dd4aa6d2aa1c","Caryophyllales.org","ac6cccbd-6e06-44dc-8988-36172a6efffd","079c8693-15e4-441b-acd0-cb0c07a060a8","ba82ed4d-800a-4618-bdf6-20f1e07547ae","Cheek, M.R., Nomen novum Nepenthes in Pl. Carnivora 36(2): 44-45. 2014","162","0","","1","0"
"c9348609-d5f8-4efd-b622-462bc0dc6150","a245793a-a70f-4fcf-a626-dd4aa6d2aa1c","Caryophyllales.org","37831f23-6d6b-43fa-9393-d74722a65e38","079c8693-15e4-441b-acd0-cb0c07a060a8","1a2f62b3-92a0-48f3-91b3-88fff4e12030","Cheek, M.R. & Jebb, M.H.P., Typification and redelimitation of Nepenthes alata with notes on the N. alata group, and N. negros sp. nov. from the Philippines in Nordic Journal of Botany 31(5): 616-622. 2013","121","0","","1","0"
"934a7755-10dc-42d7-bae0-b73257a5038b","a245793a-a70f-4fcf-a626-dd4aa6d2aa1c","Caryophyllales.org","101911bc-d26a-496b-afd7-35a67cea7a24","079c8693-15e4-441b-acd0-cb0c07a060a8","b7c47a9c-31bd-43d2-b119-022a4a34dab3","Nerz, J., Wistuba, A., Zimmermann, U. & al. - Nepenthes undulatifolia, a new pitcher plant from South East Sulawesi in McPherson, S., New Nepenthes 1. 2011","182","0","","1","0"
"f53c2a93-902c-4157-ace4-7147af6685e9","a245793a-a70f-4fcf-a626-dd4aa6d2aa1c","Caryophyllales.org","5566709a-6cbc-4149-9b98-1db7811a6f54","079c8693-15e4-441b-acd0-cb0c07a060a8","f1432afc-5dae-4b2a-a401-6503a5235fb0","Cheek, M.R. & Jebb, M.H.P., Expansion of the Nepenthes alata group Nepenthaceae), Philippines, and descriptions of three new species in Blumea 59: 144-154. 2014","18","0","","1","0"
"f47f4374-f211-412d-9005-b567a644c7f0","a245793a-a70f-4fcf-a626-dd4aa6d2aa1c","Caryophyllales.org","c6008cb6-dc83-41a2-a8fd-712ffd5ab7af","79b1f27b-a863-4bfd-96b9-fced65e851ec","17ffcbc7-7f80-42cd-a95e-25d0289c9f71","IPNI, Name Records. 1999+","234","0","","1","0"
"244bb039-b4a4-405b-8ab3-3ec0ea45947b","a245793a-a70f-4fcf-a626-dd4aa6d2aa1c","Caryophyllales.org","6ae10e98-11bb-48af-a0d0-e55aa2cbccdc","f7dc4038-353a-4832-bf85-1b6c3d8729c0","56239fb8-65c2-4604-94e5-54f8071aa315","Berendsohn, W.G., Compilation of Nepenthes data for the Caryophyllales taxonomic backbone. 2017+","222","1","","1","0"
"b0b48d86-349b-48f2-af44-a52b469a5142","a245793a-a70f-4fcf-a626-dd4aa6d2aa1c","Caryophyllales.org","000627fe-eb39-4c1d-a80d-506abc315540","079c8693-15e4-441b-acd0-cb0c07a060a8","206add8c-3eae-4d9c-872c-e15409d2a3d9","Cheek, M.R. & Jebb, M.H.P., Flora Malesiana - Nepenthaceae, Series I, Volume 15. 2001","126","0","","1","0"
"a2636838-9fec-4ce9-bb13-0e067554190f","a245793a-a70f-4fcf-a626-dd4aa6d2aa1c","Caryophyllales.org","57c154fe-caac-4391-aaa1-3e4ff4330433","079c8693-15e4-441b-acd0-cb0c07a060a8","206add8c-3eae-4d9c-872c-e15409d2a3d9","Cheek, M.R. & Jebb, M.H.P., Flora Malesiana - Nepenthaceae, Series I, Volume 15. 2001","175","0","","1","0"
"b8aeb808-f1cb-492f-b393-725b2cf122d9","a245793a-a70f-4fcf-a626-dd4aa6d2aa1c","Caryophyllales.org","7ba8de66-9078-4a0f-b2be-6428c89f73e1","079c8693-15e4-441b-acd0-cb0c07a060a8","d01bc99e-d936-4f4b-ba14-428f08e04799","Cheek, M.R. & Jebb, M.H.P., Recircumscription of the Nepenthes alata group (Caryophyllales: Nepenthaceae), in the Philippines, with four new species in European Journal of Taxonomy 69. 2013","50","0","","1","0"
"abeb5fad-896e-4f18-b1b7-b3247fd952ef","a245793a-a70f-4fcf-a626-dd4aa6d2aa1c","Caryophyllales.org","1f5baab3-6ed2-4f07-9a96-e37ccc1c2a99","079c8693-15e4-441b-acd0-cb0c07a060a8","d2e84715-51a3-4966-88d2-4f04a4b6ae07","Akhriadi, P., Hernawati & Tamin, R., A new species of Nepenthes (Nepenthaceae) from Sumatra in Reinwardtia 12(2): 141-144. 2004","148","0","","1","0"
"60ef3db3-e8c7-446a-92d4-80a2cbd5e213","a245793a-a70f-4fcf-a626-dd4aa6d2aa1c","Caryophyllales.org","29f13c19-9ea0-424c-bea8-b11928cd2572","079c8693-15e4-441b-acd0-cb0c07a060a8","44ff9635-9004-4f7b-931d-870307752ab4","Cheek, M.R., Jebb, M.H.P., Murphy, B. & al., Nepenthes section Insignes in Indonesia, with two new species in Blumea 62: 174-178. 2018","25","0","","1","0"
"4886eea1-0fc5-48ab-91eb-848b0bca45fe","a245793a-a70f-4fcf-a626-dd4aa6d2aa1c","Caryophyllales.org","95a9afb1-6224-46d4-b983-c2efc4de2e6d","079c8693-15e4-441b-acd0-cb0c07a060a8","206add8c-3eae-4d9c-872c-e15409d2a3d9","Cheek, M.R. & Jebb, M.H.P., Flora Malesiana - Nepenthaceae, Series I, Volume 15. 2001","40","0","","1","0"
"d5c6b5f7-edd9-4c5d-a0b1-55d515b37dd6","a245793a-a70f-4fcf-a626-dd4aa6d2aa1c","Caryophyllales.org","f4520d37-3784-44b6-ad6d-a2cfb219e0dc","79b1f27b-a863-4bfd-96b9-fced65e851ec","17ffcbc7-7f80-42cd-a95e-25d0289c9f71","IPNI, Name Records. 1999+","240","0","","1","0"
"37f99e1b-53fc-4f3c-ad5c-13d605e28ed3","a245793a-a70f-4fcf-a626-dd4aa6d2aa1c","Caryophyllales.org","362e794f-2015-420c-94fd-0549599d26ae","079c8693-15e4-441b-acd0-cb0c07a060a8","8e6ee73d-5d4d-443a-812f-54c443c32b98","Cheek, M.R., Nepenthes robcantleyi sp. nov. (Nepenthaceae) from Mindanao, Philippines in Nordic Journal of Botany 29(6): 677–681. 2012","149","0","","1","0"
"bbeaa2d8-63d8-48be-a7b3-508b05dd20a4","a245793a-a70f-4fcf-a626-dd4aa6d2aa1c","Caryophyllales.org","7cd2b9bc-0016-4911-9a4e-fb0a0ed726cc","079c8693-15e4-441b-acd0-cb0c07a060a8","77f5494d-71a3-40c8-8340-e2149911946c","Scharmann, M. & Grafe, T.U., Reinstatement of Nepenthes hemsleyana (Nepenthaceae), an endemic pitcher plant from Borneo, with a discussion of associated Nepenthes taxa in Blumea 58(1): 8-12. 2013","66","0","","1","0"
"99bb4429-91d2-4668-9f9d-690cafc87d78","a245793a-a70f-4fcf-a626-dd4aa6d2aa1c","Caryophyllales.org","f41b5738-b0a0-4aad-8a93-61a4bc62da65","79b1f27b-a863-4bfd-96b9-fced65e851ec","17ffcbc7-7f80-42cd-a95e-25d0289c9f71","IPNI, Name Records. 1999+","249","0","","1","0"
"95302fe1-a9d3-41db-be0a-2c691b50a9d6","a245793a-a70f-4fcf-a626-dd4aa6d2aa1c","Caryophyllales.org","4f810db7-638c-45d2-89f1-71db5e1dba22","079c8693-15e4-441b-acd0-cb0c07a060a8","7c2ce482-c301-4252-99cc-83f200c66393","Cheek, M.R. & Jebb, M.H.P., Nepenthes samar (Nepenthaceae), a new species from Samar, Philippines in Blumea 58(1): 82-84. 2013","152","0","","1","0"
"f8d993b0-e3b1-40c2-81ef-eba8b5883902","a245793a-a70f-4fcf-a626-dd4aa6d2aa1c","Caryophyllales.org","5eb5898f-48c6-4b6b-952f-87a8f5e6e77b","079c8693-15e4-441b-acd0-cb0c07a060a8","b2fdf10f-89b0-4c36-8d8c-f3b2d88f7e3f","Clarke, C.M., Lee, C.C. & McPherson, S., Nepenthes chaniana (Nepenthaceae), a new species from north-western Borneo in Sabah Parks Nature J. 7: 53-66. 2006","35","0","","1","0"
"b8a38c19-21aa-4d67-a895-d5eccbf8e135","a245793a-a70f-4fcf-a626-dd4aa6d2aa1c","Caryophyllales.org","cd76db92-dcc9-46a7-878f-cf59f10dca9a","079c8693-15e4-441b-acd0-cb0c07a060a8","116e3871-0abf-4869-ac83-229738db5bc9","Gronemeyer, T., Suarez, W., Nuytemans, H. & al., Two new Nepenthes species from the Philippines and an emended description of Nepenthes ramos in Plants (Basel) 5(2) (23): 1-15. 2016","77","0","","1","0"
"aa529d09-e99d-432d-a248-7c0400557116","a245793a-a70f-4fcf-a626-dd4aa6d2aa1c","Caryophyllales.org","2b2909ae-9edd-49d3-884b-03ebb329f9f0","79b1f27b-a863-4bfd-96b9-fced65e851ec","c580d59b-6175-4cc3-ac4c-cb55235c4241","Masters, M.T., Hybrid Nepenthes in Gard. Chron. n.s. 14: 40. 1880","253","0","","1","0"
"a92a4afa-6c4a-40d8-a8c8-538f7b4f67fd","a245793a-a70f-4fcf-a626-dd4aa6d2aa1c","Caryophyllales.org","f231304c-843b-4887-8c6a-e4c299f9544f","079c8693-15e4-441b-acd0-cb0c07a060a8","921b315e-b59f-4d59-8e2f-779055190e64","McPherson, S., Pitcher Plants of the Old World 2. 2009","154","0","","1","0"
"616ee37f-75d3-410c-af94-0da70474ef65","a245793a-a70f-4fcf-a626-dd4aa6d2aa1c","Caryophyllales.org","2bc2b3a1-5bce-4609-b50b-306148e585d9","079c8693-15e4-441b-acd0-cb0c07a060a8","512011c1-11e8-40f3-9363-4e3488fbcabc","McPherson, S., Pitcher Plants of the Old World 1. 2009","111","0","","1","0"
"acd4709c-7484-4616-a658-bfab172f15c4","a245793a-a70f-4fcf-a626-dd4aa6d2aa1c","Caryophyllales.org","b37b4ddc-0ad6-420f-bf34-e1646b383927","79b1f27b-a863-4bfd-96b9-fced65e851ec","17ffcbc7-7f80-42cd-a95e-25d0289c9f71","IPNI, Name Records. 1999+","232","0","","1","0"
"41e0b3e2-9d4e-44ea-aa70-e6c28f65c739","a245793a-a70f-4fcf-a626-dd4aa6d2aa1c","Caryophyllales.org","f2b686d6-250f-4347-aa0f-16ec5d12a763","079c8693-15e4-441b-acd0-cb0c07a060a8","1a2f62b3-92a0-48f3-91b3-88fff4e12030","Cheek, M.R. & Jebb, M.H.P., Typification and redelimitation of Nepenthes alata with notes on the N. alata group, and N. negros sp. nov. from the Philippines in Nordic Journal of Botany 31(5): 616-622. 2013","58","0","","1","0"
"008ec10c-3008-441e-a91d-7d44aae292c9","a245793a-a70f-4fcf-a626-dd4aa6d2aa1c","Caryophyllales.org","12280190-167e-4dfb-be5c-04361f625f0e","079c8693-15e4-441b-acd0-cb0c07a060a8","206add8c-3eae-4d9c-872c-e15409d2a3d9","Cheek, M.R. & Jebb, M.H.P., Flora Malesiana - Nepenthaceae, Series I, Volume 15. 2001","110","0","","1","0"
"490ee7d8-15e9-4046-8441-8c3fd4609ca1","a245793a-a70f-4fcf-a626-dd4aa6d2aa1c","Caryophyllales.org","053cf768-b67a-4ba3-9f3c-0b33e0a00088","99c101b9-8871-4a79-a1ed-b1a248034c44","17ffcbc7-7f80-42cd-a95e-25d0289c9f71","IPNI, Name Records. 1999+","260","0","","1","1"
"dfc836c8-3533-4520-990b-66cab3bdb645","a245793a-a70f-4fcf-a626-dd4aa6d2aa1c","Caryophyllales.org","da987fe2-520b-49d8-b3a5-8324a18b77d6","079c8693-15e4-441b-acd0-cb0c07a060a8","dd55a950-3672-4a9f-9cd2-0b025f576e23","Nerz, J. & Wistuba, A., Five new taxa of Nepenthes (Nepenthaceae) from North and West Sumatra in Carniv. Pl. Newslett. 23(4): 101-114. 1995","167","0","","1","0"
"d674a1a1-6344-4fb9-b24d-f8c92beebd42","a245793a-a70f-4fcf-a626-dd4aa6d2aa1c","Caryophyllales.org","ac7f5e35-94b4-4316-a4c4-5c80d47c9e35","079c8693-15e4-441b-acd0-cb0c07a060a8","5a1191f5-0aa0-464f-88a1-67dec47e9409","Catalano, M., Nepenthes orbiculata, una nuova specie da Phang Nga (Thailandia) in AIPC Magazine 50: 32-43. 2018","125","0","","1","0"
"e251b46d-67fd-44e7-9e3b-f006f6f9f8f4","a245793a-a70f-4fcf-a626-dd4aa6d2aa1c","Caryophyllales.org","906e903c-867c-4665-bf41-9a81eb9c7470","79b1f27b-a863-4bfd-96b9-fced65e851ec","17ffcbc7-7f80-42cd-a95e-25d0289c9f71","IPNI, Name Records. 1999+","242","0","","1","0"
"21ce6679-e2ac-4c5d-94ad-06a9758888e8","a245793a-a70f-4fcf-a626-dd4aa6d2aa1c","Caryophyllales.org","14a2bd42-8ce9-4882-8db2-6fcce19d577b","fbc28372-1025-4067-87a9-c864ce29584f","56239fb8-65c2-4604-94e5-54f8071aa315","Berendsohn, W.G., Compilation of Nepenthes data for the Caryophyllales taxonomic backbone. 2017+","223","0","","1","0"
"5d37e489-a7d8-4a6e-9f93-1df704a88b01","a245793a-a70f-4fcf-a626-dd4aa6d2aa1c","Caryophyllales.org","709bb330-c0bb-42c0-8a2a-345e5844904f","079c8693-15e4-441b-acd0-cb0c07a060a8","206add8c-3eae-4d9c-872c-e15409d2a3d9","Cheek, M.R. & Jebb, M.H.P., Flora Malesiana - Nepenthaceae, Series I, Volume 15. 2001","135","0","","1","0"
"3531ac7c-5d81-4c1f-b559-ade08d8a40cf","a245793a-a70f-4fcf-a626-dd4aa6d2aa1c","Caryophyllales.org","b3555ec9-8624-437c-ac99-67c85ca6aa70","079c8693-15e4-441b-acd0-cb0c07a060a8","206add8c-3eae-4d9c-872c-e15409d2a3d9","Cheek, M.R. & Jebb, M.H.P., Flora Malesiana - Nepenthaceae, Series I, Volume 15. 2001","124","0","","1","0"
"f1e7d2a9-1f4b-4893-9d69-f224914a73df","a245793a-a70f-4fcf-a626-dd4aa6d2aa1c","Caryophyllales.org","a3028d90-8c6c-4818-b7fa-ca2426e3e5a9","079c8693-15e4-441b-acd0-cb0c07a060a8","206add8c-3eae-4d9c-872c-e15409d2a3d9","Cheek, M.R. & Jebb, M.H.P., Flora Malesiana - Nepenthaceae, Series I, Volume 15. 2001","51","0","","1","0"
"30a53619-0035-4396-9115-c767f5748b33","a245793a-a70f-4fcf-a626-dd4aa6d2aa1c","Caryophyllales.org","dc8e5359-f599-4cd7-aa18-0b83ac8841d4","079c8693-15e4-441b-acd0-cb0c07a060a8","f1432afc-5dae-4b2a-a401-6503a5235fb0","Cheek, M.R. & Jebb, M.H.P., Expansion of the Nepenthes alata group Nepenthaceae), Philippines, and descriptions of three new species in Blumea 59: 144-154. 2014","86","0","","1","0"
"4d93e4db-8d6c-4e3c-80f1-368bd489874c","a245793a-a70f-4fcf-a626-dd4aa6d2aa1c","Caryophyllales.org","582ffa13-1a49-4137-bfa8-9ff84dcd73d9","f7dc4038-353a-4832-bf85-1b6c3d8729c0","56239fb8-65c2-4604-94e5-54f8071aa315","Berendsohn, W.G., Compilation of Nepenthes data for the Caryophyllales taxonomic backbone. 2017+","206","1","","1","0"
"a7c45ac2-1c46-4269-9ed0-14ef10d3bcdd","a245793a-a70f-4fcf-a626-dd4aa6d2aa1c","Caryophyllales.org","fb3c42a3-8fc7-4dae-972c-1ff104b29c2f","079c8693-15e4-441b-acd0-cb0c07a060a8","141bc18d-32a2-4474-89f5-3c8e0acf7e37","Cheek, M.R. & Jebb, M.H.P., Nepenthes alzapan (Nepenthaceae), a new species from Luzon, Philippines in Phytotaxa 100(1): 57-60. 2013","12","0","","1","0"
"7cf2b0dc-641f-4a59-9548-1148f3a2830e","a245793a-a70f-4fcf-a626-dd4aa6d2aa1c","Caryophyllales.org","e03952d5-a03a-450f-b5b8-eabdc4e35bb1","079c8693-15e4-441b-acd0-cb0c07a060a8","206add8c-3eae-4d9c-872c-e15409d2a3d9","Cheek, M.R. & Jebb, M.H.P., Flora Malesiana - Nepenthaceae, Series I, Volume 15. 2001","160","0","","1","0"
"5c6f0c1a-4a36-4573-89d4-fbdb9f89e0fa","a245793a-a70f-4fcf-a626-dd4aa6d2aa1c","Caryophyllales.org","5f57da73-dba7-4a9c-9491-ad77cfd38724","079c8693-15e4-441b-acd0-cb0c07a060a8","206add8c-3eae-4d9c-872c-e15409d2a3d9","Cheek, M.R. & Jebb, M.H.P., Flora Malesiana - Nepenthaceae, Series I, Volume 15. 2001","94","0","","1","0"
"fb80ab1a-f835-46cb-9247-b357b9dc65f9","a245793a-a70f-4fcf-a626-dd4aa6d2aa1c","Caryophyllales.org","4b41c541-40e6-4eb3-88fd-d660d810c7e5","079c8693-15e4-441b-acd0-cb0c07a060a8","206add8c-3eae-4d9c-872c-e15409d2a3d9","Cheek, M.R. & Jebb, M.H.P., Flora Malesiana - Nepenthaceae, Series I, Volume 15. 2001","65","0","","1","0"
"2cf267ed-66d4-43a8-a98b-826a30872f21","a245793a-a70f-4fcf-a626-dd4aa6d2aa1c","Caryophyllales.org","b059a129-1941-4e92-935f-7181c422c8c9","079c8693-15e4-441b-acd0-cb0c07a060a8","206add8c-3eae-4d9c-872c-e15409d2a3d9","Cheek, M.R. & Jebb, M.H.P., Flora Malesiana - Nepenthaceae, Series I, Volume 15. 2001","13","0","","1","0"
"2365f166-3943-400f-a157-10d113df55f1","a245793a-a70f-4fcf-a626-dd4aa6d2aa1c","Caryophyllales.org","3d8df2df-d959-429f-8db2-97b9b6cf9023","079c8693-15e4-441b-acd0-cb0c07a060a8","206add8c-3eae-4d9c-872c-e15409d2a3d9","Cheek, M.R. & Jebb, M.H.P., Flora Malesiana - Nepenthaceae, Series I, Volume 15. 2001","157","0","","1","0"
"60a4c166-f77f-4b86-84fd-889a56830e93","a245793a-a70f-4fcf-a626-dd4aa6d2aa1c","Caryophyllales.org","c1b4abb2-9bf9-4a69-9342-d3db8a117d66","079c8693-15e4-441b-acd0-cb0c07a060a8","32f4a0d0-e5c4-42fc-98d0-e024c2ac3605","Cheek, M.R. & Jebb, M.H.P., Nepenthes ramos (Nepenthaceae), a new species from Mindanao, Philippines in Willdenowia 43(1): 107-111. 2013","145","0","","1","0"
"07f78462-29fd-453d-ab06-2cfddf2558d7","a245793a-a70f-4fcf-a626-dd4aa6d2aa1c","Caryophyllales.org","9432aceb-5fad-4b60-a862-80a6ac65edcc","f7dc4038-353a-4832-bf85-1b6c3d8729c0","206add8c-3eae-4d9c-872c-e15409d2a3d9","Cheek, M.R. & Jebb, M.H.P., Flora Malesiana - Nepenthaceae, Series I, Volume 15. 2001","214","1","","1","0"
"00735a9e-8c74-45e8-8af2-e7726af9e993","a245793a-a70f-4fcf-a626-dd4aa6d2aa1c","Caryophyllales.org","027af70b-2759-4408-bb5e-13bcd5b86982","079c8693-15e4-441b-acd0-cb0c07a060a8","bbed18c1-71c5-42d1-b280-03db6f67da99","Gronemeyer, T., Coritico, F., Micheler, M. & al. - Nepenthes ceciliae, a new pitcher plant from Mount Kiamo, Mindanao in McPherson, S., New Nepenthes 1. 2011","33","0","","1","0"
"e2046dff-165c-40de-b58a-621abcafa811","a245793a-a70f-4fcf-a626-dd4aa6d2aa1c","Caryophyllales.org","f21284c2-d2a4-4bc3-83b6-05c1917b2d51","079c8693-15e4-441b-acd0-cb0c07a060a8","e4f46c3a-9344-4064-a81e-ec1724acc5cd","Cheek, M.R. & Jebb, M.H.P., Nepenthes group Montanae (Nepenthaceae) in Indo-China, with N. thai and N. bokor described as new in Kew Bull. 64(2): 319-325. 2009","173","0","","1","0"
"53d8bdee-f688-4c98-a90a-ef794bc23845","a245793a-a70f-4fcf-a626-dd4aa6d2aa1c","Caryophyllales.org","2b6a3acb-1bdb-440e-9b42-2583cdd2d6e2","079c8693-15e4-441b-acd0-cb0c07a060a8","206add8c-3eae-4d9c-872c-e15409d2a3d9","Cheek, M.R. & Jebb, M.H.P., Flora Malesiana - Nepenthaceae, Series I, Volume 15. 2001","60","0","","1","0"
"da7c2710-f641-4bc3-8d8b-a481328fa79d","a245793a-a70f-4fcf-a626-dd4aa6d2aa1c","Caryophyllales.org","a91703b6-a2fd-4cd8-816b-9365d99f0e67","079c8693-15e4-441b-acd0-cb0c07a060a8","14fa104a-5c27-4bc5-b827-8a5d0f5d20c9","McPherson, S., New Nepenthes 1. 2011","69","0","","1","0"
"7fd7a845-a58f-442b-b307-bb9026be3efa","a245793a-a70f-4fcf-a626-dd4aa6d2aa1c","Caryophyllales.org","bf3d940c-c897-4817-85e1-852bdcd162c3","079c8693-15e4-441b-acd0-cb0c07a060a8","206add8c-3eae-4d9c-872c-e15409d2a3d9","Cheek, M.R. & Jebb, M.H.P., Flora Malesiana - Nepenthaceae, Series I, Volume 15. 2001","156","0","","1","0"
"99c101b9-8871-4a79-a1ed-b1a248034c44","a245793a-a70f-4fcf-a626-dd4aa6d2aa1c","Caryophyllales.org","b87f1563-d0ca-4e3b-8722-b3e6a9e7abb3","fbc28372-1025-4067-87a9-c864ce29584f","56239fb8-65c2-4604-94e5-54f8071aa315","Berendsohn, W.G., Compilation of Nepenthes data for the Caryophyllales taxonomic backbone. 2017+","257","0","","1","0"
"02732c7c-8280-4368-ab76-bd4234d2c19a","a245793a-a70f-4fcf-a626-dd4aa6d2aa1c","Caryophyllales.org","84d9fe28-0a2c-4e34-81a8-d399734a41c0","079c8693-15e4-441b-acd0-cb0c07a060a8","7464e054-b028-4fce-a8b2-112e8a8de072","Heinrich, V.B., McPherson, S., Gronemeyer, T. & al. - Nepenthes micramphora (Nepenthaceae), a new species of Nepenthes L. from southern Mindanao, Philippines in McPherson, S., Pitcher Plants of the Old World 2. 2009","106","0","","1","0"
"66bbe4d2-204d-44df-959e-0752605bc1ee","a245793a-a70f-4fcf-a626-dd4aa6d2aa1c","Caryophyllales.org","814cfc04-46aa-43b4-95e4-3f79c3d25c90","079c8693-15e4-441b-acd0-cb0c07a060a8","e0262a51-8d76-4e77-945a-cffbf28adb2c","Batoro, J. & Wartono, A., Review status the Nepenthes (Nepenthaceae) from Java Indonesia in Indian Jorunal of Plant Sciences 6(1): 12-16. 2017","6","0","","1","0"
"e4a5e85b-a7f5-4771-a6c4-f050275a7c31","a245793a-a70f-4fcf-a626-dd4aa6d2aa1c","Caryophyllales.org","685cee5b-468a-4da2-8fe6-170482bf768a","f7dc4038-353a-4832-bf85-1b6c3d8729c0","17ffcbc7-7f80-42cd-a95e-25d0289c9f71","IPNI, Name Records. 1999+","208","1","","1","0"
"f8ae43e4-a639-4441-a525-58ea0ab36476","a245793a-a70f-4fcf-a626-dd4aa6d2aa1c","Caryophyllales.org","809826e2-d097-4856-8129-3a0079804828","079c8693-15e4-441b-acd0-cb0c07a060a8","206add8c-3eae-4d9c-872c-e15409d2a3d9","Cheek, M.R. & Jebb, M.H.P., Flora Malesiana - Nepenthaceae, Series I, Volume 15. 2001","171","0","","1","0"
"30800db7-0923-4332-a700-323f8a6d8dd9","a245793a-a70f-4fcf-a626-dd4aa6d2aa1c","Caryophyllales.org","d37e7775-02cd-46e5-9bf8-3d679a255a34","079c8693-15e4-441b-acd0-cb0c07a060a8","206add8c-3eae-4d9c-872c-e15409d2a3d9","Cheek, M.R. & Jebb, M.H.P., Flora Malesiana - Nepenthaceae, Series I, Volume 15. 2001","49","0","","1","0"
"9c9ca7fc-ecbc-4727-a181-881917acead2","a245793a-a70f-4fcf-a626-dd4aa6d2aa1c","Caryophyllales.org","40481152-f5ac-4400-af21-85dd4cdd833d","079c8693-15e4-441b-acd0-cb0c07a060a8","1ce3e2f1-0980-49ce-90e4-5252d34808f9","Amoroso, V.B., Lagunday, N. E., Coritico, F. & al., Nepenthes alfredoi (Caryophyllales, Nepenthaceae), a new species of pitcher plant from Mindanao, Philippines in Philippine Journal of Systematic Biology 11(2): 14-19. 2017","10","0","","1","0"
"558c9af0-d0bd-4a20-8d9f-8b2319051e02","a245793a-a70f-4fcf-a626-dd4aa6d2aa1c","Caryophyllales.org","eef0d445-fb5c-4202-b0fa-91dd137d362b","079c8693-15e4-441b-acd0-cb0c07a060a8","0e39c866-9bd5-48c1-9662-a77200f70648","Kurata, S., [Two new species of Nepenthes from Sumatra (Indonesia) and Mindanao (Philippines).] in J. Insectiv. Pl. Soc. 52(2): 30-34. 2001","108","0","","1","0"
"fbc28372-1025-4067-87a9-c864ce29584f","a245793a-a70f-4fcf-a626-dd4aa6d2aa1c","Caryophyllales.org","3a25501a-7ad7-407c-8062-85f13f1f83bc","","5c95d8dd-b5da-42ea-a8af-998c6096d0f3","Angiosperm Phylogeny Group, An update of the Angiosperm Phylogeny Group classification for the orders and families of flowering plants: APG IV in Bot. J. Linn. Soc. 181(1): 1-20. 2016","1","0","","1","0"
"8e38447d-3278-4ce0-b5c7-92dac7711bc1","a245793a-a70f-4fcf-a626-dd4aa6d2aa1c","Caryophyllales.org","0dba63ef-e60d-4817-ab1c-d344b11f4ccc","079c8693-15e4-441b-acd0-cb0c07a060a8","206add8c-3eae-4d9c-872c-e15409d2a3d9","Cheek, M.R. & Jebb, M.H.P., Flora Malesiana - Nepenthaceae, Series I, Volume 15. 2001","26","0","","1","0"
"483f1890-8faa-4e52-993f-ec6835d54fa5","a245793a-a70f-4fcf-a626-dd4aa6d2aa1c","Caryophyllales.org","ebbfa06f-f027-4729-b068-ef8c0204b87c","079c8693-15e4-441b-acd0-cb0c07a060a8","921b315e-b59f-4d59-8e2f-779055190e64","McPherson, S., Pitcher Plants of the Old World 2. 2009","133","0","","1","0"
"8c084382-558d-4a06-8d6d-64c4b4d93cc6","a245793a-a70f-4fcf-a626-dd4aa6d2aa1c","Caryophyllales.org","1c05740e-a27e-4c8c-b9a1-5f4782514406","079c8693-15e4-441b-acd0-cb0c07a060a8","11e2fd7c-c387-4591-aebe-87e8dba7eae8","Robinson, A.S., Nerz, J., Wistuba, A. & al. - Nepenthes lamii Jebb & Cheek, an emended description resulting from the separation of a two-species complex, and the introduction of Nepenthes monticola, a new species of highland pitcher plant from New Guinea in McPherson, S., New Nepenthes 1. 2011","87","0","","1","0"
"687a529d-ae7b-4963-923a-13dddf4f8fe8","a245793a-a70f-4fcf-a626-dd4aa6d2aa1c","Caryophyllales.org","a2217e00-54df-4f16-aa14-9d16d93c6e1b","079c8693-15e4-441b-acd0-cb0c07a060a8","4610f56a-fbf5-49eb-a334-2ef30318e2d0","Clarke, C.M., Nepenthes of Sumatra and Peninsular Malaysia. 2001","92","0","","1","0"
"52fd6a7a-eb6d-4dab-9424-773b2870bd80","a245793a-a70f-4fcf-a626-dd4aa6d2aa1c","Caryophyllales.org","e9d3e96d-5779-41d6-8c37-fc30ab11d486","079c8693-15e4-441b-acd0-cb0c07a060a8","dbe85af3-fc34-466e-a032-8283fb1e4539","Mey, F.S., Introduction to the pitcher plants (Nepenthes) of Cambodia in Cambodian Journal of Natural History 2010(2): 106-117. 2010","78","0","","1","0"
"41e6ea0e-df56-4aea-b6bd-d25735e80a96","a245793a-a70f-4fcf-a626-dd4aa6d2aa1c","Caryophyllales.org","edbc78b3-0cb9-4276-9dcf-ead8cf19236e","f7dc4038-353a-4832-bf85-1b6c3d8729c0","17ffcbc7-7f80-42cd-a95e-25d0289c9f71","IPNI, Name Records. 1999+","192","1","","1","0"
"3278c52f-b418-4b23-9d59-053ad35b96e8","a245793a-a70f-4fcf-a626-dd4aa6d2aa1c","Caryophyllales.org","729a67e9-6213-42ac-a9cb-bba088f1b68a","79b1f27b-a863-4bfd-96b9-fced65e851ec","2d3c856c-e170-405c-8ddc-ef1565a2812f","Veitch, H. J., Novelties for 1875 in Gard. Chron. n.s. 3: 551. 1875","238","0","","1","0"
"98123492-ac45-414a-84c1-0967f326f1e8","a245793a-a70f-4fcf-a626-dd4aa6d2aa1c","Caryophyllales.org","6f44745f-dbc2-4dd6-8913-06d34568035d","f7dc4038-353a-4832-bf85-1b6c3d8729c0","56239fb8-65c2-4604-94e5-54f8071aa315","Berendsohn, W.G., Compilation of Nepenthes data for the Caryophyllales taxonomic backbone. 2017+","200","1","","1","0"
"cc0811a6-3ac4-40d2-b7f7-4bb63158cfec","a245793a-a70f-4fcf-a626-dd4aa6d2aa1c","Caryophyllales.org","d5298584-7d0f-4638-b6bc-b3111ad88475","079c8693-15e4-441b-acd0-cb0c07a060a8","d4ab33ae-b799-4cda-a6fc-9bf1bccc19db","Catalano, M., Nepenthes della Thailandia: diario di viaggio. 2010","164","0","","1","0"
"e6814ac5-1b5e-4606-a852-e4668dcdd9e9","a245793a-a70f-4fcf-a626-dd4aa6d2aa1c","Caryophyllales.org","c646e380-6699-4fa2-b4a0-01f2ec79c8d0","079c8693-15e4-441b-acd0-cb0c07a060a8","2416defd-d3ec-4c83-bf4f-ff5c4da62c47","Lee, C.C., Hernawati & Akhriadi,  Two new species of Nepenthes (Nepenthaceae) from North Sumatra in Blumea 51(3): 561-568. 2006","76","0","","1","0"
"704146c8-78f2-4bad-a110-0eb23330eb76","a245793a-a70f-4fcf-a626-dd4aa6d2aa1c","Caryophyllales.org","2c82ef2a-fcb6-4cdc-a27d-edb1ba4274d2","079c8693-15e4-441b-acd0-cb0c07a060a8","f0a8c983-fdae-43c0-8581-6907cddc5f50","Lee, C.C., Nepenthes in Sarawak Mus. J. 59(80) Special Issue 6: 171-177. 2004","21","0","","1","0"
"36e53ded-9cfe-4f5d-9a0b-b40cd762b746","a245793a-a70f-4fcf-a626-dd4aa6d2aa1c","Caryophyllales.org","759bf2c0-1c53-47d2-b34f-fbaee0bf8be8","21ce6679-e2ac-4c5d-94ad-06a9758888e8","","","228","1","Excluded original spelling for Nepenthes gracilis var. longinodis Beck (species epithet omitted)","1","0"
"74b635d2-afea-40e1-bfdc-a9bf96bb06a5","a245793a-a70f-4fcf-a626-dd4aa6d2aa1c","Caryophyllales.org","580978d1-044d-4855-842c-bcd0567b17c6","079c8693-15e4-441b-acd0-cb0c07a060a8","14fa104a-5c27-4bc5-b827-8a5d0f5d20c9","McPherson, S., New Nepenthes 1. 2011","123","0","","1","0"
"63a62be1-aaa7-4e54-ba9c-22791eb46a5a","a245793a-a70f-4fcf-a626-dd4aa6d2aa1c","Caryophyllales.org","51d30371-f74e-4c38-afa5-eb6ad627eff9","079c8693-15e4-441b-acd0-cb0c07a060a8","206add8c-3eae-4d9c-872c-e15409d2a3d9","Cheek, M.R. & Jebb, M.H.P., Flora Malesiana - Nepenthaceae, Series I, Volume 15. 2001","23","0","","1","0"
"d459406c-2d57-4108-967a-dc7f16557b0e","a245793a-a70f-4fcf-a626-dd4aa6d2aa1c","Caryophyllales.org","de618999-8a0d-4d3e-8eeb-b52f87a2c17b","079c8693-15e4-441b-acd0-cb0c07a060a8","206add8c-3eae-4d9c-872c-e15409d2a3d9","Cheek, M.R. & Jebb, M.H.P., Flora Malesiana - Nepenthaceae, Series I, Volume 15. 2001","176","0","","1","0"
"cc82138c-5ee2-4332-9aa9-a09c637a0a7f","a245793a-a70f-4fcf-a626-dd4aa6d2aa1c","Caryophyllales.org","53d9da12-b142-439f-a707-af4b8ffb8e96","079c8693-15e4-441b-acd0-cb0c07a060a8","f1432afc-5dae-4b2a-a401-6503a5235fb0","Cheek, M.R. & Jebb, M.H.P., Expansion of the Nepenthes alata group Nepenthaceae), Philippines, and descriptions of three new species in Blumea 59: 144-154. 2014","190","0","","1","0"
"f517e821-b8a3-49ec-bb69-8b18a6925da7","a245793a-a70f-4fcf-a626-dd4aa6d2aa1c","Caryophyllales.org","9657ca44-615d-44b6-be27-14feaabd52e8","079c8693-15e4-441b-acd0-cb0c07a060a8","1d0597bf-1007-4577-bc1b-22b81a36a791","Nuanlaong, S., Onsanit, S., Chusangrach, V. & al., A new species of Nepenthes (Nepenthaceae) from Thailand in Thai Forest Bull., Bot. 44(2): 128-133. 2016","85","0","","1","0"
"61f2f29a-ba8e-43f9-aece-5d2cf9fd3d08","a245793a-a70f-4fcf-a626-dd4aa6d2aa1c","Caryophyllales.org","7695f683-230a-467a-a03d-78ab8d82185e","79b1f27b-a863-4bfd-96b9-fced65e851ec","17ffcbc7-7f80-42cd-a95e-25d0289c9f71","IPNI, Name Records. 1999+","241","0","","1","0"
"9441d29a-52c0-44c6-902b-20df89af9155","a245793a-a70f-4fcf-a626-dd4aa6d2aa1c","Caryophyllales.org","0ebe0a90-1901-4199-9518-63b28a0d924a","079c8693-15e4-441b-acd0-cb0c07a060a8","19f67c39-153c-45ea-a866-fbec4d7c919d","Mansell, G. & Suarez, W., Nepenthes nebularum, a new species from Mindanao, Philippines in Carniv. Pl. Newslett. 45(4): 132-139. 2016","120","0","","1","0"
